OrderDetailID,OrderID,ProductID,Quantity,UnitPrice,DiscountPct,SalesAmount,Profit
OD000001,O00001,P0014,4,10018,15,34061.2,12649.2
OD000002,O00001,P0063,3,5568,5,15868.8,6532.8
OD000003,O00002,P0030,1,10331,5,9814.45,3909.45
OD000004,O00002,P0027,4,4363,10,15706.8,2006.8
OD000005,O00003,P0040,2,6601,5,12541.9,4543.9
OD000006,O00004,P0033,4,5694,10,20498.4,2642.4
OD000007,O00004,P0001,3,8847,20,21232.8,6712.8
OD000008,O00005,P0061,2,6727,20,10763.2,1539.2
OD000009,O00005,P0008,3,9277,15,23656.35,4423.35
OD000010,O00005,P0041,3,8569,10,23136.3,8721.3
OD000011,O00006,P0007,1,9936,15,8445.6,2252.6
OD000012,O00007,P0006,1,5410,5,5139.5,1821.5
OD000013,O00007,P0060,2,3201,20,5121.6,2093.6
OD000014,O00007,P0038,1,5709,15,4852.65,1853.65
OD000015,O00007,P0068,4,375,20,1200.0,0.0
OD000016,O00008,P0055,1,3114,10,2802.6,559.6
OD000017,O00008,P0063,3,5568,15,14198.4,4862.4
OD000018,O00008,P0048,3,3582,15,9134.1,3245.1
OD000019,O00009,P0001,1,8847,10,7962.3,3122.3
OD000020,O00009,P0073,4,3981,0,15924.0,6324.0
OD000021,O00010,P0006,2,5410,20,8656.0,2020.0
OD000022,O00010,P0015,3,6239,10,16845.3,3465.3
OD000023,O00011,P0043,3,3251,15,8290.05,175.05
OD000024,O00011,P0011,2,7617,5,14472.3,4530.3
OD000025,O00011,P0057,4,4846,10,17445.6,6029.6
OD000026,O00011,P0068,4,375,5,1425.0,225.0
OD000027,O00012,P0079,1,11587,0,11587.0,6154.0
OD000028,O00012,P0072,2,10954,15,18621.8,8243.8
OD000029,O00012,P0023,1,12189,10,10970.1,5376.1
OD000030,O00012,P0062,1,6552,5,6224.4,2398.4
OD000031,O00013,P0009,4,4834,20,15468.8,2452.8
OD000032,O00013,P0033,1,5694,5,5409.3,945.3
OD000033,O00013,P0018,3,8947,0,26841.0,8658.0
OD000034,O00014,P0053,4,500,10,1800.0,872.0
OD000035,O00015,P0043,1,3251,15,2763.35,58.35
OD000036,O00015,P0023,1,12189,10,10970.1,5376.1
OD000037,O00016,P0065,4,1750,5,6650.0,1794.0
OD000038,O00016,P0006,2,5410,20,8656.0,2020.0
OD000039,O00017,P0055,3,3114,15,7940.7,1211.7
OD000040,O00017,P0078,4,2727,20,8726.4,1834.4
OD000041,O00017,P0023,1,12189,15,10360.65,4766.65
OD000042,O00017,P0076,1,7205,10,6484.5,1901.5
OD000043,O00018,P0033,1,5694,15,4839.9,375.9
OD000044,O00018,P0076,4,7205,15,24497.0,6165.0
OD000045,O00019,P0048,2,3582,5,6805.8,2879.8
OD000046,O00019,P0043,4,3251,0,13004.0,2184.0
OD000047,O00019,P0029,3,8916,5,25410.6,7194.6
OD000048,O00020,P0075,3,2498,10,6744.6,2742.6
OD000049,O00020,P0071,2,8287,25,12430.5,1160.5
OD000050,O00020,P0042,4,8402,10,30247.2,7399.2
OD000051,O00020,P0053,4,500,10,1800.0,872.0
OD000052,O00021,P0039,3,7839,25,17637.75,1428.75
OD000053,O00022,P0043,1,3251,10,2925.9,220.9
OD000054,O00022,P0062,2,6552,5,12448.8,4796.8
OD000055,O00022,P0039,2,7839,15,13326.3,2520.3
OD000056,O00022,P0006,2,5410,10,9738.0,3102.0
OD000057,O00023,P0034,3,8273,25,18614.25,-954.75
OD000058,O00024,P0075,1,2498,5,2373.1,1039.1
OD000059,O00024,P0044,3,1630,5,4645.5,931.5
OD000060,O00025,P0039,1,7839,10,7055.1,1652.1
OD000061,O00025,P0008,1,9277,20,7421.6,1010.6
OD000062,O00025,P0054,4,7011,25,21033.0,6469.0
OD000063,O00026,P0018,1,8947,5,8499.65,2438.65
OD000064,O00026,P0043,4,3251,15,11053.4,233.4
OD000065,O00026,P0019,2,6155,5,11694.5,5872.5
OD000066,O00027,P0023,4,12189,5,46318.2,23942.2
OD000067,O00027,P0078,1,2727,10,2454.3,731.3
OD000068,O00028,P0075,1,2498,20,1998.4,664.4
OD000069,O00028,P0067,2,3128,5,5943.2,1471.2
OD000070,O00029,P0034,2,8273,10,14891.4,1845.4
OD000071,O00030,P0063,4,5568,5,21158.4,8710.4
OD000072,O00030,P0048,4,3582,15,12178.8,4326.8
OD000073,O00031,P0032,3,11145,0,33435.0,14811.0
OD000074,O00032,P0046,2,10496,10,18892.8,9078.8
OD000075,O00032,P0065,4,1750,10,6300.0,1444.0
OD000076,O00033,P0073,2,3981,5,7563.9,2763.9
OD000077,O00033,P0033,3,5694,15,14519.7,1127.7
OD000078,O00033,P0009,2,4834,10,8701.2,2193.2
OD000079,O00033,P0049,4,4908,20,15705.6,5261.6
OD000080,O00034,P0055,1,3114,15,2646.9,403.9
OD000081,O00034,P0044,1,1630,15,1385.5,147.5
OD000082,O00035,P0006,2,5410,0,10820.0,4184.0
OD000083,O00035,P0071,2,8287,10,14916.6,3646.6
OD000084,O00035,P0066,3,3382,10,9131.4,1904.4
OD000085,O00035,P0003,2,319,5,606.1,82.1
OD000086,O00036,P0075,3,2498,20,5995.2,1993.2
OD000087,O00036,P0008,4,9277,20,29686.4,4042.4
OD000088,O00036,P0068,1,375,5,356.25,56.25
OD000089,O00036,P0039,2,7839,10,14110.2,3304.2
OD000090,O00037,P0066,2,3382,10,6087.6,1269.6
OD000091,O00038,P0017,3,10962,15,27953.1,12938.1
OD000092,O00038,P0021,3,12927,10,34902.9,17088.9
OD000093,O00038,P0040,1,6601,20,5280.8,1281.8
OD000094,O00038,P0037,1,4495,10,4045.5,1481.5
OD000095,O00039,P0023,2,12189,10,21940.2,10752.2
OD000096,O00040,P0063,1,5568,5,5289.6,2177.6
OD000097,O00040,P0026,1,9610,5,9129.5,2915.5
OD000098,O00041,P0017,1,10962,15,9317.7,4312.7
OD000099,O00042,P0003,1,319,0,319.0,57.0
OD000100,O00042,P0070,3,9093,20,21823.2,4291.2
OD000101,O00043,P0046,4,10496,0,41984.0,22356.0
OD000102,O00043,P0018,1,8947,10,8052.3,1991.3
OD000103,O00043,P0050,4,791,25,2373.0,641.0
OD000104,O00043,P0030,1,10331,5,9814.45,3909.45
OD000105,O00044,P0054,1,7011,10,6309.9,2668.9
OD000106,O00045,P0076,3,7205,20,17292.0,3543.0
OD000107,O00045,P0010,4,6288,5,23894.4,7490.4
OD000108,O00045,P0062,4,6552,15,22276.8,6972.8
OD000109,O00046,P0044,3,1630,5,4645.5,931.5
OD000110,O00046,P0059,1,7607,5,7226.65,3586.65
OD000111,O00046,P0006,2,5410,20,8656.0,2020.0
OD000112,O00046,P0015,4,6239,0,24956.0,7116.0
OD000113,O00047,P0007,3,9936,15,25336.8,6757.8
OD000114,O00048,P0027,1,4363,10,3926.7,501.7
OD000115,O00048,P0064,1,6997,15,5947.45,1941.45
OD000116,O00049,P0053,2,500,15,850.0,386.0
OD000117,O00049,P0012,2,2280,5,4332.0,1086.0
OD000118,O00050,P0065,2,1750,20,2800.0,372.0
OD000119,O00050,P0007,2,9936,10,17884.8,5498.8
OD000120,O00051,P0055,3,3114,0,9342.0,2613.0
OD000121,O00051,P0058,3,3214,5,9159.9,3255.9
OD000122,O00051,P0025,3,6585,5,18767.25,7682.25
OD000123,O00051,P0071,2,8287,5,15745.3,4475.3
OD000124,O00052,P0020,1,1983,20,1586.4,21.4
OD000125,O00052,P0050,3,791,0,2373.0,1074.0
OD000126,O00052,P0049,2,4908,20,7852.8,2630.8
OD000127,O00053,P0041,4,8569,20,27420.8,8200.8
OD000128,O00053,P0042,4,8402,10,30247.2,7399.2
OD000129,O00054,P0067,2,3128,5,5943.2,1471.2
OD000130,O00055,P0008,1,9277,10,8349.3,1938.3
OD000131,O00055,P0075,3,2498,10,6744.6,2742.6
OD000132,O00056,P0053,4,500,10,1800.0,872.0
OD000133,O00056,P0071,1,8287,0,8287.0,2652.0
OD000134,O00057,P0025,1,6585,20,5268.0,1573.0
OD000135,O00057,P0054,3,7011,5,19981.35,9058.35
OD000136,O00057,P0035,1,3553,10,3197.7,447.7
OD000137,O00057,P0074,3,4472,15,11403.6,1923.6
OD000138,O00058,P0025,4,6585,5,25023.0,10243.0
OD000139,O00058,P0073,3,3981,0,11943.0,4743.0
OD000140,O00058,P0053,3,500,25,1125.0,429.0
OD000141,O00059,P0045,1,8473,10,7625.7,1371.7
OD000142,O00060,P0008,3,9277,5,26439.45,7206.45
OD000143,O00061,P0018,1,8947,5,8499.65,2438.65
OD000144,O00062,P0046,3,10496,0,31488.0,16767.0
OD000145,O00063,P0064,4,6997,10,25189.2,9165.2
OD000146,O00064,P0066,1,3382,25,2536.5,127.5
OD000147,O00065,P0004,1,3517,0,3517.0,989.0
OD000148,O00065,P0052,4,1682,5,6391.6,2527.6
OD000149,O00065,P0005,2,526,20,841.6,263.6
OD000150,O00066,P0051,1,8105,15,6889.25,2343.25
OD000151,O00066,P0040,4,6601,15,22443.4,6447.4
OD000152,O00066,P0029,2,8916,15,15157.2,3013.2
OD000153,O00066,P0039,2,7839,10,14110.2,3304.2
OD000154,O00067,P0051,3,8105,20,19452.0,5814.0
OD000155,O00067,P0062,2,6552,15,11138.4,3486.4
OD000156,O00067,P0055,1,3114,20,2491.2,248.2
OD000157,O00067,P0030,2,10331,15,17562.7,5752.7
OD000158,O00068,P0069,3,6924,10,18694.8,1579.8
OD000159,O00068,P0042,1,8402,10,7561.8,1849.8
OD000160,O00068,P0057,3,4846,10,13084.2,4522.2
OD000161,O00069,P0006,3,5410,10,14607.0,4653.0
OD000162,O00070,P0018,4,8947,5,33998.6,9754.6
OD000163,O00070,P0024,2,9546,15,16228.2,6376.2
OD000164,O00070,P0009,4,4834,10,17402.4,4386.4
OD000165,O00071,P0019,4,6155,5,23389.0,11745.0
OD000166,O00072,P0030,2,10331,10,18595.8,6785.8
OD000167,O00072,P0061,4,6727,15,22871.8,4423.8
OD000168,O00073,P0068,3,375,5,1068.75,168.75
OD000169,O00073,P0041,2,8569,15,14567.3,4957.3
OD000170,O00073,P0024,4,9546,15,32456.4,12752.4
OD000171,O00074,P0067,3,3128,0,9384.0,2676.0
OD000172,O00074,P0064,4,6997,0,27988.0,11964.0
OD000173,O00074,P0068,3,375,10,1012.5,112.5
OD000174,O00074,P0031,3,14006,5,39917.1,20540.1
OD000175,O00075,P0013,3,1311,15,3343.05,1540.05
OD000176,O00076,P0010,1,6288,10,5659.2,1558.2
OD000177,O00077,P0041,4,8569,20,27420.8,8200.8
OD000178,O00077,P0001,3,8847,5,25213.95,10693.95
OD000179,O00077,P0013,4,1311,0,5244.0,2840.0
OD000180,O00078,P0040,3,6601,5,18812.85,6815.85
OD000181,O00078,P0027,4,4363,0,17452.0,3752.0
OD000182,O00078,P0001,3,8847,5,25213.95,10693.95
OD000183,O00078,P0082,3,2255,5,6426.75,2934.75
OD000184,O00079,P0054,1,7011,25,5258.25,1617.25
OD000185,O00079,P0048,4,3582,15,12178.8,4326.8
OD000186,O00079,P0015,3,6239,10,16845.3,3465.3
OD000187,O00080,P0006,2,5410,0,10820.0,4184.0
OD000188,O00080,P0028,4,3631,0,14524.0,4188.0
OD000189,O00080,P0008,4,9277,0,37108.0,11464.0
OD000190,O00080,P0049,3,4908,5,13987.8,6154.8
OD000191,O00081,P0031,1,14006,25,10504.5,4045.5
OD000192,O00081,P0057,1,4846,10,4361.4,1507.4
OD000193,O00081,P0010,1,6288,5,5973.6,1872.6
OD000194,O00082,P0007,1,9936,10,8942.4,2749.4
OD000195,O00082,P0073,3,3981,10,10748.7,3548.7
OD000196,O00082,P0048,3,3582,0,10746.0,4857.0
OD000197,O00082,P0050,3,791,10,2135.7,836.7
OD000198,O00083,P0067,4,3128,0,12512.0,3568.0
OD000199,O00083,P0006,1,5410,10,4869.0,1551.0
OD000200,O00084,P0024,1,9546,5,9068.7,4142.7
OD000201,O00084,P0027,1,4363,5,4144.85,719.85
OD000202,O00084,P0010,2,6288,25,9432.0,1230.0
OD000203,O00084,P0034,1,8273,10,7445.7,922.7
OD000204,O00085,P0002,4,8892,10,32011.2,13031.2
OD000205,O00085,P0046,2,10496,10,18892.8,9078.8
OD000206,O00085,P0018,4,8947,0,35788.0,11544.0
OD000207,O00085,P0075,1,2498,5,2373.1,1039.1
OD000208,O00086,P0078,4,2727,5,10362.6,3470.6
OD000209,O00087,P0047,3,4367,10,11790.9,2448.9
OD000210,O00087,P0050,4,791,15,2689.4,957.4
OD000211,O00087,P0010,1,6288,5,5973.6,1872.6
OD000212,O00087,P0012,4,2280,10,8208.0,1716.0
OD000213,O00088,P0027,1,4363,10,3926.7,501.7
OD000214,O00088,P0023,3,12189,20,29253.6,12471.6
OD000215,O00088,P0075,1,2498,15,2123.3,789.3
OD000216,O00089,P0064,4,6997,0,27988.0,11964.0
OD000217,O00089,P0009,4,4834,5,18369.2,5353.2
OD000218,O00089,P0014,3,10018,15,25545.9,9486.9
OD000219,O00090,P0019,2,6155,15,10463.5,4641.5
OD000220,O00090,P0039,2,7839,15,13326.3,2520.3
OD000221,O00090,P0043,1,3251,0,3251.0,546.0
OD000222,O00090,P0071,3,8287,20,19888.8,2983.8
OD000223,O00091,P0066,3,3382,10,9131.4,1904.4
OD000224,O00091,P0044,2,1630,0,3260.0,784.0
OD000225,O00092,P0066,2,3382,10,6087.6,1269.6
OD000226,O00092,P0031,2,14006,5,26611.4,13693.4
OD000227,O00092,P0027,1,4363,0,4363.0,938.0
OD000228,O00093,P0060,3,3201,10,8642.7,4100.7
OD000229,O00094,P0060,3,3201,10,8642.7,4100.7
OD000230,O00094,P0047,3,4367,15,11135.85,1793.85
OD000231,O00094,P0038,3,5709,15,14557.95,5560.95
OD000232,O00095,P0035,2,3553,15,6040.1,540.1
OD000233,O00095,P0037,1,4495,5,4270.25,1706.25
OD000234,O00095,P0072,4,10954,20,35052.8,14296.8
OD000235,O00096,P0008,3,9277,15,23656.35,4423.35
OD000236,O00096,P0038,4,5709,0,22836.0,10840.0
OD000237,O00097,P0012,3,2280,15,5814.0,945.0
OD000238,O00097,P0074,3,4472,15,11403.6,1923.6
OD000239,O00097,P0063,3,5568,25,12528.0,3192.0
OD000240,O00097,P0067,1,3128,0,3128.0,892.0
OD000241,O00098,P0013,4,1311,5,4981.8,2577.8
OD000242,O00099,P0034,4,8273,0,33092.0,7000.0
OD000243,O00099,P0001,3,8847,10,23886.9,9366.9
OD000244,O00100,P0066,4,3382,15,11498.8,1862.8
OD000245,O00100,P0013,3,1311,15,3343.05,1540.05
OD000246,O00100,P0064,1,6997,15,5947.45,1941.45
OD000247,O00100,P0035,4,3553,10,12790.8,1790.8
OD000248,O00101,P0048,1,3582,10,3223.8,1260.8
OD000249,O00101,P0040,3,6601,0,19803.0,7806.0
OD000250,O00102,P0050,2,791,15,1344.7,478.7
OD000251,O00102,P0028,3,3631,25,8169.75,417.75
OD000252,O00102,P0035,2,3553,15,6040.1,540.1
OD000253,O00103,P0073,4,3981,10,14331.6,4731.6
OD000254,O00104,P0034,1,8273,15,7032.05,509.05
OD000255,O00104,P0004,3,3517,10,9495.9,1911.9
OD000256,O00104,P0002,4,8892,10,32011.2,13031.2
OD000257,O00104,P0063,3,5568,10,15033.6,5697.6
OD000258,O00105,P0081,3,4694,10,12673.8,4921.8
OD000259,O00105,P0070,2,9093,5,17276.7,5588.7
OD000260,O00105,P0063,1,5568,5,5289.6,2177.6
OD000261,O00105,P0046,3,10496,5,29913.6,15192.6
OD000262,O00106,P0028,4,3631,25,10893.0,557.0
OD000263,O00106,P0060,2,3201,0,6402.0,3374.0
OD000264,O00106,P0076,1,7205,5,6844.75,2261.75
OD000265,O00106,P0001,4,8847,20,28310.4,8950.4
OD000266,O00107,P0008,2,9277,20,14843.2,2021.2
OD000267,O00107,P0003,2,319,10,574.2,50.2
OD000268,O00107,P0058,2,3214,20,5142.4,1206.4
OD000269,O00107,P0051,2,8105,15,13778.5,4686.5
OD000270,O00108,P0081,1,4694,20,3755.2,1171.2
OD000271,O00109,P0031,3,14006,0,42018.0,22641.0
OD000272,O00109,P0036,1,8476,20,6780.8,2132.8
OD000273,O00109,P0065,3,1750,20,4200.0,558.0
OD000274,O00110,P0002,1,8892,10,8002.8,3257.8
OD000275,O00110,P0036,2,8476,0,16952.0,7656.0
OD000276,O00110,P0044,3,1630,15,4156.5,442.5
OD000277,O00111,P0002,2,8892,5,16894.8,7404.8
OD000278,O00111,P0017,1,10962,15,9317.7,4312.7
OD000279,O00111,P0040,1,6601,20,5280.8,1281.8
OD000280,O00111,P0047,2,4367,10,7860.6,1632.6
OD000281,O00112,P0017,3,10962,15,27953.1,12938.1
OD000282,O00112,P0007,1,9936,15,8445.6,2252.6
OD000283,O00112,P0034,3,8273,10,22337.1,2768.1
OD000284,O00112,P0082,3,2255,10,6088.5,2596.5
OD000285,O00113,P0026,4,9610,25,28830.0,3974.0
OD000286,O00113,P0071,4,8287,10,29833.2,7293.2
OD000287,O00113,P0044,4,1630,25,4890.0,-62.0
OD000288,O00114,P0051,2,8105,10,14589.0,5497.0
OD000289,O00114,P0039,2,7839,10,14110.2,3304.2
OD000290,O00115,P0059,4,7607,15,25863.8,11303.8
OD000291,O00116,P0072,1,10954,0,10954.0,5765.0
OD000292,O00116,P0003,1,319,5,303.05,41.05
OD000293,O00116,P0011,4,7617,5,28944.6,9060.6
OD000294,O00116,P0020,2,1983,20,3172.8,42.8
OD000295,O00117,P0037,2,4495,5,8540.5,3412.5
OD000296,O00118,P0077,3,3416,5,9735.6,4707.6
OD000297,O00118,P0017,2,10962,10,19731.6,9721.6
OD000298,O00118,P0014,3,10018,5,28551.3,12492.3
OD000299,O00118,P0060,3,3201,10,8642.7,4100.7
OD000300,O00119,P0040,2,6601,15,11221.7,3223.7
OD000301,O00119,P0023,3,12189,20,29253.6,12471.6
OD000302,O00119,P0058,1,3214,0,3214.0,1246.0
OD000303,O00120,P0039,1,7839,10,7055.1,1652.1
OD000304,O00120,P0027,2,4363,10,7853.4,1003.4
OD000305,O00121,P0072,1,10954,5,10406.3,5217.3
OD000306,O00121,P0034,2,8273,5,15718.7,2672.7
OD000307,O00121,P0017,3,10962,0,32886.0,17871.0
OD000308,O00121,P0047,1,4367,20,3493.6,379.6
OD000309,O00122,P0047,4,4367,10,15721.2,3265.2
OD000310,O00122,P0023,3,12189,20,29253.6,12471.6
OD000311,O00123,P0058,1,3214,5,3053.3,1085.3
OD000312,O00123,P0043,4,3251,20,10403.2,-416.8
OD000313,O00123,P0069,4,6924,10,24926.4,2106.4
OD000314,O00124,P0061,1,6727,0,6727.0,2115.0
OD000315,O00125,P0002,2,8892,10,16005.6,6515.6
OD000316,O00125,P0078,3,2727,15,6953.85,1784.85
OD000317,O00125,P0014,3,10018,20,24043.2,7984.2
OD000318,O00125,P0052,2,1682,20,2691.2,759.2
OD000319,O00126,P0060,3,3201,5,9122.85,4580.85
OD000320,O00126,P0077,3,3416,10,9223.2,4195.2
OD000321,O00126,P0075,2,2498,5,4746.2,2078.2
OD000322,O00127,P0021,2,12927,10,23268.6,11392.6
OD000323,O00127,P0039,1,7839,15,6663.15,1260.15
OD000324,O00127,P0056,2,14270,5,27113.0,14003.0
OD000325,O00128,P0003,1,319,5,303.05,41.05
OD000326,O00128,P0016,2,7194,15,12229.8,4981.8
OD000327,O00128,P0035,2,3553,0,7106.0,1606.0
OD000328,O00128,P0015,4,6239,15,21212.6,3372.6
OD000329,O00129,P0022,3,5467,10,14760.9,7203.9
OD000330,O00129,P0064,2,6997,15,11894.9,3882.9
OD000331,O00129,P0034,4,8273,10,29782.8,3690.8
OD000332,O00129,P0073,2,3981,5,7563.9,2763.9
OD000333,O00130,P0019,3,6155,20,14772.0,6039.0
OD000334,O00130,P0036,3,8476,0,25428.0,11484.0
OD000335,O00130,P0030,4,10331,25,30993.0,7373.0
OD000336,O00130,P0035,2,3553,10,6395.4,895.4
OD000337,O00131,P0011,1,7617,20,6093.6,1122.6
OD000338,O00132,P0032,4,11145,5,42351.0,17519.0
OD000339,O00132,P0082,4,2255,0,9020.0,4364.0
OD000340,O00132,P0008,2,9277,0,18554.0,5732.0
OD000341,O00132,P0027,1,4363,5,4144.85,719.85
OD000342,O00133,P0046,4,10496,0,41984.0,22356.0
OD000343,O00133,P0022,2,5467,10,9840.6,4802.6
OD000344,O00134,P0077,2,3416,5,6490.4,3138.4
OD000345,O00134,P0054,3,7011,10,18929.7,8006.7
OD000346,O00135,P0013,1,1311,15,1114.35,513.35
OD000347,O00135,P0015,3,6239,10,16845.3,3465.3
OD000348,O00135,P0063,3,5568,5,15868.8,6532.8
OD000349,O00135,P0055,3,3114,15,7940.7,1211.7
OD000350,O00136,P0029,3,8916,0,26748.0,8532.0
OD000351,O00136,P0031,1,14006,0,14006.0,7547.0
OD000352,O00136,P0035,4,3553,5,13501.4,2501.4
OD000353,O00137,P0057,3,4846,10,13084.2,4522.2
OD000354,O00138,P0080,1,13672,10,12304.8,5422.8
OD000355,O00138,P0045,1,8473,10,7625.7,1371.7
OD000356,O00138,P0046,4,10496,10,37785.6,18157.6
OD000357,O00138,P0042,4,8402,5,31927.6,9079.6
OD000358,O00139,P0007,1,9936,20,7948.8,1755.8
OD000359,O00139,P0073,3,3981,5,11345.85,4145.85
OD000360,O00140,P0066,2,3382,20,5411.2,593.2
OD000361,O00140,P0035,1,3553,15,3020.05,270.05
OD000362,O00140,P0077,1,3416,10,3074.4,1398.4
OD000363,O00141,P0056,2,14270,0,28540.0,15430.0
OD000364,O00141,P0027,4,4363,0,17452.0,3752.0
OD000365,O00141,P0007,1,9936,20,7948.8,1755.8
OD000366,O00141,P0015,1,6239,15,5303.15,843.15
OD000367,O00142,P0022,2,5467,0,10934.0,5896.0
OD000368,O00142,P0057,1,4846,0,4846.0,1992.0
OD000369,O00142,P0002,3,8892,20,21340.8,7105.8
OD000370,O00143,P0071,4,8287,0,33148.0,10608.0
OD000371,O00143,P0042,2,8402,0,16804.0,5380.0
OD000372,O00143,P0078,2,2727,15,4635.9,1189.9
OD000373,O00143,P0065,2,1750,0,3500.0,1072.0
OD000374,O00144,P0060,3,3201,20,7682.4,3140.4
OD000375,O00144,P0058,3,3214,5,9159.9,3255.9
OD000376,O00145,P0043,4,3251,5,12353.8,1533.8
OD000377,O00145,P0023,2,12189,0,24378.0,13190.0
OD000378,O00145,P0014,1,10018,10,9016.2,3663.2
OD000379,O00146,P0052,3,1682,20,4036.8,1138.8
OD000380,O00146,P0070,4,9093,10,32734.8,9358.8
OD000381,O00146,P0030,4,10331,5,39257.8,15637.8
OD000382,O00146,P0071,2,8287,15,14087.9,2817.9
OD000383,O00147,P0058,4,3214,25,9642.0,1770.0
OD000384,O00147,P0073,2,3981,10,7165.8,2365.8
OD000385,O00147,P0036,2,8476,10,15256.8,5960.8
OD000386,O00148,P0022,4,5467,15,18587.8,8511.8
OD000387,O00148,P0080,3,13672,15,34863.6,14217.6
OD000388,O00148,P0065,2,1750,20,2800.0,372.0
OD000389,O00149,P0022,2,5467,0,10934.0,5896.0
OD000390,O00149,P0050,3,791,5,2254.35,955.35
OD000391,O00149,P0027,4,4363,10,15706.8,2006.8
OD000392,O00149,P0068,3,375,5,1068.75,168.75
OD000393,O00150,P0038,2,5709,10,10276.2,4278.2
OD000394,O00150,P0047,4,4367,5,16594.6,4138.6
OD000395,O00150,P0056,3,14270,15,36388.5,16723.5
OD000396,O00151,P0024,3,9546,5,27206.1,12428.1
OD000397,O00151,P0018,4,8947,15,30419.8,6175.8
OD000398,O00151,P0028,3,3631,25,8169.75,417.75
OD000399,O00151,P0008,1,9277,20,7421.6,1010.6
OD000400,O00152,P0009,3,4834,15,12326.7,2564.7
OD000401,O00153,P0048,2,3582,10,6447.6,2521.6
OD000402,O00153,P0004,2,3517,5,6682.3,1626.3
OD000403,O00153,P0050,4,791,25,2373.0,641.0
OD000404,O00154,P0055,2,3114,10,5605.2,1119.2
OD000405,O00154,P0061,4,6727,5,25562.6,7114.6
OD000406,O00154,P0023,4,12189,5,46318.2,23942.2
OD000407,O00155,P0050,4,791,20,2531.2,799.2
OD000408,O00155,P0036,4,8476,5,32208.8,13616.8
OD000409,O00156,P0052,1,1682,20,1345.6,379.6
OD000410,O00156,P0039,3,7839,15,19989.45,3780.45
OD000411,O00156,P0029,4,8916,0,35664.0,11376.0
OD000412,O00157,P0068,3,375,15,956.25,56.25
OD000413,O00158,P0079,2,11587,20,18539.2,7673.2
OD000414,O00158,P0077,3,3416,0,10248.0,5220.0
OD000415,O00158,P0029,1,8916,5,8470.2,2398.2
OD000416,O00159,P0055,1,3114,0,3114.0,871.0
OD000417,O00159,P0037,1,4495,5,4270.25,1706.25
OD000418,O00159,P0016,4,7194,10,25898.4,11402.4
OD000419,O00160,P0072,3,10954,0,32862.0,17295.0
OD000420,O00160,P0075,4,2498,15,8493.2,3157.2
OD000421,O00160,P0071,2,8287,20,13259.2,1989.2
OD000422,O00160,P0055,4,3114,20,9964.8,992.8
OD000423,O00161,P0021,3,12927,20,31024.8,13210.8
OD000424,O00162,P0054,1,7011,15,5959.35,2318.35
OD000425,O00162,P0045,4,8473,15,28808.2,3792.2
OD000426,O00162,P0027,3,4363,5,12434.55,2159.55
OD000427,O00162,P0018,4,8947,5,33998.6,9754.6
OD000428,O00163,P0011,4,7617,15,25897.8,6013.8
OD000429,O00164,P0072,1,10954,0,10954.0,5765.0
OD000430,O00164,P0022,4,5467,10,19681.2,9605.2
OD000431,O00164,P0080,4,13672,15,46484.8,18956.8
OD000432,O00165,P0057,4,4846,20,15507.2,4091.2
OD000433,O00166,P0052,1,1682,15,1429.7,463.7
OD000434,O00166,P0005,4,526,15,1788.4,632.4
OD000435,O00167,P0035,4,3553,15,12080.2,1080.2
OD000436,O00167,P0068,4,375,5,1425.0,225.0
OD000437,O00168,P0009,2,4834,5,9184.6,2676.6
OD000438,O00169,P0051,4,8105,15,27557.0,9373.0
OD000439,O00169,P0073,1,3981,15,3383.85,983.85
OD000440,O00169,P0078,1,2727,20,2181.6,458.6
OD000441,O00170,P0037,2,4495,15,7641.5,2513.5
OD000442,O00170,P0039,3,7839,25,17637.75,1428.75
OD000443,O00170,P0021,4,12927,5,49122.6,25370.6
OD000444,O00171,P0030,3,10331,5,29443.35,11728.35
OD000445,O00171,P0078,4,2727,15,9271.8,2379.8
OD000446,O00172,P0018,2,8947,10,16104.6,3982.6
OD000447,O00172,P0074,4,4472,5,16993.6,4353.6
OD000448,O00173,P0057,2,4846,5,9207.4,3499.4
OD000449,O00173,P0077,4,3416,10,12297.6,5593.6
OD000450,O00173,P0041,4,8569,10,30848.4,11628.4
OD000451,O00173,P0007,1,9936,0,9936.0,3743.0
OD000452,O00174,P0032,4,11145,20,35664.0,10832.0
OD000453,O00175,P0030,1,10331,10,9297.9,3392.9
OD000454,O00175,P0051,2,8105,15,13778.5,4686.5
OD000455,O00176,P0048,2,3582,15,6089.4,2163.4
OD000456,O00177,P0074,4,4472,15,15204.8,2564.8
OD000457,O00177,P0078,2,2727,5,5181.3,1735.3
OD000458,O00178,P0025,3,6585,10,17779.5,6694.5
OD000459,O00178,P0077,2,3416,15,5807.2,2455.2
OD000460,O00178,P0006,1,5410,15,4598.5,1280.5
OD000461,O00179,P0012,3,2280,15,5814.0,945.0
OD000462,O00179,P0014,2,10018,20,16028.8,5322.8
OD000463,O00179,P0023,1,12189,10,10970.1,5376.1
OD000464,O00180,P0054,4,7011,10,25239.6,10675.6
OD000465,O00181,P0026,2,9610,20,15376.0,2948.0
OD000466,O00181,P0041,1,8569,10,7712.1,2907.1
OD000467,O00181,P0081,2,4694,10,8449.2,3281.2
OD000468,O00181,P0050,3,791,15,2017.05,718.05
OD000469,O00182,P0006,2,5410,15,9197.0,2561.0
OD000470,O00182,P0080,4,13672,15,46484.8,18956.8
OD000471,O00182,P0019,4,6155,10,22158.0,10514.0
OD000472,O00182,P0034,4,8273,15,28128.2,2036.2
OD000473,O00183,P0011,3,7617,5,21708.45,6795.45
OD000474,O00183,P0023,2,12189,20,19502.4,8314.4
OD000475,O00183,P0052,4,1682,10,6055.2,2191.2
OD000476,O00183,P0072,4,10954,15,37243.6,16487.6
OD000477,O00184,P0005,1,526,0,526.0,237.0
OD000478,O00184,P0002,3,8892,0,26676.0,12441.0
OD000479,O00185,P0002,3,8892,15,22674.6,8439.6
OD000480,O00185,P0005,1,526,15,447.1,158.1
OD000481,O00185,P0012,4,2280,15,7752.0,1260.0
OD000482,O00186,P0062,2,6552,5,12448.8,4796.8
OD000483,O00186,P0077,4,3416,20,10931.2,4227.2
OD000484,O00187,P0061,4,6727,25,20181.0,1733.0
OD000485,O00187,P0077,1,3416,10,3074.4,1398.4
OD000486,O00187,P0062,3,6552,10,17690.4,6212.4
OD000487,O00188,P0071,2,8287,0,16574.0,5304.0
OD000488,O00189,P0046,2,10496,5,19942.4,10128.4
OD000489,O00189,P0028,3,3631,20,8714.4,962.4
OD000490,O00190,P0073,1,3981,20,3184.8,784.8
OD000491,O00191,P0001,1,8847,10,7962.3,3122.3
OD000492,O00192,P0010,2,6288,10,11318.4,3116.4
OD000493,O00193,P0079,1,11587,15,9848.95,4415.95
OD000494,O00194,P0017,1,10962,15,9317.7,4312.7
OD000495,O00195,P0072,4,10954,0,43816.0,23060.0
OD000496,O00195,P0030,3,10331,5,29443.35,11728.35
OD000497,O00196,P0080,3,13672,20,32812.8,12166.8
OD000498,O00196,P0064,3,6997,20,16792.8,4774.8
OD000499,O00196,P0061,4,6727,10,24217.2,5769.2
OD000500,O00196,P0074,3,4472,0,13416.0,3936.0
OD000501,O00197,P0019,3,6155,10,16618.5,7885.5
OD000502,O00197,P0082,1,2255,15,1916.75,752.75
OD000503,O00197,P0052,4,1682,10,6055.2,2191.2
OD000504,O00198,P0042,3,8402,10,22685.4,5549.4
OD000505,O00199,P0075,1,2498,5,2373.1,1039.1
OD000506,O00199,P0070,3,9093,0,27279.0,9747.0
OD000507,O00199,P0057,1,4846,0,4846.0,1992.0
OD000508,O00199,P0014,1,10018,0,10018.0,4665.0
OD000509,O00200,P0035,2,3553,15,6040.1,540.1
OD000510,O00200,P0065,3,1750,10,4725.0,1083.0
OD000511,O00200,P0008,1,9277,15,7885.45,1474.45
OD000512,O00200,P0058,3,3214,10,8677.8,2773.8
OD000513,O00201,P0055,2,3114,20,4982.4,496.4
OD000514,O00201,P0020,2,1983,10,3569.4,439.4
OD000515,O00202,P0011,2,7617,5,14472.3,4530.3
OD000516,O00202,P0077,2,3416,25,5124.0,1772.0
OD000517,O00203,P0039,3,7839,15,19989.45,3780.45
OD000518,O00203,P0060,4,3201,10,11523.6,5467.6
OD000519,O00204,P0042,1,8402,0,8402.0,2690.0
OD000520,O00204,P0024,1,9546,5,9068.7,4142.7
OD000521,O00205,P0052,3,1682,20,4036.8,1138.8
OD000522,O00205,P0042,4,8402,20,26886.4,4038.4
OD000523,O00205,P0031,2,14006,5,26611.4,13693.4
OD000524,O00206,P0019,1,6155,10,5539.5,2628.5
OD000525,O00207,P0057,3,4846,0,14538.0,5976.0
OD000526,O00207,P0047,4,4367,15,14847.8,2391.8
OD000527,O00207,P0006,3,5410,5,15418.5,5464.5
OD000528,O00208,P0005,2,526,10,946.8,368.8
OD000529,O00208,P0016,2,7194,25,10791.0,3543.0
OD000530,O00208,P0081,3,4694,5,13377.9,5625.9
OD000531,O00209,P0064,3,6997,10,18891.9,6873.9
OD000532,O00209,P0073,1,3981,5,3781.95,1381.95
OD000533,O00209,P0031,3,14006,0,42018.0,22641.0
OD000534,O00210,P0065,1,1750,25,1312.5,98.5
OD000535,O00210,P0019,1,6155,10,5539.5,2628.5
OD000536,O00211,P0031,3,14006,5,39917.1,20540.1
OD000537,O00211,P0081,1,4694,20,3755.2,1171.2
OD000538,O00212,P0042,1,8402,15,7141.7,1429.7
OD000539,O00212,P0052,1,1682,10,1513.8,547.8
OD000540,O00212,P0019,3,6155,15,15695.25,6962.25
OD000541,O00212,P0020,3,1983,15,5056.65,361.65
OD000542,O00213,P0070,1,9093,5,8638.35,2794.35
OD000543,O00213,P0065,1,1750,5,1662.5,448.5
OD000544,O00213,P0041,1,8569,10,7712.1,2907.1
OD000545,O00213,P0034,2,8273,20,13236.8,190.8
OD000546,O00214,P0047,1,4367,0,4367.0,1253.0
OD000547,O00215,P0040,4,6601,10,23763.6,7767.6
OD000548,O00215,P0016,3,7194,10,19423.8,8551.8
OD000549,O00216,P0026,2,9610,0,19220.0,6792.0
OD000550,O00216,P0006,2,5410,20,8656.0,2020.0
OD000551,O00216,P0035,2,3553,0,7106.0,1606.0
OD000552,O00217,P0021,3,12927,25,29085.75,11271.75
OD000553,O00217,P0026,2,9610,10,17298.0,4870.0
OD000554,O00217,P0039,1,7839,0,7839.0,2436.0
OD000555,O00218,P0005,3,526,5,1499.1,632.1
OD000556,O00219,P0082,1,2255,5,2142.25,978.25
OD000557,O00219,P0055,1,3114,15,2646.9,403.9
OD000558,O00219,P0026,2,9610,0,19220.0,6792.0
OD000559,O00220,P0069,4,6924,5,26311.2,3491.2
OD000560,O00220,P0051,4,8105,0,32420.0,14236.0
OD000561,O00220,P0006,3,5410,15,13795.5,3841.5
OD000562,O00221,P0010,3,6288,20,15091.2,2788.2
OD000563,O00221,P0063,3,5568,5,15868.8,6532.8
OD000564,O00221,P0069,4,6924,15,23541.6,721.6
OD000565,O00221,P0025,2,6585,0,13170.0,5780.0
OD000566,O00222,P0015,1,6239,0,6239.0,1779.0
OD000567,O00222,P0002,2,8892,5,16894.8,7404.8
OD000568,O00223,P0027,4,4363,20,13961.6,261.6
OD000569,O00223,P0023,2,12189,5,23159.1,11971.1
OD000570,O00223,P0033,4,5694,10,20498.4,2642.4
OD000571,O00223,P0078,4,2727,10,9817.2,2925.2
OD000572,O00224,P0038,1,5709,10,5138.1,2139.1
OD000573,O00224,P0070,2,9093,10,16367.4,4679.4
OD000574,O00224,P0010,2,6288,0,12576.0,4374.0
OD000575,O00225,P0082,2,2255,15,3833.5,1505.5
OD000576,O00225,P0065,4,1750,0,7000.0,2144.0
OD000577,O00226,P0025,1,6585,10,5926.5,2231.5
OD000578,O00226,P0017,3,10962,5,31241.7,16226.7
OD000579,O00227,P0053,1,500,5,475.0,243.0
OD000580,O00227,P0076,4,7205,25,21615.0,3283.0
OD000581,O00227,P0074,4,4472,15,15204.8,2564.8
OD000582,O00227,P0080,3,13672,10,36914.4,16268.4
OD000583,O00228,P0039,3,7839,20,18813.6,2604.6
OD000584,O00229,P0076,3,7205,15,18372.75,4623.75
OD000585,O00229,P0031,2,14006,15,23810.2,10892.2
OD000586,O00229,P0032,2,11145,5,21175.5,8759.5
OD000587,O00230,P0047,1,4367,5,4148.65,1034.65
OD000588,O00230,P0070,2,9093,5,17276.7,5588.7
OD000589,O00230,P0051,2,8105,20,12968.0,3876.0
OD000590,O00230,P0017,4,10962,20,35078.4,15058.4
OD000591,O00231,P0073,1,3981,5,3781.95,1381.95
OD000592,O00231,P0014,4,10018,15,34061.2,12649.2
OD000593,O00231,P0027,2,4363,5,8289.7,1439.7
OD000594,O00231,P0055,1,3114,10,2802.6,559.6
OD000595,O00232,P0018,1,8947,15,7604.95,1543.95
OD000596,O00232,P0047,3,4367,20,10480.8,1138.8
OD000597,O00233,P0079,1,11587,20,9269.6,3836.6
OD000598,O00233,P0014,4,10018,10,36064.8,14652.8
OD000599,O00234,P0048,4,3582,15,12178.8,4326.8
OD000600,O00234,P0063,4,5568,15,18931.2,6483.2
OD000601,O00234,P0016,1,7194,5,6834.3,3210.3
OD000602,O00234,P0073,1,3981,15,3383.85,983.85
OD000603,O00235,P0050,2,791,15,1344.7,478.7
OD000604,O00235,P0019,2,6155,25,9232.5,3410.5
OD000605,O00236,P0015,3,6239,5,17781.15,4401.15
OD000606,O00237,P0001,4,8847,10,31849.2,12489.2
OD000607,O00238,P0072,1,10954,15,9310.9,4121.9
OD000608,O00239,P0042,3,8402,15,21425.1,4289.1
OD000609,O00239,P0062,4,6552,20,20966.4,5662.4
OD000610,O00239,P0007,4,9936,15,33782.4,9010.4
OD000611,O00240,P0049,2,4908,15,8343.6,3121.6
OD000612,O00240,P0054,1,7011,20,5608.8,1967.8
OD000613,O00240,P0033,1,5694,15,4839.9,375.9
OD000614,O00241,P0077,1,3416,10,3074.4,1398.4
OD000615,O00241,P0067,1,3128,10,2815.2,579.2
OD000616,O00241,P0039,1,7839,20,6271.2,868.2
OD000617,O00242,P0059,1,7607,0,7607.0,3967.0
OD000618,O00243,P0048,2,3582,10,6447.6,2521.6
OD000619,O00243,P0046,2,10496,15,17843.2,8029.2
OD000620,O00243,P0052,1,1682,10,1513.8,547.8
OD000621,O00244,P0059,1,7607,5,7226.65,3586.65
OD000622,O00244,P0028,3,3631,15,9259.05,1507.05
OD000623,O00245,P0018,3,8947,10,24156.9,5973.9
OD000624,O00245,P0058,1,3214,0,3214.0,1246.0
OD000625,O00245,P0043,2,3251,15,5526.7,116.7
OD000626,O00245,P0076,3,7205,20,17292.0,3543.0
OD000627,O00246,P0070,1,9093,15,7729.05,1885.05
OD000628,O00246,P0001,4,8847,10,31849.2,12489.2
OD000629,O00246,P0035,2,3553,15,6040.1,540.1
OD000630,O00246,P0049,1,4908,10,4417.2,1806.2
OD000631,O00247,P0059,3,7607,10,20538.9,9618.9
OD000632,O00247,P0058,3,3214,0,9642.0,3738.0
OD000633,O00247,P0014,2,10018,10,18032.4,7326.4
OD000634,O00248,P0010,4,6288,5,23894.4,7490.4
OD000635,O00248,P0067,4,3128,15,10635.2,1691.2
OD000636,O00248,P0044,2,1630,5,3097.0,621.0
OD000637,O00249,P0026,2,9610,5,18259.0,5831.0
OD000638,O00249,P0057,2,4846,5,9207.4,3499.4
OD000639,O00249,P0068,2,375,0,750.0,150.0
OD000640,O00249,P0079,2,11587,5,22015.3,11149.3
OD000641,O00250,P0053,2,500,5,950.0,486.0
OD000642,O00250,P0018,1,8947,15,7604.95,1543.95
OD000643,O00250,P0065,3,1750,5,4987.5,1345.5
OD000644,O00250,P0023,1,12189,0,12189.0,6595.0
OD000645,O00251,P0044,2,1630,15,2771.0,295.0
OD000646,O00251,P0080,4,13672,15,46484.8,18956.8
OD000647,O00251,P0037,1,4495,5,4270.25,1706.25
OD000648,O00252,P0064,2,6997,5,13294.3,5282.3
OD000649,O00253,P0051,3,8105,20,19452.0,5814.0
OD000650,O00254,P0015,3,6239,0,18717.0,5337.0
OD000651,O00254,P0069,1,6924,0,6924.0,1219.0
OD000652,O00255,P0081,1,4694,5,4459.3,1875.3
OD000653,O00255,P0003,1,319,15,271.15,9.15
OD000654,O00255,P0047,3,4367,5,12445.95,3103.95
OD000655,O00256,P0004,1,3517,20,2813.6,285.6
OD000656,O00256,P0005,1,526,25,394.5,105.5
OD000657,O00256,P0059,1,7607,5,7226.65,3586.65
OD000658,O00256,P0017,2,10962,15,18635.4,8625.4
OD000659,O00257,P0001,2,8847,20,14155.2,4475.2
OD000660,O00257,P0055,4,3114,15,10587.6,1615.6
OD000661,O00258,P0015,2,6239,10,11230.2,2310.2
OD000662,O00259,P0019,2,6155,5,11694.5,5872.5
OD000663,O00259,P0061,3,6727,15,17153.85,3317.85
OD000664,O00259,P0039,3,7839,0,23517.0,7308.0
OD000665,O00259,P0014,3,10018,20,24043.2,7984.2
OD000666,O00260,P0070,1,9093,10,8183.7,2339.7
OD000667,O00261,P0030,1,10331,20,8264.8,2359.8
OD000668,O00261,P0055,3,3114,0,9342.0,2613.0
OD000669,O00261,P0018,4,8947,25,26841.0,2597.0
OD000670,O00261,P0039,3,7839,5,22341.15,6132.15
OD000671,O00262,P0054,4,7011,5,26641.8,12077.8
OD000672,O00263,P0041,2,8569,10,15424.2,5814.2
OD000673,O00263,P0069,2,6924,10,12463.2,1053.2
OD000674,O00263,P0009,2,4834,10,8701.2,2193.2
OD000675,O00264,P0033,4,5694,5,21637.2,3781.2
OD000676,O00264,P0062,4,6552,5,24897.6,9593.6
OD000677,O00264,P0023,3,12189,25,27425.25,10643.25
OD000678,O00265,P0056,1,14270,5,13556.5,7001.5
OD000679,O00265,P0066,4,3382,10,12175.2,2539.2
OD000680,O00266,P0014,2,10018,10,18032.4,7326.4
OD000681,O00266,P0065,2,1750,20,2800.0,372.0
OD000682,O00266,P0043,1,3251,10,2925.9,220.9
OD000683,O00266,P0041,2,8569,10,15424.2,5814.2
OD000684,O00267,P0027,1,4363,5,4144.85,719.85
OD000685,O00267,P0059,3,7607,0,22821.0,11901.0
OD000686,O00267,P0001,2,8847,15,15039.9,5359.9
OD000687,O00268,P0020,2,1983,0,3966.0,836.0
OD000688,O00268,P0044,4,1630,15,5542.0,590.0
OD000689,O00268,P0017,2,10962,20,17539.2,7529.2
OD000690,O00269,P0014,2,10018,10,18032.4,7326.4
OD000691,O00269,P0004,4,3517,20,11254.4,1142.4
OD000692,O00270,P0030,4,10331,25,30993.0,7373.0
OD000693,O00271,P0003,3,319,5,909.15,123.15
OD000694,O00271,P0019,4,6155,5,23389.0,11745.0
OD000695,O00271,P0064,4,6997,15,23789.8,7765.8
OD000696,O00272,P0074,2,4472,15,7602.4,1282.4
OD000697,O00272,P0045,4,8473,5,32197.4,7181.4
OD000698,O00273,P0053,2,500,15,850.0,386.0
OD000699,O00274,P0040,2,6601,0,13202.0,5204.0
OD000700,O00274,P0009,3,4834,0,14502.0,4740.0
OD000701,O00274,P0054,3,7011,15,17878.05,6955.05
OD000702,O00275,P0019,3,6155,10,16618.5,7885.5
OD000703,O00275,P0077,3,3416,10,9223.2,4195.2
OD000704,O00276,P0023,4,12189,5,46318.2,23942.2
OD000705,O00277,P0019,1,6155,15,5231.75,2320.75
OD000706,O00277,P0006,2,5410,10,9738.0,3102.0
OD000707,O00278,P0028,2,3631,5,6898.9,1730.9
OD000708,O00278,P0054,3,7011,20,16826.4,5903.4
OD000709,O00278,P0071,2,8287,10,14916.6,3646.6
OD000710,O00279,P0041,3,8569,5,24421.65,10006.65
OD000711,O00279,P0048,3,3582,15,9134.1,3245.1
OD000712,O00279,P0072,2,10954,20,17526.4,7148.4
OD000713,O00279,P0001,1,8847,15,7519.95,2679.95
OD000714,O00280,P0056,1,14270,10,12843.0,6288.0
OD000715,O00281,P0020,2,1983,0,3966.0,836.0
OD000716,O00281,P0068,3,375,20,900.0,0.0
OD000717,O00282,P0018,3,8947,10,24156.9,5973.9
OD000718,O00283,P0001,4,8847,0,35388.0,16028.0
OD000719,O00283,P0009,3,4834,10,13051.8,3289.8
OD000720,O00283,P0077,4,3416,15,11614.4,4910.4
OD000721,O00283,P0032,1,11145,5,10587.75,4379.75
OD000722,O00284,P0010,3,6288,20,15091.2,2788.2
OD000723,O00284,P0009,4,4834,20,15468.8,2452.8
OD000724,O00284,P0058,2,3214,20,5142.4,1206.4
OD000725,O00285,P0044,2,1630,5,3097.0,621.0
OD000726,O00285,P0082,1,2255,20,1804.0,640.0
OD000727,O00285,P0055,2,3114,20,4982.4,496.4
OD000728,O00286,P0059,4,7607,15,25863.8,11303.8
OD000729,O00287,P0055,1,3114,10,2802.6,559.6
OD000730,O00287,P0057,2,4846,20,7753.6,2045.6
OD000731,O00287,P0058,4,3214,5,12213.2,4341.2
OD000732,O00287,P0066,1,3382,20,2705.6,296.6
OD000733,O00288,P0073,1,3981,10,3582.9,1182.9
OD000734,O00288,P0075,2,2498,5,4746.2,2078.2
OD000735,O00288,P0078,2,2727,20,4363.2,917.2
OD000736,O00288,P0080,4,13672,10,49219.2,21691.2
OD000737,O00289,P0018,2,8947,10,16104.6,3982.6
OD000738,O00290,P0039,2,7839,25,11758.5,952.5
OD000739,O00290,P0027,4,4363,20,13961.6,261.6
OD000740,O00291,P0064,1,6997,10,6297.3,2291.3
OD000741,O00291,P0051,1,8105,20,6484.0,1938.0
OD000742,O00291,P0071,3,8287,10,22374.9,5469.9
OD000743,O00292,P0049,3,4908,10,13251.6,5418.6
OD000744,O00292,P0026,1,9610,0,9610.0,3396.0
OD000745,O00292,P0030,1,10331,0,10331.0,4426.0
OD000746,O00293,P0034,1,8273,5,7859.35,1336.35
OD000747,O00293,P0033,3,5694,15,14519.7,1127.7
OD000748,O00293,P0053,2,500,5,950.0,486.0
OD000749,O00293,P0026,4,9610,0,38440.0,13584.0
OD000750,O00294,P0025,3,6585,20,15804.0,4719.0
OD000751,O00295,P0041,1,8569,10,7712.1,2907.1
OD000752,O00295,P0065,4,1750,10,6300.0,1444.0
OD000753,O00295,P0049,2,4908,5,9325.2,4103.2
OD000754,O00296,P0019,1,6155,5,5847.25,2936.25
OD000755,O00297,P0059,3,7607,10,20538.9,9618.9
OD000756,O00297,P0008,1,9277,15,7885.45,1474.45
OD000757,O00298,P0038,3,5709,15,14557.95,5560.95
OD000758,O00299,P0033,1,5694,10,5124.6,660.6
OD000759,O00299,P0062,2,6552,20,10483.2,2831.2
OD000760,O00299,P0025,4,6585,15,22389.0,7609.0
OD000761,O00299,P0045,2,8473,15,14404.1,1896.1
OD000762,O00300,P0001,4,8847,20,28310.4,8950.4
OD000763,O00301,P0061,3,6727,20,16144.8,2308.8
OD000764,O00301,P0069,1,6924,10,6231.6,526.6
OD000765,O00302,P0022,2,5467,0,10934.0,5896.0
OD000766,O00302,P0060,3,3201,5,9122.85,4580.85
OD000767,O00302,P0019,2,6155,15,10463.5,4641.5
OD000768,O00302,P0082,2,2255,20,3608.0,1280.0
OD000769,O00303,P0019,1,6155,0,6155.0,3244.0
OD000770,O00303,P0015,4,6239,15,21212.6,3372.6
OD000771,O00303,P0070,3,9093,10,24551.1,7019.1
OD000772,O00304,P0034,3,8273,0,24819.0,5250.0
OD000773,O00304,P0003,2,319,0,638.0,114.0
OD000774,O00304,P0041,4,8569,15,29134.6,9914.6
OD000775,O00304,P0061,3,6727,25,15135.75,1299.75
OD000776,O00305,P0019,1,6155,10,5539.5,2628.5
OD000777,O00306,P0052,1,1682,5,1597.9,631.9
OD000778,O00307,P0066,1,3382,5,3212.9,803.9
OD000779,O00307,P0027,4,4363,0,17452.0,3752.0
OD000780,O00307,P0002,2,8892,10,16005.6,6515.6
OD000781,O00308,P0051,3,8105,0,24315.0,10677.0
OD000782,O00308,P0029,2,8916,15,15157.2,3013.2
OD000783,O00308,P0075,2,2498,25,3747.0,1079.0
OD000784,O00308,P0069,2,6924,15,11770.8,360.8
OD000785,O00309,P0041,3,8569,15,21850.95,7435.95
OD000786,O00309,P0073,1,3981,10,3582.9,1182.9
OD000787,O00310,P0019,2,6155,5,11694.5,5872.5
OD000788,O00311,P0065,1,1750,20,1400.0,186.0
OD000789,O00312,P0031,2,14006,10,25210.8,12292.8
OD000790,O00312,P0032,4,11145,0,44580.0,19748.0
OD000791,O00312,P0036,4,8476,10,30513.6,11921.6
OD000792,O00313,P0057,4,4846,20,15507.2,4091.2
OD000793,O00313,P0059,3,7607,25,17115.75,6195.75
OD000794,O00314,P0057,2,4846,10,8722.8,3014.8
OD000795,O00315,P0050,3,791,5,2254.35,955.35
OD000796,O00315,P0060,1,3201,20,2560.8,1046.8
OD000797,O00315,P0065,2,1750,5,3325.0,897.0
OD000798,O00315,P0020,3,1983,10,5354.1,659.1
OD000799,O00316,P0081,4,4694,20,15020.8,4684.8
OD000800,O00316,P0040,4,6601,0,26404.0,10408.0
OD000801,O00316,P0043,3,3251,5,9265.35,1150.35
OD000802,O00316,P0046,3,10496,20,25190.4,10469.4
OD000803,O00317,P0057,3,4846,15,12357.3,3795.3
OD000804,O00317,P0043,1,3251,15,2763.35,58.35
OD000805,O00317,P0062,2,6552,0,13104.0,5452.0
OD000806,O00317,P0081,4,4694,10,16898.4,6562.4
OD000807,O00318,P0062,4,6552,0,26208.0,10904.0
OD000808,O00319,P0030,2,10331,15,17562.7,5752.7
OD000809,O00320,P0041,1,8569,5,8140.55,3335.55
OD000810,O00320,P0033,4,5694,0,22776.0,4920.0
OD000811,O00321,P0017,2,10962,10,19731.6,9721.6
OD000812,O00322,P0009,4,4834,10,17402.4,4386.4
OD000813,O00322,P0064,3,6997,0,20991.0,8973.0
OD000814,O00323,P0050,3,791,10,2135.7,836.7
OD000815,O00323,P0041,2,8569,15,14567.3,4957.3
OD000816,O00324,P0078,4,2727,10,9817.2,2925.2
OD000817,O00324,P0061,1,6727,5,6390.65,1778.65
OD000818,O00324,P0059,2,7607,10,13692.6,6412.6
OD000819,O00325,P0033,4,5694,20,18220.8,364.8
OD000820,O00326,P0045,1,8473,15,7202.05,948.05
OD000821,O00326,P0081,4,4694,10,16898.4,6562.4
OD000822,O00326,P0036,1,8476,5,8052.2,3404.2
OD000823,O00326,P0001,2,8847,25,13270.5,3590.5
OD000824,O00327,P0061,2,6727,15,11435.9,2211.9
OD000825,O00327,P0037,1,4495,10,4045.5,1481.5
OD000826,O00327,P0022,4,5467,20,17494.4,7418.4
OD000827,O00328,P0038,4,5709,0,22836.0,10840.0
OD000828,O00328,P0024,4,9546,20,30547.2,10843.2
OD000829,O00328,P0072,2,10954,0,21908.0,11530.0
OD000830,O00329,P0026,2,9610,15,16337.0,3909.0
OD000831,O00329,P0001,2,8847,0,17694.0,8014.0
OD000832,O00329,P0047,3,4367,10,11790.9,2448.9
OD000833,O00329,P0033,1,5694,0,5694.0,1230.0
OD000834,O00330,P0001,1,8847,10,7962.3,3122.3
OD000835,O00331,P0004,2,3517,15,5978.9,922.9
OD000836,O00331,P0061,4,6727,0,26908.0,8460.0
OD000837,O00331,P0019,4,6155,5,23389.0,11745.0
OD000838,O00332,P0056,3,14270,0,42810.0,23145.0
OD000839,O00332,P0049,4,4908,25,14724.0,4280.0
OD000840,O00332,P0063,3,5568,10,15033.6,5697.6
OD000841,O00333,P0069,4,6924,10,24926.4,2106.4
OD000842,O00333,P0057,4,4846,10,17445.6,6029.6
OD000843,O00333,P0051,1,8105,10,7294.5,2748.5
OD000844,O00333,P0030,2,10331,20,16529.6,4719.6
OD000845,O00334,P0019,1,6155,0,6155.0,3244.0
OD000846,O00334,P0018,3,8947,15,22814.85,4631.85
OD000847,O00334,P0039,1,7839,10,7055.1,1652.1
OD000848,O00335,P0064,3,6997,10,18891.9,6873.9
OD000849,O00335,P0010,1,6288,10,5659.2,1558.2
OD000850,O00336,P0055,1,3114,15,2646.9,403.9
OD000851,O00336,P0030,2,10331,15,17562.7,5752.7
OD000852,O00336,P0080,1,13672,20,10937.6,4055.6
OD000853,O00337,P0019,3,6155,15,15695.25,6962.25
OD000854,O00337,P0026,3,9610,20,23064.0,4422.0
OD000855,O00337,P0043,3,3251,0,9753.0,1638.0
OD000856,O00337,P0053,2,500,5,950.0,486.0
OD000857,O00338,P0026,4,9610,5,36518.0,11662.0
OD000858,O00338,P0080,2,13672,15,23242.4,9478.4
OD000859,O00338,P0031,2,14006,20,22409.6,9491.6
OD000860,O00339,P0068,1,375,5,356.25,56.25
OD000861,O00339,P0028,4,3631,15,12345.4,2009.4
OD000862,O00339,P0027,4,4363,0,17452.0,3752.0
OD000863,O00339,P0030,2,10331,15,17562.7,5752.7
OD000864,O00340,P0007,2,9936,10,17884.8,5498.8
OD000865,O00340,P0062,1,6552,5,6224.4,2398.4
OD000866,O00340,P0032,2,11145,20,17832.0,5416.0
OD000867,O00341,P0070,3,9093,5,25915.05,8383.05
OD000868,O00341,P0028,3,3631,10,9803.7,2051.7
OD000869,O00341,P0068,2,375,15,637.5,37.5
OD000870,O00341,P0029,3,8916,15,22735.8,4519.8
OD000871,O00342,P0029,2,8916,10,16048.8,3904.8
OD000872,O00343,P0008,2,9277,15,15770.9,2948.9
OD000873,O00343,P0056,4,14270,0,57080.0,30860.0
OD000874,O00344,P0071,3,8287,20,19888.8,2983.8
OD000875,O00344,P0051,1,8105,10,7294.5,2748.5
OD000876,O00345,P0040,4,6601,5,25083.8,9087.8
OD000877,O00345,P0070,1,9093,10,8183.7,2339.7
OD000878,O00345,P0015,1,6239,10,5615.1,1155.1
OD000879,O00346,P0031,4,14006,10,50421.6,24585.6
OD000880,O00346,P0010,2,6288,10,11318.4,3116.4
OD000881,O00347,P0021,1,12927,25,9695.25,3757.25
OD000882,O00348,P0073,3,3981,5,11345.85,4145.85
OD000883,O00348,P0034,2,8273,0,16546.0,3500.0
OD000884,O00349,P0013,2,1311,5,2490.9,1288.9
OD000885,O00350,P0055,3,3114,0,9342.0,2613.0
OD000886,O00351,P0048,3,3582,5,10208.7,4319.7
OD000887,O00351,P0034,1,8273,15,7032.05,509.05
OD000888,O00351,P0001,2,8847,0,17694.0,8014.0
OD000889,O00352,P0011,1,7617,0,7617.0,2646.0
OD000890,O00352,P0047,2,4367,5,8297.3,2069.3
OD000891,O00352,P0079,2,11587,25,17380.5,6514.5
OD000892,O00353,P0056,3,14270,0,42810.0,23145.0
OD000893,O00353,P0051,4,8105,5,30799.0,12615.0
OD000894,O00354,P0065,4,1750,15,5950.0,1094.0
OD000895,O00354,P0075,4,2498,15,8493.2,3157.2
OD000896,O00354,P0040,1,6601,20,5280.8,1281.8
OD000897,O00355,P0004,3,3517,15,8968.35,1384.35
OD000898,O00356,P0035,3,3553,5,10126.05,1876.05
OD000899,O00356,P0073,3,3981,0,11943.0,4743.0
OD000900,O00356,P0033,4,5694,0,22776.0,4920.0
OD000901,O00357,P0015,2,6239,15,10606.3,1686.3
OD000902,O00358,P0015,1,6239,15,5303.15,843.15
OD000903,O00358,P0013,2,1311,10,2359.8,1157.8
OD000904,O00359,P0073,3,3981,5,11345.85,4145.85
OD000905,O00359,P0026,3,9610,15,24505.5,5863.5
OD000906,O00359,P0042,1,8402,10,7561.8,1849.8
OD000907,O00359,P0041,4,8569,10,30848.4,11628.4
OD000908,O00360,P0002,3,8892,15,22674.6,8439.6
OD000909,O00360,P0050,2,791,0,1582.0,716.0
OD000910,O00361,P0062,1,6552,5,6224.4,2398.4
OD000911,O00362,P0001,1,8847,25,6635.25,1795.25
OD000912,O00362,P0066,4,3382,20,10822.4,1186.4
OD000913,O00363,P0063,4,5568,15,18931.2,6483.2
OD000914,O00363,P0068,1,375,5,356.25,56.25
OD000915,O00363,P0044,2,1630,10,2934.0,458.0
OD000916,O00364,P0060,2,3201,15,5441.7,2413.7
OD000917,O00365,P0017,3,10962,0,32886.0,17871.0
OD000918,O00365,P0082,3,2255,0,6765.0,3273.0
OD000919,O00366,P0024,4,9546,25,28638.0,8934.0
OD000920,O00366,P0001,4,8847,5,33618.6,14258.6
OD000921,O00366,P0029,4,8916,10,32097.6,7809.6
OD000922,O00366,P0049,2,4908,20,7852.8,2630.8
OD000923,O00367,P0065,3,1750,15,4462.5,820.5
OD000924,O00367,P0056,4,14270,15,48518.0,22298.0
OD000925,O00367,P0043,2,3251,20,5201.6,-208.4
OD000926,O00368,P0017,2,10962,15,18635.4,8625.4
OD000927,O00368,P0014,2,10018,20,16028.8,5322.8
OD000928,O00369,P0044,4,1630,0,6520.0,1568.0
OD000929,O00369,P0082,3,2255,0,6765.0,3273.0
OD000930,O00369,P0003,2,319,25,478.5,-45.5
OD000931,O00369,P0064,2,6997,10,12594.6,4582.6
OD000932,O00370,P0060,2,3201,20,5121.6,2093.6
OD000933,O00370,P0076,3,7205,5,20534.25,6785.25
OD000934,O00371,P0052,3,1682,5,4793.7,1895.7
OD000935,O00371,P0072,2,10954,20,17526.4,7148.4
OD000936,O00371,P0043,1,3251,10,2925.9,220.9
OD000937,O00372,P0010,1,6288,20,5030.4,929.4
OD000938,O00372,P0021,3,12927,20,31024.8,13210.8
OD000939,O00372,P0020,3,1983,20,4759.2,64.2
OD000940,O00373,P0029,1,8916,15,7578.6,1506.6
OD000941,O00374,P0062,4,6552,10,23587.2,8283.2
OD000942,O00374,P0022,3,5467,20,13120.8,5563.8
OD000943,O00374,P0043,3,3251,10,8777.7,662.7
OD000944,O00374,P0036,3,8476,5,24156.6,10212.6
OD000945,O00375,P0052,4,1682,10,6055.2,2191.2
OD000946,O00375,P0009,1,4834,5,4592.3,1338.3
OD000947,O00375,P0056,4,14270,0,57080.0,30860.0
OD000948,O00375,P0060,4,3201,10,11523.6,5467.6
OD000949,O00376,P0006,3,5410,15,13795.5,3841.5
OD000950,O00376,P0034,4,8273,10,29782.8,3690.8
OD000951,O00376,P0040,1,6601,20,5280.8,1281.8
OD000952,O00377,P0001,3,8847,20,21232.8,6712.8
OD000953,O00378,P0077,4,3416,15,11614.4,4910.4
OD000954,O00378,P0054,2,7011,10,12619.8,5337.8
OD000955,O00378,P0019,4,6155,15,20927.0,9283.0
OD000956,O00379,P0069,1,6924,20,5539.2,-165.8
OD000957,O00380,P0074,2,4472,0,8944.0,2624.0
OD000958,O00380,P0081,2,4694,10,8449.2,3281.2
OD000959,O00381,P0067,4,3128,25,9384.0,440.0
OD000960,O00381,P0034,4,8273,15,28128.2,2036.2
OD000961,O00381,P0027,2,4363,10,7853.4,1003.4
OD000962,O00381,P0028,3,3631,15,9259.05,1507.05
OD000963,O00382,P0078,4,2727,5,10362.6,3470.6
OD000964,O00382,P0082,2,2255,15,3833.5,1505.5
OD000965,O00383,P0023,1,12189,15,10360.65,4766.65
OD000966,O00383,P0027,4,4363,20,13961.6,261.6
OD000967,O00383,P0076,2,7205,10,12969.0,3803.0
OD000968,O00383,P0007,1,9936,5,9439.2,3246.2
OD000969,O00384,P0027,3,4363,5,12434.55,2159.55
OD000970,O00385,P0001,2,8847,15,15039.9,5359.9
OD000971,O00385,P0018,4,8947,10,32209.2,7965.2
OD000972,O00386,P0008,4,9277,15,31541.8,5897.8
OD000973,O00387,P0028,2,3631,10,6535.8,1367.8
OD000974,O00387,P0022,1,5467,0,5467.0,2948.0
OD000975,O00387,P0029,4,8916,0,35664.0,11376.0
OD000976,O00387,P0063,2,5568,20,8908.8,2684.8
OD000977,O00388,P0058,1,3214,0,3214.0,1246.0
OD000978,O00388,P0003,3,319,0,957.0,171.0
OD000979,O00389,P0033,3,5694,20,13665.6,273.6
OD000980,O00390,P0028,4,3631,20,11619.2,1283.2
OD000981,O00390,P0004,2,3517,20,5627.2,571.2
OD000982,O00391,P0013,4,1311,10,4719.6,2315.6
OD000983,O00391,P0032,2,11145,15,18946.5,6530.5
OD000984,O00392,P0078,2,2727,0,5454.0,2008.0
OD000985,O00393,P0069,1,6924,10,6231.6,526.6
OD000986,O00393,P0075,2,2498,15,4246.6,1578.6
OD000987,O00394,P0080,2,13672,5,25976.8,12212.8
OD000988,O00394,P0031,3,14006,15,35715.3,16338.3
OD000989,O00394,P0042,1,8402,20,6721.6,1009.6
OD000990,O00395,P0042,2,8402,10,15123.6,3699.6
OD000991,O00395,P0049,1,4908,0,4908.0,2297.0
OD000992,O00395,P0028,1,3631,0,3631.0,1047.0
OD000993,O00395,P0052,2,1682,0,3364.0,1432.0
OD000994,O00396,P0030,3,10331,20,24794.4,7079.4
OD000995,O00396,P0024,2,9546,15,16228.2,6376.2
OD000996,O00396,P0045,3,8473,5,24148.05,5386.05
OD000997,O00397,P0013,4,1311,10,4719.6,2315.6
OD000998,O00398,P0050,1,791,0,791.0,358.0
OD000999,O00398,P0041,3,8569,25,19280.25,4865.25
OD001000,O00398,P0068,2,375,10,675.0,75.0
OD001001,O00398,P0026,4,9610,10,34596.0,9740.0
OD001002,O00399,P0068,4,375,5,1425.0,225.0
OD001003,O00400,P0017,2,10962,10,19731.6,9721.6
OD001004,O00401,P0068,4,375,5,1425.0,225.0
OD001005,O00401,P0037,3,4495,0,13485.0,5793.0
OD001006,O00402,P0061,2,6727,0,13454.0,4230.0
OD001007,O00402,P0020,1,1983,20,1586.4,21.4
OD001008,O00402,P0076,3,7205,0,21615.0,7866.0
OD001009,O00403,P0047,4,4367,15,14847.8,2391.8
OD001010,O00404,P0059,4,7607,5,28906.6,14346.6
OD001011,O00404,P0063,1,5568,5,5289.6,2177.6
OD001012,O00404,P0054,4,7011,25,21033.0,6469.0
OD001013,O00405,P0032,1,11145,20,8916.0,2708.0
OD001014,O00406,P0001,1,8847,20,7077.6,2237.6
OD001015,O00406,P0054,2,7011,20,11217.6,3935.6
OD001016,O00407,P0022,2,5467,15,9293.9,4255.9
OD001017,O00407,P0010,2,6288,5,11947.2,3745.2
OD001018,O00408,P0011,2,7617,10,13710.6,3768.6
OD001019,O00408,P0068,1,375,10,337.5,37.5
OD001020,O00409,P0059,3,7607,0,22821.0,11901.0
OD001021,O00409,P0014,1,10018,15,8515.3,3162.3
OD001022,O00410,P0045,3,8473,20,20335.2,1573.2
OD001023,O00410,P0060,2,3201,5,6081.9,3053.9
OD001024,O00410,P0016,1,7194,5,6834.3,3210.3
OD001025,O00411,P0072,2,10954,15,18621.8,8243.8
OD001026,O00411,P0017,3,10962,10,29597.4,14582.4
OD001027,O00412,P0009,1,4834,10,4350.6,1096.6
OD001028,O00412,P0021,4,12927,5,49122.6,25370.6
OD001029,O00412,P0070,3,9093,5,25915.05,8383.05
OD001030,O00412,P0067,1,3128,20,2502.4,266.4
OD001031,O00413,P0049,2,4908,15,8343.6,3121.6
OD001032,O00413,P0058,4,3214,10,11570.4,3698.4
OD001033,O00413,P0046,4,10496,15,35686.4,16058.4
OD001034,O00413,P0069,2,6924,15,11770.8,360.8
OD001035,O00414,P0014,1,10018,5,9517.1,4164.1
OD001036,O00414,P0012,4,2280,5,8664.0,2172.0
OD001037,O00415,P0051,2,8105,10,14589.0,5497.0
OD001038,O00415,P0017,4,10962,10,39463.2,19443.2
OD001039,O00416,P0037,4,4495,20,14384.0,4128.0
OD001040,O00416,P0002,4,8892,15,30232.8,11252.8
OD001041,O00417,P0055,3,3114,25,7006.5,277.5
OD001042,O00417,P0048,1,3582,15,3044.7,1081.7
OD001043,O00417,P0081,3,4694,0,14082.0,6330.0
OD001044,O00418,P0074,1,4472,10,4024.8,864.8
OD001045,O00419,P0071,3,8287,10,22374.9,5469.9
OD001046,O00420,P0054,4,7011,0,28044.0,13480.0
OD001047,O00421,P0080,4,13672,5,51953.6,24425.6
OD001048,O00421,P0037,4,4495,0,17980.0,7724.0
OD001049,O00422,P0078,3,2727,10,7362.9,2193.9
OD001050,O00422,P0071,4,8287,15,28175.8,5635.8
OD001051,O00423,P0025,3,6585,10,17779.5,6694.5
OD001052,O00423,P0070,3,9093,20,21823.2,4291.2
OD001053,O00423,P0017,2,10962,20,17539.2,7529.2
OD001054,O00423,P0034,1,8273,0,8273.0,1750.0
OD001055,O00424,P0018,3,8947,10,24156.9,5973.9
OD001056,O00425,P0071,1,8287,5,7872.65,2237.65
OD001057,O00425,P0054,4,7011,5,26641.8,12077.8
OD001058,O00425,P0005,3,526,25,1183.5,316.5
OD001059,O00425,P0069,2,6924,15,11770.8,360.8
OD001060,O00426,P0058,4,3214,5,12213.2,4341.2
OD001061,O00426,P0030,1,10331,5,9814.45,3909.45
OD001062,O00426,P0045,2,8473,5,16098.7,3590.7
OD001063,O00427,P0045,1,8473,10,7625.7,1371.7
OD001064,O00427,P0039,3,7839,10,21165.3,4956.3
OD001065,O00428,P0080,1,13672,15,11621.2,4739.2
OD001066,O00428,P0030,1,10331,15,8781.35,2876.35
OD001067,O00428,P0075,2,2498,25,3747.0,1079.0
OD001068,O00429,P0014,2,10018,20,16028.8,5322.8
OD001069,O00430,P0023,2,12189,20,19502.4,8314.4
OD001070,O00430,P0082,1,2255,20,1804.0,640.0
OD001071,O00430,P0050,1,791,15,672.35,239.35
OD001072,O00431,P0011,3,7617,15,19423.35,4510.35
OD001073,O00431,P0065,1,1750,5,1662.5,448.5
OD001074,O00431,P0081,3,4694,10,12673.8,4921.8
OD001075,O00432,P0051,3,8105,10,21883.5,8245.5
OD001076,O00432,P0053,4,500,10,1800.0,872.0
OD001077,O00433,P0044,2,1630,5,3097.0,621.0
OD001078,O00433,P0011,3,7617,10,20565.9,5652.9
OD001079,O00434,P0009,3,4834,25,10876.5,1114.5
OD001080,O00435,P0068,2,375,0,750.0,150.0
OD001081,O00435,P0012,3,2280,10,6156.0,1287.0
OD001082,O00435,P0071,3,8287,5,23617.95,6712.95
OD001083,O00435,P0022,4,5467,15,18587.8,8511.8
OD001084,O00436,P0049,3,4908,20,11779.2,3946.2
OD001085,O00436,P0001,1,8847,15,7519.95,2679.95
OD001086,O00436,P0008,3,9277,0,27831.0,8598.0
OD001087,O00437,P0081,1,4694,15,3989.9,1405.9
OD001088,O00438,P0003,3,319,10,861.3,75.3
OD001089,O00439,P0047,2,4367,10,7860.6,1632.6
OD001090,O00439,P0056,1,14270,0,14270.0,7715.0
OD001091,O00439,P0035,4,3553,10,12790.8,1790.8
OD001092,O00439,P0038,4,5709,5,21694.2,9698.2
OD001093,O00440,P0044,1,1630,15,1385.5,147.5
OD001094,O00440,P0003,3,319,10,861.3,75.3
OD001095,O00440,P0065,1,1750,10,1575.0,361.0
OD001096,O00441,P0033,3,5694,5,16227.9,2835.9
OD001097,O00441,P0049,3,4908,5,13987.8,6154.8
OD001098,O00442,P0081,2,4694,20,7510.4,2342.4
OD001099,O00442,P0021,1,12927,0,12927.0,6989.0
OD001100,O00442,P0029,2,8916,10,16048.8,3904.8
OD001101,O00443,P0027,3,4363,15,11125.65,850.65
OD001102,O00443,P0002,2,8892,25,13338.0,3848.0
OD001103,O00444,P0047,2,4367,5,8297.3,2069.3
OD001104,O00444,P0053,2,500,5,950.0,486.0
OD001105,O00444,P0064,2,6997,20,11195.2,3183.2
OD001106,O00444,P0071,3,8287,20,19888.8,2983.8
OD001107,O00445,P0079,1,11587,15,9848.95,4415.95
OD001108,O00445,P0066,2,3382,0,6764.0,1946.0
OD001109,O00445,P0049,2,4908,5,9325.2,4103.2
OD001110,O00446,P0055,4,3114,10,11210.4,2238.4
OD001111,O00446,P0001,3,8847,20,21232.8,6712.8
OD001112,O00446,P0024,4,9546,5,36274.8,16570.8
OD001113,O00447,P0061,2,6727,10,12108.6,2884.6
OD001114,O00447,P0077,3,3416,5,9735.6,4707.6
OD001115,O00447,P0075,2,2498,10,4496.4,1828.4
OD001116,O00448,P0001,1,8847,15,7519.95,2679.95
OD001117,O00448,P0011,2,7617,20,12187.2,2245.2
OD001118,O00448,P0031,4,14006,15,47620.4,21784.4
OD001119,O00448,P0041,2,8569,0,17138.0,7528.0
OD001120,O00449,P0037,3,4495,15,11462.25,3770.25
OD001121,O00449,P0038,1,5709,20,4567.2,1568.2
OD001122,O00450,P0009,4,4834,0,19336.0,6320.0
OD001123,O00450,P0014,1,10018,0,10018.0,4665.0
OD001124,O00451,P0029,4,8916,15,30314.4,6026.4
OD001125,O00451,P0071,2,8287,15,14087.9,2817.9
OD001126,O00452,P0075,4,2498,20,7993.6,2657.6
OD001127,O00452,P0047,1,4367,0,4367.0,1253.0
OD001128,O00452,P0068,1,375,0,375.0,75.0
OD001129,O00453,P0031,4,14006,0,56024.0,30188.0
OD001130,O00453,P0052,1,1682,5,1597.9,631.9
OD001131,O00453,P0081,2,4694,0,9388.0,4220.0
OD001132,O00454,P0013,1,1311,5,1245.45,644.45
OD001133,O00455,P0082,4,2255,25,6765.0,2109.0
OD001134,O00455,P0001,4,8847,10,31849.2,12489.2
OD001135,O00455,P0016,2,7194,5,13668.6,6420.6
OD001136,O00455,P0053,1,500,5,475.0,243.0
OD001137,O00456,P0037,2,4495,10,8091.0,2963.0
OD001138,O00457,P0041,1,8569,25,6426.75,1621.75
OD001139,O00457,P0080,3,13672,0,41016.0,20370.0
OD001140,O00457,P0016,1,7194,0,7194.0,3570.0
OD001141,O00457,P0071,1,8287,5,7872.65,2237.65
OD001142,O00458,P0055,2,3114,5,5916.6,1430.6
OD001143,O00459,P0066,1,3382,10,3043.8,634.8
OD001144,O00459,P0035,3,3553,5,10126.05,1876.05
OD001145,O00460,P0044,4,1630,20,5216.0,264.0
OD001146,O00460,P0067,4,3128,20,10009.6,1065.6
OD001147,O00460,P0018,1,8947,5,8499.65,2438.65
OD001148,O00460,P0027,2,4363,10,7853.4,1003.4
OD001149,O00461,P0048,2,3582,20,5731.2,1805.2
OD001150,O00462,P0034,4,8273,20,26473.6,381.6
OD001151,O00462,P0059,2,7607,0,15214.0,7934.0
OD001152,O00462,P0017,3,10962,15,27953.1,12938.1
OD001153,O00462,P0015,1,6239,25,4679.25,219.25
OD001154,O00463,P0062,1,6552,15,5569.2,1743.2
OD001155,O00463,P0016,2,7194,10,12949.2,5701.2
OD001156,O00464,P0071,3,8287,0,24861.0,7956.0
OD001157,O00464,P0004,2,3517,20,5627.2,571.2
OD001158,O00464,P0054,3,7011,20,16826.4,5903.4
OD001159,O00465,P0024,2,9546,5,18137.4,8285.4
OD001160,O00465,P0045,2,8473,10,15251.4,2743.4
OD001161,O00465,P0008,1,9277,20,7421.6,1010.6
OD001162,O00466,P0010,2,6288,15,10689.6,2487.6
OD001163,O00467,P0043,4,3251,5,12353.8,1533.8
OD001164,O00467,P0080,1,13672,5,12988.4,6106.4
OD001165,O00468,P0066,1,3382,10,3043.8,634.8
OD001166,O00468,P0078,3,2727,0,8181.0,3012.0
OD001167,O00469,P0068,1,375,0,375.0,75.0
OD001168,O00470,P0051,1,8105,10,7294.5,2748.5
OD001169,O00470,P0035,3,3553,15,9060.15,810.15
OD001170,O00470,P0025,2,6585,0,13170.0,5780.0
OD001171,O00471,P0022,4,5467,5,20774.6,10698.6
OD001172,O00472,P0023,4,12189,20,39004.8,16628.8
OD001173,O00472,P0073,3,3981,25,8957.25,1757.25
OD001174,O00472,P0007,4,9936,10,35769.6,10997.6
OD001175,O00473,P0025,1,6585,15,5597.25,1902.25
OD001176,O00474,P0062,4,6552,15,22276.8,6972.8
OD001177,O00474,P0008,4,9277,20,29686.4,4042.4
OD001178,O00474,P0027,2,4363,15,7417.1,567.1
OD001179,O00475,P0014,2,10018,10,18032.4,7326.4
OD001180,O00476,P0046,1,10496,20,8396.8,3489.8
OD001181,O00476,P0048,3,3582,20,8596.8,2707.8
OD001182,O00477,P0078,1,2727,10,2454.3,731.3
OD001183,O00477,P0020,2,1983,5,3767.7,637.7
OD001184,O00477,P0068,4,375,5,1425.0,225.0
OD001185,O00478,P0058,3,3214,10,8677.8,2773.8
OD001186,O00478,P0082,1,2255,15,1916.75,752.75
OD001187,O00478,P0041,2,8569,5,16281.1,6671.1
OD001188,O00479,P0007,1,9936,5,9439.2,3246.2
OD001189,O00479,P0008,1,9277,0,9277.0,2866.0
OD001190,O00480,P0011,3,7617,15,19423.35,4510.35
OD001191,O00480,P0049,1,4908,15,4171.8,1560.8
OD001192,O00480,P0055,3,3114,10,8407.8,1678.8
OD001193,O00480,P0060,3,3201,5,9122.85,4580.85
OD001194,O00481,P0022,2,5467,10,9840.6,4802.6
OD001195,O00482,P0050,4,791,0,3164.0,1432.0
OD001196,O00482,P0080,1,13672,20,10937.6,4055.6
OD001197,O00482,P0024,4,9546,15,32456.4,12752.4
OD001198,O00483,P0036,2,8476,5,16104.4,6808.4
OD001199,O00483,P0039,2,7839,10,14110.2,3304.2
OD001200,O00483,P0001,1,8847,15,7519.95,2679.95
OD001201,O00484,P0005,3,526,20,1262.4,395.4
OD001202,O00484,P0074,1,4472,15,3801.2,641.2
OD001203,O00484,P0013,3,1311,0,3933.0,2130.0
OD001204,O00485,P0044,2,1630,5,3097.0,621.0
OD001205,O00486,P0037,2,4495,20,7192.0,2064.0
OD001206,O00486,P0073,2,3981,25,5971.5,1171.5
OD001207,O00487,P0052,3,1682,5,4793.7,1895.7
OD001208,O00487,P0048,1,3582,5,3402.9,1439.9
OD001209,O00487,P0005,4,526,10,1893.6,737.6
OD001210,O00487,P0001,2,8847,10,15924.6,6244.6
OD001211,O00488,P0046,4,10496,15,35686.4,16058.4
OD001212,O00488,P0026,3,9610,20,23064.0,4422.0
OD001213,O00488,P0070,3,9093,5,25915.05,8383.05
OD001214,O00488,P0055,1,3114,25,2335.5,92.5
OD001215,O00489,P0033,1,5694,10,5124.6,660.6
OD001216,O00490,P0050,1,791,15,672.35,239.35
OD001217,O00490,P0033,2,5694,15,9679.8,751.8
OD001218,O00490,P0077,3,3416,15,8710.8,3682.8
OD001219,O00491,P0022,4,5467,0,21868.0,11792.0
OD001220,O00491,P0029,3,8916,20,21398.4,3182.4
OD001221,O00491,P0045,1,8473,15,7202.05,948.05
OD001222,O00492,P0081,1,4694,0,4694.0,2110.0
OD001223,O00492,P0055,1,3114,10,2802.6,559.6
OD001224,O00493,P0081,4,4694,15,15959.6,5623.6
OD001225,O00494,P0059,4,7607,15,25863.8,11303.8
OD001226,O00494,P0063,3,5568,0,16704.0,7368.0
OD001227,O00494,P0045,4,8473,20,27113.6,2097.6
OD001228,O00495,P0025,2,6585,15,11194.5,3804.5
OD001229,O00495,P0064,4,6997,0,27988.0,11964.0
OD001230,O00495,P0023,2,12189,15,20721.3,9533.3
OD001231,O00495,P0050,3,791,10,2135.7,836.7
OD001232,O00496,P0074,1,4472,15,3801.2,641.2
OD001233,O00496,P0051,3,8105,0,24315.0,10677.0
OD001234,O00496,P0019,4,6155,5,23389.0,11745.0
OD001235,O00497,P0007,3,9936,0,29808.0,11229.0
OD001236,O00497,P0054,1,7011,0,7011.0,3370.0
OD001237,O00498,P0056,4,14270,5,54226.0,28006.0
OD001238,O00498,P0053,4,500,5,1900.0,972.0
OD001239,O00498,P0019,3,6155,25,13848.75,5115.75
OD001240,O00499,P0044,2,1630,20,2608.0,132.0
OD001241,O00499,P0052,3,1682,15,4289.1,1391.1
OD001242,O00500,P0004,2,3517,5,6682.3,1626.3
OD001243,O00501,P0043,1,3251,0,3251.0,546.0
OD001244,O00501,P0063,3,5568,10,15033.6,5697.6
OD001245,O00502,P0004,4,3517,5,13364.6,3252.6
OD001246,O00502,P0024,3,9546,5,27206.1,12428.1
OD001247,O00503,P0035,2,3553,15,6040.1,540.1
OD001248,O00503,P0067,1,3128,25,2346.0,110.0
OD001249,O00503,P0014,1,10018,5,9517.1,4164.1
OD001250,O00504,P0015,1,6239,10,5615.1,1155.1
OD001251,O00504,P0022,3,5467,20,13120.8,5563.8
OD001252,O00504,P0069,4,6924,10,24926.4,2106.4
OD001253,O00505,P0035,3,3553,20,8527.2,277.2
OD001254,O00505,P0005,2,526,20,841.6,263.6
OD001255,O00506,P0013,2,1311,10,2359.8,1157.8
OD001256,O00506,P0057,1,4846,10,4361.4,1507.4
OD001257,O00506,P0002,4,8892,10,32011.2,13031.2
OD001258,O00507,P0051,4,8105,10,29178.0,10994.0
OD001259,O00507,P0016,2,7194,5,13668.6,6420.6
OD001260,O00507,P0077,3,3416,5,9735.6,4707.6
OD001261,O00508,P0068,1,375,10,337.5,37.5
OD001262,O00508,P0012,4,2280,10,8208.0,1716.0
OD001263,O00508,P0082,2,2255,10,4059.0,1731.0
OD001264,O00509,P0063,1,5568,15,4732.8,1620.8
OD001265,O00510,P0054,1,7011,15,5959.35,2318.35
OD001266,O00511,P0028,4,3631,5,13797.8,3461.8
OD001267,O00511,P0081,4,4694,10,16898.4,6562.4
OD001268,O00511,P0079,4,11587,10,41713.2,19981.2
OD001269,O00512,P0023,3,12189,5,34738.65,17956.65
OD001270,O00513,P0067,4,3128,5,11886.4,2942.4
OD001271,O00514,P0074,4,4472,5,16993.6,4353.6
OD001272,O00514,P0010,3,6288,25,14148.0,1845.0
OD001273,O00514,P0056,2,14270,10,25686.0,12576.0
OD001274,O00515,P0067,2,3128,0,6256.0,1784.0
OD001275,O00515,P0016,1,7194,10,6474.6,2850.6
OD001276,O00515,P0054,3,7011,15,17878.05,6955.05
OD001277,O00516,P0078,3,2727,10,7362.9,2193.9
OD001278,O00517,P0012,1,2280,5,2166.0,543.0
OD001279,O00517,P0047,1,4367,10,3930.3,816.3
OD001280,O00517,P0011,3,7617,0,22851.0,7938.0
OD001281,O00518,P0007,1,9936,15,8445.6,2252.6
OD001282,O00518,P0038,3,5709,20,13701.6,4704.6
OD001283,O00518,P0070,3,9093,5,25915.05,8383.05
OD001284,O00519,P0040,3,6601,5,18812.85,6815.85
OD001285,O00519,P0045,3,8473,0,25419.0,6657.0
OD001286,O00519,P0078,2,2727,10,4908.6,1462.6
OD001287,O00520,P0049,1,4908,15,4171.8,1560.8
OD001288,O00521,P0016,3,7194,10,19423.8,8551.8
OD001289,O00522,P0045,4,8473,0,33892.0,8876.0
OD001290,O00523,P0027,3,4363,15,11125.65,850.65
OD001291,O00524,P0021,4,12927,5,49122.6,25370.6
OD001292,O00524,P0013,2,1311,10,2359.8,1157.8
OD001293,O00525,P0018,3,8947,10,24156.9,5973.9
OD001294,O00525,P0043,1,3251,10,2925.9,220.9
OD001295,O00525,P0055,1,3114,0,3114.0,871.0
OD001296,O00526,P0047,4,4367,15,14847.8,2391.8
OD001297,O00526,P0002,2,8892,5,16894.8,7404.8
OD001298,O00526,P0055,4,3114,10,11210.4,2238.4
OD001299,O00526,P0008,2,9277,10,16698.6,3876.6
OD001300,O00527,P0027,1,4363,15,3708.55,283.55
OD001301,O00527,P0015,1,6239,10,5615.1,1155.1
OD001302,O00527,P0071,1,8287,10,7458.3,1823.3
OD001303,O00527,P0064,4,6997,0,27988.0,11964.0
OD001304,O00528,P0007,2,9936,5,18878.4,6492.4
OD001305,O00528,P0009,4,4834,10,17402.4,4386.4
OD001306,O00528,P0062,2,6552,20,10483.2,2831.2
OD001307,O00528,P0005,3,526,10,1420.2,553.2
OD001308,O00529,P0025,2,6585,20,10536.0,3146.0
OD001309,O00529,P0045,2,8473,10,15251.4,2743.4
OD001310,O00529,P0027,3,4363,15,11125.65,850.65
OD001311,O00530,P0055,4,3114,0,12456.0,3484.0
OD001312,O00530,P0008,1,9277,0,9277.0,2866.0
OD001313,O00530,P0028,1,3631,15,3086.35,502.35
OD001314,O00530,P0051,3,8105,5,23099.25,9461.25
OD001315,O00531,P0036,2,8476,15,14409.2,5113.2
OD001316,O00531,P0019,2,6155,5,11694.5,5872.5
OD001317,O00531,P0016,2,7194,5,13668.6,6420.6
OD001318,O00532,P0078,3,2727,10,7362.9,2193.9
OD001319,O00532,P0036,2,8476,25,12714.0,3418.0
OD001320,O00532,P0053,2,500,20,800.0,336.0
OD001321,O00532,P0081,2,4694,15,7979.8,2811.8
OD001322,O00533,P0028,3,3631,15,9259.05,1507.05
OD001323,O00533,P0065,3,1750,0,5250.0,1608.0
OD001324,O00534,P0016,4,7194,10,25898.4,11402.4
OD001325,O00535,P0008,1,9277,10,8349.3,1938.3
OD001326,O00535,P0002,1,8892,15,7558.2,2813.2
OD001327,O00535,P0075,4,2498,0,9992.0,4656.0
OD001328,O00535,P0017,1,10962,10,9865.8,4860.8
OD001329,O00536,P0008,4,9277,25,27831.0,2187.0
OD001330,O00536,P0058,1,3214,20,2571.2,603.2
OD001331,O00536,P0038,3,5709,5,16270.65,7273.65
OD001332,O00537,P0060,4,3201,10,11523.6,5467.6
OD001333,O00537,P0045,3,8473,15,21606.15,2844.15
OD001334,O00538,P0059,3,7607,20,18256.8,7336.8
OD001335,O00538,P0010,2,6288,5,11947.2,3745.2
OD001336,O00538,P0039,3,7839,20,18813.6,2604.6
OD001337,O00538,P0022,1,5467,25,4100.25,1581.25
OD001338,O00539,P0036,4,8476,15,28818.4,10226.4
OD001339,O00539,P0080,2,13672,15,23242.4,9478.4
OD001340,O00539,P0074,3,4472,5,12745.2,3265.2
OD001341,O00540,P0009,4,4834,5,18369.2,5353.2
OD001342,O00540,P0037,1,4495,10,4045.5,1481.5
OD001343,O00541,P0077,4,3416,5,12980.8,6276.8
OD001344,O00541,P0073,2,3981,25,5971.5,1171.5
OD001345,O00541,P0007,4,9936,5,37756.8,12984.8
OD001346,O00541,P0039,2,7839,5,14894.1,4088.1
OD001347,O00542,P0025,3,6585,25,14816.25,3731.25
OD001348,O00542,P0040,1,6601,20,5280.8,1281.8
OD001349,O00542,P0021,1,12927,10,11634.3,5696.3
OD001350,O00543,P0061,1,6727,10,6054.3,1442.3
OD001351,O00543,P0013,3,1311,10,3539.7,1736.7
OD001352,O00543,P0043,3,3251,25,7314.75,-800.25
OD001353,O00543,P0056,1,14270,0,14270.0,7715.0
OD001354,O00544,P0005,4,526,25,1578.0,422.0
OD001355,O00544,P0035,1,3553,5,3375.35,625.35
OD001356,O00545,P0056,4,14270,10,51372.0,25152.0
OD001357,O00545,P0047,4,4367,5,16594.6,4138.6
OD001358,O00545,P0064,1,6997,15,5947.45,1941.45
OD001359,O00545,P0027,1,4363,10,3926.7,501.7
OD001360,O00546,P0064,3,6997,5,19941.45,7923.45
OD001361,O00546,P0032,1,11145,5,10587.75,4379.75
OD001362,O00546,P0070,2,9093,20,14548.8,2860.8
OD001363,O00546,P0058,2,3214,10,5785.2,1849.2
OD001364,O00547,P0061,2,6727,5,12781.3,3557.3
OD001365,O00547,P0079,2,11587,0,23174.0,12308.0
OD001366,O00548,P0009,3,4834,15,12326.7,2564.7
OD001367,O00548,P0062,4,6552,25,19656.0,4352.0
OD001368,O00548,P0038,2,5709,0,11418.0,5420.0
OD001369,O00548,P0037,3,4495,15,11462.25,3770.25
OD001370,O00549,P0010,4,6288,5,23894.4,7490.4
OD001371,O00549,P0001,3,8847,15,22559.85,8039.85
OD001372,O00549,P0024,2,9546,5,18137.4,8285.4
OD001373,O00549,P0028,4,3631,15,12345.4,2009.4
OD001374,O00550,P0017,2,10962,0,21924.0,11914.0
OD001375,O00550,P0053,1,500,10,450.0,218.0
OD001376,O00550,P0042,4,8402,10,30247.2,7399.2
OD001377,O00551,P0058,2,3214,0,6428.0,2492.0
OD001378,O00551,P0051,3,8105,20,19452.0,5814.0
OD001379,O00551,P0054,3,7011,5,19981.35,9058.35
OD001380,O00552,P0035,2,3553,10,6395.4,895.4
OD001381,O00552,P0032,2,11145,20,17832.0,5416.0
OD001382,O00552,P0068,4,375,5,1425.0,225.0
OD001383,O00552,P0003,1,319,15,271.15,9.15
OD001384,O00553,P0051,1,8105,10,7294.5,2748.5
OD001385,O00553,P0045,3,8473,20,20335.2,1573.2
OD001386,O00554,P0053,4,500,10,1800.0,872.0
OD001387,O00555,P0023,3,12189,0,36567.0,19785.0
OD001388,O00555,P0048,4,3582,10,12895.2,5043.2
OD001389,O00555,P0001,1,8847,10,7962.3,3122.3
OD001390,O00556,P0030,1,10331,5,9814.45,3909.45
OD001391,O00556,P0011,4,7617,0,30468.0,10584.0
OD001392,O00557,P0042,2,8402,20,13443.2,2019.2
OD001393,O00558,P0033,4,5694,10,20498.4,2642.4
OD001394,O00558,P0029,3,8916,10,24073.2,5857.2
OD001395,O00559,P0071,1,8287,5,7872.65,2237.65
OD001396,O00560,P0006,4,5410,15,18394.0,5122.0
OD001397,O00560,P0034,4,8273,15,28128.2,2036.2
OD001398,O00560,P0063,1,5568,15,4732.8,1620.8
OD001399,O00560,P0055,2,3114,0,6228.0,1742.0
OD001400,O00561,P0027,2,4363,15,7417.1,567.1
OD001401,O00562,P0015,1,6239,5,5927.05,1467.05
OD001402,O00562,P0009,1,4834,10,4350.6,1096.6
OD001403,O00562,P0046,3,10496,0,31488.0,16767.0
OD001404,O00563,P0025,4,6585,15,22389.0,7609.0
OD001405,O00564,P0003,3,319,10,861.3,75.3
OD001406,O00565,P0054,4,7011,15,23837.4,9273.4
OD001407,O00565,P0009,1,4834,20,3867.2,613.2
OD001408,O00565,P0028,3,3631,15,9259.05,1507.05
OD001409,O00565,P0045,1,8473,20,6778.4,524.4
OD001410,O00566,P0071,1,8287,10,7458.3,1823.3
OD001411,O00567,P0040,1,6601,15,5610.85,1611.85
OD001412,O00568,P0041,4,8569,10,30848.4,11628.4
OD001413,O00568,P0013,1,1311,0,1311.0,710.0
OD001414,O00568,P0021,4,12927,5,49122.6,25370.6
OD001415,O00569,P0043,1,3251,10,2925.9,220.9
OD001416,O00569,P0013,1,1311,5,1245.45,644.45
OD001417,O00569,P0048,2,3582,15,6089.4,2163.4
OD001418,O00569,P0035,2,3553,10,6395.4,895.4
OD001419,O00570,P0039,1,7839,10,7055.1,1652.1
OD001420,O00570,P0065,4,1750,0,7000.0,2144.0
OD001421,O00570,P0067,2,3128,0,6256.0,1784.0
OD001422,O00571,P0025,4,6585,5,25023.0,10243.0
OD001423,O00571,P0043,1,3251,0,3251.0,546.0
OD001424,O00571,P0017,1,10962,10,9865.8,4860.8
OD001425,O00571,P0035,3,3553,0,10659.0,2409.0
OD001426,O00572,P0045,3,8473,5,24148.05,5386.05
OD001427,O00573,P0016,1,7194,0,7194.0,3570.0
OD001428,O00574,P0069,1,6924,15,5885.4,180.4
OD001429,O00575,P0023,2,12189,10,21940.2,10752.2
OD001430,O00575,P0064,2,6997,20,11195.2,3183.2
OD001431,O00575,P0053,2,500,15,850.0,386.0
OD001432,O00575,P0070,4,9093,15,30916.2,7540.2
OD001433,O00576,P0023,3,12189,15,31081.95,14299.95
OD001434,O00577,P0008,2,9277,5,17626.3,4804.3
OD001435,O00577,P0060,2,3201,15,5441.7,2413.7
OD001436,O00577,P0049,4,4908,15,16687.2,6243.2
OD001437,O00577,P0002,2,8892,10,16005.6,6515.6
OD001438,O00578,P0062,1,6552,15,5569.2,1743.2
OD001439,O00578,P0055,3,3114,15,7940.7,1211.7
OD001440,O00578,P0080,2,13672,0,27344.0,13580.0
OD001441,O00579,P0018,4,8947,10,32209.2,7965.2
OD001442,O00580,P0016,2,7194,20,11510.4,4262.4
OD001443,O00581,P0008,1,9277,20,7421.6,1010.6
OD001444,O00581,P0051,2,8105,20,12968.0,3876.0
OD001445,O00581,P0082,2,2255,10,4059.0,1731.0
OD001446,O00581,P0043,1,3251,15,2763.35,58.35
OD001447,O00582,P0049,4,4908,15,16687.2,6243.2
OD001448,O00582,P0066,4,3382,10,12175.2,2539.2
OD001449,O00582,P0009,2,4834,5,9184.6,2676.6
OD001450,O00582,P0043,4,3251,0,13004.0,2184.0
OD001451,O00583,P0067,4,3128,0,12512.0,3568.0
OD001452,O00583,P0066,1,3382,5,3212.9,803.9
OD001453,O00583,P0078,1,2727,10,2454.3,731.3
OD001454,O00584,P0056,1,14270,15,12129.5,5574.5
OD001455,O00585,P0079,2,11587,5,22015.3,11149.3
OD001456,O00585,P0039,3,7839,15,19989.45,3780.45
OD001457,O00585,P0021,1,12927,5,12280.65,6342.65
OD001458,O00586,P0028,2,3631,20,5809.6,641.6
OD001459,O00586,P0007,1,9936,15,8445.6,2252.6
OD001460,O00586,P0020,4,1983,0,7932.0,1672.0
OD001461,O00587,P0014,2,10018,0,20036.0,9330.0
OD001462,O00587,P0031,1,14006,5,13305.7,6846.7
OD001463,O00587,P0040,2,6601,10,11881.8,3883.8
OD001464,O00587,P0064,3,6997,10,18891.9,6873.9
OD001465,O00588,P0048,4,3582,10,12895.2,5043.2
OD001466,O00589,P0048,4,3582,0,14328.0,6476.0
OD001467,O00589,P0027,4,4363,10,15706.8,2006.8
OD001468,O00589,P0042,1,8402,15,7141.7,1429.7
OD001469,O00590,P0056,3,14270,15,36388.5,16723.5
OD001470,O00591,P0038,1,5709,10,5138.1,2139.1
OD001471,O00591,P0009,4,4834,5,18369.2,5353.2
OD001472,O00591,P0059,3,7607,15,19397.85,8477.85
OD001473,O00592,P0066,4,3382,10,12175.2,2539.2
OD001474,O00592,P0079,4,11587,5,44030.6,22298.6
OD001475,O00592,P0074,3,4472,5,12745.2,3265.2
OD001476,O00593,P0005,4,526,15,1788.4,632.4
OD001477,O00593,P0028,3,3631,10,9803.7,2051.7
OD001478,O00593,P0044,1,1630,25,1222.5,-15.5
OD001479,O00593,P0061,1,6727,15,5717.95,1105.95
OD001480,O00594,P0060,4,3201,20,10243.2,4187.2
OD001481,O00594,P0030,1,10331,15,8781.35,2876.35
OD001482,O00594,P0072,1,10954,0,10954.0,5765.0
OD001483,O00595,P0059,2,7607,15,12931.9,5651.9
OD001484,O00595,P0007,4,9936,10,35769.6,10997.6
OD001485,O00595,P0018,4,8947,0,35788.0,11544.0
OD001486,O00595,P0004,3,3517,25,7913.25,329.25
OD001487,O00596,P0023,4,12189,15,41442.6,19066.6
OD001488,O00596,P0003,4,319,15,1084.6,36.6
OD001489,O00596,P0079,1,11587,10,10428.3,4995.3
OD001490,O00596,P0040,4,6601,0,26404.0,10408.0
OD001491,O00597,P0013,4,1311,20,4195.2,1791.2
OD001492,O00597,P0035,2,3553,10,6395.4,895.4
OD001493,O00597,P0025,3,6585,10,17779.5,6694.5
OD001494,O00597,P0041,2,8569,10,15424.2,5814.2
OD001495,O00598,P0047,2,4367,5,8297.3,2069.3
OD001496,O00599,P0068,1,375,20,300.0,0.0
OD001497,O00599,P0033,1,5694,5,5409.3,945.3
OD001498,O00599,P0029,3,8916,5,25410.6,7194.6
OD001499,O00599,P0075,4,2498,15,8493.2,3157.2
OD001500,O00600,P0078,1,2727,0,2727.0,1004.0
OD001501,O00600,P0034,2,8273,5,15718.7,2672.7
OD001502,O00600,P0006,1,5410,25,4057.5,739.5
OD001503,O00601,P0029,1,8916,10,8024.4,1952.4
OD001504,O00601,P0061,1,6727,10,6054.3,1442.3
OD001505,O00601,P0013,1,1311,0,1311.0,710.0
OD001506,O00601,P0070,2,9093,5,17276.7,5588.7
OD001507,O00602,P0079,1,11587,5,11007.65,5574.65
OD001508,O00602,P0044,1,1630,20,1304.0,66.0
OD001509,O00602,P0002,3,8892,15,22674.6,8439.6
OD001510,O00603,P0017,1,10962,25,8221.5,3216.5
OD001511,O00603,P0029,3,8916,20,21398.4,3182.4
OD001512,O00603,P0003,1,319,25,239.25,-22.75
OD001513,O00603,P0006,2,5410,20,8656.0,2020.0
OD001514,O00604,P0040,2,6601,10,11881.8,3883.8
OD001515,O00604,P0080,4,13672,0,54688.0,27160.0
OD001516,O00604,P0026,4,9610,10,34596.0,9740.0
OD001517,O00604,P0073,2,3981,5,7563.9,2763.9
OD001518,O00605,P0065,3,1750,20,4200.0,558.0
OD001519,O00606,P0027,2,4363,15,7417.1,567.1
OD001520,O00606,P0026,1,9610,20,7688.0,1474.0
OD001521,O00607,P0008,4,9277,0,37108.0,11464.0
OD001522,O00607,P0023,4,12189,5,46318.2,23942.2
OD001523,O00608,P0044,4,1630,0,6520.0,1568.0
OD001524,O00608,P0012,2,2280,15,3876.0,630.0
OD001525,O00608,P0072,2,10954,15,18621.8,8243.8
OD001526,O00609,P0029,1,8916,5,8470.2,2398.2
OD001527,O00609,P0036,1,8476,0,8476.0,3828.0
OD001528,O00609,P0003,1,319,5,303.05,41.05
OD001529,O00609,P0056,1,14270,20,11416.0,4861.0
OD001530,O00610,P0075,4,2498,10,8992.8,3656.8
OD001531,O00610,P0032,2,11145,0,22290.0,9874.0
OD001532,O00611,P0020,3,1983,20,4759.2,64.2
OD001533,O00611,P0025,3,6585,5,18767.25,7682.25
OD001534,O00612,P0021,4,12927,0,51708.0,27956.0
OD001535,O00613,P0016,1,7194,0,7194.0,3570.0
OD001536,O00614,P0005,2,526,15,894.2,316.2
OD001537,O00614,P0023,2,12189,0,24378.0,13190.0
OD001538,O00614,P0082,4,2255,20,7216.0,2560.0
OD001539,O00614,P0017,1,10962,0,10962.0,5957.0
OD001540,O00615,P0005,1,526,20,420.8,131.8
OD001541,O00615,P0054,2,7011,5,13320.9,6038.9
OD001542,O00615,P0030,4,10331,15,35125.4,11505.4
OD001543,O00616,P0001,2,8847,20,14155.2,4475.2
OD001544,O00617,P0078,4,2727,15,9271.8,2379.8
OD001545,O00617,P0035,4,3553,10,12790.8,1790.8
OD001546,O00617,P0030,2,10331,15,17562.7,5752.7
OD001547,O00617,P0017,2,10962,25,16443.0,6433.0
OD001548,O00618,P0038,4,5709,10,20552.4,8556.4
OD001549,O00618,P0048,3,3582,5,10208.7,4319.7
OD001550,O00619,P0012,4,2280,5,8664.0,2172.0
OD001551,O00619,P0027,2,4363,10,7853.4,1003.4
OD001552,O00619,P0009,2,4834,0,9668.0,3160.0
OD001553,O00620,P0068,4,375,10,1350.0,150.0
OD001554,O00620,P0038,4,5709,15,19410.6,7414.6
OD001555,O00621,P0047,2,4367,20,6987.2,759.2
OD001556,O00622,P0056,3,14270,15,36388.5,16723.5
OD001557,O00622,P0081,3,4694,20,11265.6,3513.6
OD001558,O00623,P0049,2,4908,10,8834.4,3612.4
OD001559,O00623,P0035,4,3553,0,14212.0,3212.0
OD001560,O00623,P0066,2,3382,0,6764.0,1946.0
OD001561,O00623,P0075,3,2498,20,5995.2,1993.2
OD001562,O00624,P0040,2,6601,10,11881.8,3883.8
OD001563,O00624,P0062,1,6552,20,5241.6,1415.6
OD001564,O00624,P0080,1,13672,20,10937.6,4055.6
OD001565,O00625,P0054,4,7011,15,23837.4,9273.4
OD001566,O00626,P0004,4,3517,10,12661.2,2549.2
OD001567,O00626,P0022,4,5467,20,17494.4,7418.4
OD001568,O00626,P0032,4,11145,0,44580.0,19748.0
OD001569,O00627,P0056,3,14270,10,38529.0,18864.0
OD001570,O00628,P0066,4,3382,10,12175.2,2539.2
OD001571,O00628,P0022,3,5467,20,13120.8,5563.8
OD001572,O00628,P0010,3,6288,0,18864.0,6561.0
OD001573,O00628,P0003,4,319,10,1148.4,100.4
OD001574,O00629,P0031,1,14006,15,11905.1,5446.1
OD001575,O00629,P0081,2,4694,10,8449.2,3281.2
OD001576,O00629,P0056,1,14270,5,13556.5,7001.5
OD001577,O00629,P0059,2,7607,15,12931.9,5651.9
OD001578,O00630,P0005,1,526,5,499.7,210.7
OD001579,O00630,P0059,4,7607,25,22821.0,8261.0
OD001580,O00631,P0052,1,1682,0,1682.0,716.0
OD001581,O00631,P0022,2,5467,25,8200.5,3162.5
OD001582,O00631,P0020,3,1983,20,4759.2,64.2
OD001583,O00631,P0012,2,2280,20,3648.0,402.0
OD001584,O00632,P0045,1,8473,10,7625.7,1371.7
OD001585,O00633,P0001,4,8847,0,35388.0,16028.0
OD001586,O00633,P0074,2,4472,20,7155.2,835.2
OD001587,O00633,P0066,4,3382,10,12175.2,2539.2
OD001588,O00633,P0003,2,319,5,606.1,82.1
OD001589,O00634,P0021,4,12927,5,49122.6,25370.6
OD001590,O00634,P0028,1,3631,5,3449.45,865.45
OD001591,O00634,P0071,4,8287,15,28175.8,5635.8
OD001592,O00634,P0066,1,3382,15,2874.7,465.7
OD001593,O00635,P0050,2,791,10,1423.8,557.8
OD001594,O00635,P0041,2,8569,10,15424.2,5814.2
OD001595,O00635,P0060,4,3201,15,10883.4,4827.4
OD001596,O00636,P0034,4,8273,0,33092.0,7000.0
OD001597,O00636,P0063,4,5568,10,20044.8,7596.8
OD001598,O00636,P0043,2,3251,0,6502.0,1092.0
OD001599,O00636,P0001,1,8847,20,7077.6,2237.6
OD001600,O00637,P0053,1,500,15,425.0,193.0
OD001601,O00637,P0047,1,4367,5,4148.65,1034.65
OD001602,O00637,P0004,3,3517,15,8968.35,1384.35
OD001603,O00638,P0014,1,10018,10,9016.2,3663.2
OD001604,O00639,P0030,2,10331,5,19628.9,7818.9
OD001605,O00639,P0037,2,4495,10,8091.0,2963.0
OD001606,O00639,P0039,2,7839,0,15678.0,4872.0
OD001607,O00639,P0041,4,8569,15,29134.6,9914.6
OD001608,O00640,P0025,4,6585,0,26340.0,11560.0
OD001609,O00640,P0069,1,6924,10,6231.6,526.6
OD001610,O00641,P0004,2,3517,10,6330.6,1274.6
OD001611,O00641,P0029,4,8916,5,33880.8,9592.8
OD001612,O00641,P0017,3,10962,25,24664.5,9649.5
OD001613,O00641,P0019,3,6155,15,15695.25,6962.25
OD001614,O00642,P0003,2,319,15,542.3,18.3
OD001615,O00642,P0054,1,7011,5,6660.45,3019.45
OD001616,O00642,P0019,2,6155,10,11079.0,5257.0
OD001617,O00642,P0053,2,500,20,800.0,336.0
OD001618,O00643,P0078,1,2727,10,2454.3,731.3
OD001619,O00643,P0010,2,6288,15,10689.6,2487.6
OD001620,O00643,P0079,4,11587,5,44030.6,22298.6
OD001621,O00644,P0025,1,6585,5,6255.75,2560.75
OD001622,O00644,P0017,4,10962,0,43848.0,23828.0
OD001623,O00644,P0062,1,6552,15,5569.2,1743.2
OD001624,O00645,P0051,1,8105,20,6484.0,1938.0
OD001625,O00646,P0006,3,5410,10,14607.0,4653.0
OD001626,O00646,P0047,3,4367,15,11135.85,1793.85
OD001627,O00646,P0072,4,10954,5,41625.2,20869.2
OD001628,O00646,P0003,4,319,5,1212.2,164.2
OD001629,O00647,P0044,4,1630,15,5542.0,590.0
OD001630,O00648,P0047,2,4367,5,8297.3,2069.3
OD001631,O00649,P0013,1,1311,5,1245.45,644.45
OD001632,O00649,P0074,3,4472,10,12074.4,2594.4
OD001633,O00650,P0054,4,7011,0,28044.0,13480.0
OD001634,O00650,P0029,1,8916,25,6687.0,615.0
OD001635,O00651,P0049,3,4908,5,13987.8,6154.8
OD001636,O00652,P0015,4,6239,10,22460.4,4620.4
OD001637,O00652,P0014,4,10018,5,38068.4,16656.4
OD001638,O00653,P0051,4,8105,20,25936.0,7752.0
OD001639,O00653,P0038,1,5709,15,4852.65,1853.65
OD001640,O00654,P0060,3,3201,15,8162.55,3620.55
OD001641,O00654,P0077,3,3416,10,9223.2,4195.2
OD001642,O00655,P0032,2,11145,10,20061.0,7645.0
OD001643,O00655,P0041,1,8569,5,8140.55,3335.55
OD001644,O00656,P0008,1,9277,15,7885.45,1474.45
OD001645,O00657,P0003,1,319,15,271.15,9.15
OD001646,O00657,P0011,3,7617,10,20565.9,5652.9
OD001647,O00657,P0051,4,8105,20,25936.0,7752.0
OD001648,O00657,P0046,2,10496,15,17843.2,8029.2
OD001649,O00658,P0035,4,3553,5,13501.4,2501.4
OD001650,O00658,P0078,2,2727,0,5454.0,2008.0
OD001651,O00658,P0013,3,1311,0,3933.0,2130.0
OD001652,O00658,P0017,4,10962,15,37270.8,17250.8
OD001653,O00659,P0032,4,11145,5,42351.0,17519.0
OD001654,O00659,P0022,2,5467,5,10387.3,5349.3
OD001655,O00659,P0073,2,3981,10,7165.8,2365.8
OD001656,O00659,P0074,1,4472,10,4024.8,864.8
OD001657,O00660,P0061,3,6727,15,17153.85,3317.85
OD001658,O00660,P0019,2,6155,25,9232.5,3410.5
OD001659,O00660,P0003,4,319,15,1084.6,36.6
OD001660,O00661,P0028,4,3631,15,12345.4,2009.4
OD001661,O00662,P0062,3,6552,10,17690.4,6212.4
OD001662,O00662,P0016,2,7194,5,13668.6,6420.6
OD001663,O00663,P0070,1,9093,0,9093.0,3249.0
OD001664,O00663,P0071,4,8287,10,29833.2,7293.2
OD001665,O00663,P0043,4,3251,15,11053.4,233.4
OD001666,O00664,P0076,1,7205,15,6124.25,1541.25
OD001667,O00664,P0026,1,9610,10,8649.0,2435.0
OD001668,O00665,P0011,1,7617,20,6093.6,1122.6
OD001669,O00665,P0066,2,3382,15,5749.4,931.4
OD001670,O00666,P0064,1,6997,10,6297.3,2291.3
OD001671,O00667,P0043,2,3251,20,5201.6,-208.4
OD001672,O00667,P0017,3,10962,10,29597.4,14582.4
OD001673,O00668,P0028,3,3631,20,8714.4,962.4
OD001674,O00668,P0053,3,500,5,1425.0,729.0
OD001675,O00669,P0060,1,3201,0,3201.0,1687.0
OD001676,O00669,P0024,3,9546,5,27206.1,12428.1
OD001677,O00670,P0081,1,4694,10,4224.6,1640.6
OD001678,O00670,P0079,3,11587,15,29546.85,13247.85
OD001679,O00670,P0067,1,3128,10,2815.2,579.2
OD001680,O00670,P0041,1,8569,15,7283.65,2478.65
OD001681,O00671,P0017,3,10962,15,27953.1,12938.1
OD001682,O00672,P0019,4,6155,0,24620.0,12976.0
OD001683,O00672,P0038,4,5709,5,21694.2,9698.2
OD001684,O00673,P0025,1,6585,10,5926.5,2231.5
OD001685,O00673,P0019,2,6155,5,11694.5,5872.5
OD001686,O00674,P0067,3,3128,5,8914.8,2206.8
OD001687,O00674,P0024,2,9546,20,15273.6,5421.6
OD001688,O00675,P0051,2,8105,10,14589.0,5497.0
OD001689,O00675,P0070,3,9093,10,24551.1,7019.1
OD001690,O00676,P0015,1,6239,0,6239.0,1779.0
OD001691,O00676,P0012,1,2280,15,1938.0,315.0
OD001692,O00677,P0062,2,6552,15,11138.4,3486.4
OD001693,O00677,P0079,4,11587,0,46348.0,24616.0
OD001694,O00678,P0057,3,4846,20,11630.4,3068.4
OD001695,O00679,P0069,4,6924,5,26311.2,3491.2
OD001696,O00679,P0030,2,10331,15,17562.7,5752.7
OD001697,O00679,P0055,4,3114,5,11833.2,2861.2
OD001698,O00679,P0054,3,7011,20,16826.4,5903.4
OD001699,O00680,P0001,2,8847,15,15039.9,5359.9
OD001700,O00681,P0003,2,319,10,574.2,50.2
OD001701,O00682,P0082,2,2255,10,4059.0,1731.0
OD001702,O00682,P0055,4,3114,10,11210.4,2238.4
OD001703,O00682,P0043,3,3251,20,7802.4,-312.6
OD001704,O00682,P0007,4,9936,10,35769.6,10997.6
OD001705,O00683,P0053,2,500,15,850.0,386.0
OD001706,O00683,P0016,2,7194,0,14388.0,7140.0
OD001707,O00683,P0008,3,9277,5,26439.45,7206.45
OD001708,O00684,P0027,1,4363,10,3926.7,501.7
OD001709,O00685,P0055,1,3114,20,2491.2,248.2
OD001710,O00685,P0014,1,10018,0,10018.0,4665.0
OD001711,O00686,P0070,2,9093,10,16367.4,4679.4
OD001712,O00686,P0047,1,4367,15,3711.95,597.95
OD001713,O00687,P0016,1,7194,5,6834.3,3210.3
OD001714,O00687,P0060,4,3201,10,11523.6,5467.6
OD001715,O00687,P0074,2,4472,15,7602.4,1282.4
OD001716,O00688,P0041,4,8569,25,25707.0,6487.0
OD001717,O00688,P0074,4,4472,15,15204.8,2564.8
OD001718,O00688,P0081,4,4694,20,15020.8,4684.8
OD001719,O00688,P0051,3,8105,5,23099.25,9461.25
OD001720,O00689,P0034,1,8273,15,7032.05,509.05
OD001721,O00689,P0033,4,5694,5,21637.2,3781.2
OD001722,O00689,P0066,2,3382,0,6764.0,1946.0
OD001723,O00690,P0008,2,9277,10,16698.6,3876.6
OD001724,O00690,P0039,1,7839,5,7447.05,2044.05
OD001725,O00690,P0011,1,7617,5,7236.15,2265.15
OD001726,O00691,P0011,4,7617,0,30468.0,10584.0
OD001727,O00691,P0031,4,14006,15,47620.4,21784.4
OD001728,O00691,P0024,2,9546,20,15273.6,5421.6
OD001729,O00692,P0049,3,4908,0,14724.0,6891.0
OD001730,O00692,P0031,3,14006,10,37816.2,18439.2
OD001731,O00692,P0065,1,1750,0,1750.0,536.0
OD001732,O00693,P0013,2,1311,5,2490.9,1288.9
OD001733,O00693,P0053,1,500,15,425.0,193.0
OD001734,O00694,P0039,4,7839,10,28220.4,6608.4
OD001735,O00694,P0038,1,5709,10,5138.1,2139.1
OD001736,O00694,P0052,2,1682,0,3364.0,1432.0
OD001737,O00694,P0006,4,5410,10,19476.0,6204.0
OD001738,O00695,P0008,2,9277,5,17626.3,4804.3
OD001739,O00695,P0027,2,4363,15,7417.1,567.1
OD001740,O00696,P0072,2,10954,5,20812.6,10434.6
OD001741,O00696,P0069,4,6924,0,27696.0,4876.0
OD001742,O00696,P0073,2,3981,15,6767.7,1967.7
OD001743,O00696,P0065,1,1750,25,1312.5,98.5
OD001744,O00697,P0030,3,10331,15,26344.05,8629.05
OD001745,O00697,P0009,2,4834,20,7734.4,1226.4
OD001746,O00697,P0003,4,319,15,1084.6,36.6
OD001747,O00697,P0054,2,7011,15,11918.7,4636.7
OD001748,O00698,P0041,1,8569,20,6855.2,2050.2
OD001749,O00698,P0023,2,12189,5,23159.1,11971.1
OD001750,O00698,P0067,1,3128,10,2815.2,579.2
OD001751,O00699,P0045,2,8473,5,16098.7,3590.7
OD001752,O00699,P0008,1,9277,10,8349.3,1938.3
OD001753,O00699,P0038,1,5709,15,4852.65,1853.65
OD001754,O00699,P0015,1,6239,10,5615.1,1155.1
OD001755,O00700,P0057,1,4846,5,4603.7,1749.7
OD001756,O00700,P0024,4,9546,10,34365.6,14661.6
OD001757,O00701,P0034,1,8273,0,8273.0,1750.0
OD001758,O00702,P0069,2,6924,5,13155.6,1745.6
OD001759,O00702,P0060,4,3201,10,11523.6,5467.6
OD001760,O00703,P0024,4,9546,5,36274.8,16570.8
OD001761,O00703,P0017,1,10962,0,10962.0,5957.0
OD001762,O00703,P0079,3,11587,20,27808.8,11509.8
OD001763,O00704,P0042,3,8402,10,22685.4,5549.4
OD001764,O00704,P0050,3,791,15,2017.05,718.05
OD001765,O00705,P0055,2,3114,5,5916.6,1430.6
OD001766,O00705,P0042,4,8402,15,28566.8,5718.8
OD001767,O00705,P0020,2,1983,15,3371.1,241.1
OD001768,O00705,P0043,3,3251,5,9265.35,1150.35
OD001769,O00706,P0024,1,9546,15,8114.1,3188.1
OD001770,O00706,P0023,1,12189,5,11579.55,5985.55
OD001771,O00707,P0053,1,500,0,500.0,268.0
OD001772,O00708,P0077,4,3416,5,12980.8,6276.8
OD001773,O00708,P0056,3,14270,15,36388.5,16723.5
OD001774,O00708,P0082,4,2255,15,7667.0,3011.0
OD001775,O00709,P0058,3,3214,10,8677.8,2773.8
OD001776,O00709,P0004,3,3517,0,10551.0,2967.0
OD001777,O00709,P0010,4,6288,15,21379.2,4975.2
OD001778,O00710,P0051,4,8105,0,32420.0,14236.0
OD001779,O00711,P0042,3,8402,5,23945.7,6809.7
OD001780,O00711,P0076,3,7205,20,17292.0,3543.0
OD001781,O00712,P0031,4,14006,15,47620.4,21784.4
OD001782,O00712,P0066,1,3382,10,3043.8,634.8
OD001783,O00712,P0074,1,4472,5,4248.4,1088.4
OD001784,O00712,P0005,2,526,15,894.2,316.2
OD001785,O00713,P0047,2,4367,20,6987.2,759.2
OD001786,O00714,P0001,4,8847,25,26541.0,7181.0
OD001787,O00714,P0008,2,9277,5,17626.3,4804.3
OD001788,O00714,P0031,3,14006,0,42018.0,22641.0
OD001789,O00714,P0038,2,5709,5,10847.1,4849.1
OD001790,O00715,P0056,4,14270,5,54226.0,28006.0
OD001791,O00715,P0028,3,3631,15,9259.05,1507.05
OD001792,O00715,P0080,2,13672,20,21875.2,8111.2
OD001793,O00715,P0029,4,8916,15,30314.4,6026.4
OD001794,O00716,P0029,3,8916,20,21398.4,3182.4
OD001795,O00717,P0005,1,526,10,473.4,184.4
OD001796,O00718,P0024,3,9546,25,21478.5,6700.5
OD001797,O00718,P0009,4,4834,20,15468.8,2452.8
OD001798,O00718,P0034,3,8273,10,22337.1,2768.1
OD001799,O00718,P0060,3,3201,10,8642.7,4100.7
OD001800,O00719,P0082,1,2255,10,2029.5,865.5
OD001801,O00719,P0001,1,8847,5,8404.65,3564.65
OD001802,O00720,P0039,3,7839,15,19989.45,3780.45
OD001803,O00720,P0025,2,6585,5,12511.5,5121.5
OD001804,O00721,P0006,4,5410,5,20558.0,7286.0
OD001805,O00721,P0043,2,3251,10,5851.8,441.8
OD001806,O00721,P0078,3,2727,25,6135.75,966.75
OD001807,O00721,P0001,2,8847,0,17694.0,8014.0
OD001808,O00722,P0058,4,3214,20,10284.8,2412.8
OD001809,O00723,P0046,2,10496,20,16793.6,6979.6
OD001810,O00723,P0030,2,10331,15,17562.7,5752.7
OD001811,O00724,P0033,3,5694,15,14519.7,1127.7
OD001812,O00724,P0062,2,6552,15,11138.4,3486.4
OD001813,O00724,P0020,2,1983,0,3966.0,836.0
OD001814,O00724,P0048,3,3582,10,9671.4,3782.4
OD001815,O00725,P0036,1,8476,20,6780.8,2132.8
OD001816,O00726,P0065,4,1750,5,6650.0,1794.0
OD001817,O00726,P0022,3,5467,10,14760.9,7203.9
OD001818,O00727,P0082,1,2255,5,2142.25,978.25
OD001819,O00727,P0007,4,9936,20,31795.2,7023.2
OD001820,O00727,P0029,3,8916,10,24073.2,5857.2
OD001821,O00727,P0059,2,7607,10,13692.6,6412.6
OD001822,O00728,P0023,2,12189,10,21940.2,10752.2
OD001823,O00728,P0079,3,11587,5,33022.95,16723.95
OD001824,O00728,P0024,2,9546,10,17182.8,7330.8
OD001825,O00729,P0043,1,3251,15,2763.35,58.35
OD001826,O00729,P0015,2,6239,10,11230.2,2310.2
OD001827,O00729,P0024,4,9546,5,36274.8,16570.8
OD001828,O00730,P0007,2,9936,25,14904.0,2518.0
OD001829,O00731,P0007,3,9936,10,26827.2,8248.2
OD001830,O00731,P0029,4,8916,15,30314.4,6026.4
OD001831,O00731,P0072,1,10954,10,9858.6,4669.6
OD001832,O00731,P0067,4,3128,10,11260.8,2316.8
OD001833,O00732,P0017,3,10962,20,26308.8,11293.8
OD001834,O00732,P0079,4,11587,10,41713.2,19981.2
OD001835,O00733,P0048,2,3582,20,5731.2,1805.2
OD001836,O00734,P0044,1,1630,0,1630.0,392.0
OD001837,O00734,P0025,4,6585,10,23706.0,8926.0
OD001838,O00734,P0063,4,5568,5,21158.4,8710.4
OD001839,O00734,P0055,4,3114,15,10587.6,1615.6
OD001840,O00735,P0057,3,4846,0,14538.0,5976.0
OD001841,O00736,P0067,2,3128,0,6256.0,1784.0
OD001842,O00736,P0017,4,10962,20,35078.4,15058.4
OD001843,O00736,P0022,2,5467,5,10387.3,5349.3
OD001844,O00736,P0081,4,4694,25,14082.0,3746.0
OD001845,O00737,P0057,2,4846,10,8722.8,3014.8
OD001846,O00737,P0014,2,10018,5,19034.2,8328.2
OD001847,O00737,P0048,4,3582,25,10746.0,2894.0
OD001848,O00738,P0057,4,4846,10,17445.6,6029.6
OD001849,O00738,P0035,3,3553,0,10659.0,2409.0
OD001850,O00739,P0007,1,9936,10,8942.4,2749.4
OD001851,O00739,P0072,4,10954,20,35052.8,14296.8
OD001852,O00739,P0048,3,3582,10,9671.4,3782.4
OD001853,O00740,P0070,1,9093,10,8183.7,2339.7
OD001854,O00740,P0043,2,3251,10,5851.8,441.8
OD001855,O00741,P0064,2,6997,20,11195.2,3183.2
OD001856,O00742,P0074,4,4472,10,16099.2,3459.2
OD001857,O00742,P0001,2,8847,15,15039.9,5359.9
OD001858,O00743,P0007,1,9936,10,8942.4,2749.4
OD001859,O00743,P0056,1,14270,15,12129.5,5574.5
OD001860,O00744,P0021,3,12927,10,34902.9,17088.9
OD001861,O00744,P0049,4,4908,10,17668.8,7224.8
OD001862,O00745,P0022,1,5467,10,4920.3,2401.3
OD001863,O00746,P0068,1,375,20,300.0,0.0
OD001864,O00747,P0006,3,5410,10,14607.0,4653.0
OD001865,O00747,P0003,1,319,10,287.1,25.1
OD001866,O00747,P0011,2,7617,15,12948.9,3006.9
OD001867,O00748,P0039,1,7839,25,5879.25,476.25
OD001868,O00748,P0063,4,5568,15,18931.2,6483.2
OD001869,O00748,P0024,4,9546,0,38184.0,18480.0
OD001870,O00749,P0046,1,10496,20,8396.8,3489.8
OD001871,O00749,P0057,2,4846,5,9207.4,3499.4
OD001872,O00750,P0063,1,5568,0,5568.0,2456.0
OD001873,O00750,P0056,4,14270,15,48518.0,22298.0
OD001874,O00750,P0014,1,10018,5,9517.1,4164.1
OD001875,O00750,P0054,1,7011,20,5608.8,1967.8
OD001876,O00751,P0081,2,4694,20,7510.4,2342.4
OD001877,O00751,P0066,4,3382,10,12175.2,2539.2
OD001878,O00751,P0001,2,8847,20,14155.2,4475.2
OD001879,O00751,P0023,4,12189,10,43880.4,21504.4
OD001880,O00752,P0076,1,7205,20,5764.0,1181.0
OD001881,O00752,P0081,2,4694,10,8449.2,3281.2
OD001882,O00752,P0068,4,375,0,1500.0,300.0
OD001883,O00753,P0069,1,6924,5,6577.8,872.8
OD001884,O00753,P0055,4,3114,5,11833.2,2861.2
OD001885,O00754,P0041,4,8569,25,25707.0,6487.0
OD001886,O00754,P0080,3,13672,20,32812.8,12166.8
OD001887,O00754,P0010,4,6288,10,22636.8,6232.8
OD001888,O00755,P0060,4,3201,15,10883.4,4827.4
OD001889,O00755,P0041,2,8569,10,15424.2,5814.2
OD001890,O00755,P0029,1,8916,15,7578.6,1506.6
OD001891,O00755,P0042,2,8402,20,13443.2,2019.2
OD001892,O00756,P0012,2,2280,10,4104.0,858.0
OD001893,O00757,P0007,2,9936,0,19872.0,7486.0
OD001894,O00757,P0061,2,6727,15,11435.9,2211.9
OD001895,O00757,P0056,3,14270,10,38529.0,18864.0
OD001896,O00757,P0017,2,10962,5,20827.8,10817.8
OD001897,O00758,P0029,3,8916,0,26748.0,8532.0
OD001898,O00758,P0055,3,3114,15,7940.7,1211.7
OD001899,O00758,P0057,4,4846,15,16476.4,5060.4
OD001900,O00758,P0074,3,4472,10,12074.4,2594.4
OD001901,O00759,P0012,2,2280,5,4332.0,1086.0
OD001902,O00759,P0056,3,14270,15,36388.5,16723.5
OD001903,O00760,P0006,1,5410,20,4328.0,1010.0
OD001904,O00760,P0052,4,1682,0,6728.0,2864.0
OD001905,O00760,P0022,1,5467,15,4646.95,2127.95
OD001906,O00761,P0038,4,5709,20,18268.8,6272.8
OD001907,O00761,P0062,1,6552,10,5896.8,2070.8
OD001908,O00761,P0002,2,8892,10,16005.6,6515.6
OD001909,O00762,P0079,4,11587,5,44030.6,22298.6
OD001910,O00763,P0078,4,2727,15,9271.8,2379.8
OD001911,O00764,P0065,2,1750,10,3150.0,722.0
OD001912,O00764,P0055,3,3114,0,9342.0,2613.0
OD001913,O00765,P0027,3,4363,5,12434.55,2159.55
OD001914,O00765,P0007,2,9936,5,18878.4,6492.4
OD001915,O00765,P0033,4,5694,5,21637.2,3781.2
OD001916,O00765,P0016,3,7194,0,21582.0,10710.0
OD001917,O00766,P0067,2,3128,5,5943.2,1471.2
OD001918,O00766,P0043,3,3251,0,9753.0,1638.0
OD001919,O00766,P0003,3,319,10,861.3,75.3
OD001920,O00767,P0061,3,6727,10,18162.9,4326.9
OD001921,O00767,P0075,3,2498,0,7494.0,3492.0
OD001922,O00767,P0078,2,2727,25,4090.5,644.5
OD001923,O00768,P0013,4,1311,10,4719.6,2315.6
OD001924,O00768,P0017,1,10962,20,8769.6,3764.6
OD001925,O00769,P0024,3,9546,5,27206.1,12428.1
OD001926,O00769,P0013,3,1311,20,3146.4,1343.4
OD001927,O00769,P0053,2,500,20,800.0,336.0
OD001928,O00769,P0021,2,12927,15,21975.9,10099.9
OD001929,O00770,P0076,3,7205,5,20534.25,6785.25
OD001930,O00770,P0059,3,7607,0,22821.0,11901.0
OD001931,O00770,P0068,3,375,15,956.25,56.25
OD001932,O00770,P0001,4,8847,15,30079.8,10719.8
OD001933,O00771,P0016,1,7194,0,7194.0,3570.0
OD001934,O00771,P0055,4,3114,0,12456.0,3484.0
OD001935,O00772,P0040,2,6601,15,11221.7,3223.7
OD001936,O00772,P0072,2,10954,0,21908.0,11530.0
OD001937,O00773,P0068,4,375,0,1500.0,300.0
OD001938,O00773,P0059,1,7607,25,5705.25,2065.25
OD001939,O00774,P0027,3,4363,5,12434.55,2159.55
OD001940,O00775,P0062,2,6552,15,11138.4,3486.4
OD001941,O00776,P0049,2,4908,15,8343.6,3121.6
OD001942,O00776,P0021,2,12927,10,23268.6,11392.6
OD001943,O00777,P0002,4,8892,20,28454.4,9474.4
OD001944,O00777,P0052,2,1682,25,2523.0,591.0
OD001945,O00777,P0063,1,5568,5,5289.6,2177.6
OD001946,O00778,P0025,2,6585,20,10536.0,3146.0
OD001947,O00778,P0076,4,7205,15,24497.0,6165.0
OD001948,O00778,P0043,3,3251,5,9265.35,1150.35
OD001949,O00778,P0029,1,8916,15,7578.6,1506.6
OD001950,O00779,P0040,2,6601,20,10561.6,2563.6
OD001951,O00779,P0045,4,8473,5,32197.4,7181.4
OD001952,O00780,P0026,3,9610,20,23064.0,4422.0
OD001953,O00780,P0003,3,319,0,957.0,171.0
OD001954,O00781,P0073,1,3981,15,3383.85,983.85
OD001955,O00782,P0012,2,2280,15,3876.0,630.0
OD001956,O00782,P0009,2,4834,5,9184.6,2676.6
OD001957,O00782,P0029,2,8916,10,16048.8,3904.8
OD001958,O00783,P0013,2,1311,10,2359.8,1157.8
OD001959,O00784,P0037,3,4495,20,10788.0,3096.0
OD001960,O00784,P0073,2,3981,10,7165.8,2365.8
OD001961,O00785,P0002,1,8892,10,8002.8,3257.8
OD001962,O00785,P0081,2,4694,0,9388.0,4220.0
OD001963,O00786,P0011,4,7617,15,25897.8,6013.8
OD001964,O00787,P0026,1,9610,10,8649.0,2435.0
OD001965,O00788,P0054,3,7011,15,17878.05,6955.05
OD001966,O00788,P0057,4,4846,15,16476.4,5060.4
OD001967,O00788,P0015,2,6239,15,10606.3,1686.3
OD001968,O00788,P0064,3,6997,20,16792.8,4774.8
OD001969,O00789,P0054,1,7011,10,6309.9,2668.9
OD001970,O00789,P0039,3,7839,10,21165.3,4956.3
OD001971,O00789,P0002,2,8892,5,16894.8,7404.8
OD001972,O00790,P0035,4,3553,10,12790.8,1790.8
OD001973,O00791,P0058,3,3214,5,9159.9,3255.9
OD001974,O00791,P0008,3,9277,15,23656.35,4423.35
OD001975,O00791,P0019,3,6155,5,17541.75,8808.75
OD001976,O00791,P0031,4,14006,20,44819.2,18983.2
OD001977,O00792,P0065,3,1750,20,4200.0,558.0
OD001978,O00792,P0044,3,1630,15,4156.5,442.5
OD001979,O00792,P0008,2,9277,10,16698.6,3876.6
OD001980,O00793,P0073,1,3981,15,3383.85,983.85
OD001981,O00793,P0078,1,2727,5,2590.65,867.65
OD001982,O00793,P0079,2,11587,0,23174.0,12308.0
OD001983,O00794,P0021,4,12927,5,49122.6,25370.6
OD001984,O00794,P0034,3,8273,15,21096.15,1527.15
OD001985,O00794,P0042,3,8402,0,25206.0,8070.0
OD001986,O00794,P0003,1,319,10,287.1,25.1
OD001987,O00795,P0049,1,4908,5,4662.6,2051.6
OD001988,O00796,P0065,1,1750,0,1750.0,536.0
OD001989,O00797,P0039,4,7839,10,28220.4,6608.4
OD001990,O00798,P0080,2,13672,0,27344.0,13580.0
OD001991,O00798,P0082,1,2255,5,2142.25,978.25
OD001992,O00798,P0015,3,6239,10,16845.3,3465.3
OD001993,O00799,P0081,3,4694,0,14082.0,6330.0
OD001994,O00800,P0053,2,500,5,950.0,486.0
OD001995,O00800,P0029,2,8916,10,16048.8,3904.8
OD001996,O00800,P0080,4,13672,15,46484.8,18956.8
OD001997,O00801,P0017,3,10962,10,29597.4,14582.4
OD001998,O00802,P0068,1,375,0,375.0,75.0
OD001999,O00802,P0012,4,2280,10,8208.0,1716.0
OD002000,O00802,P0043,3,3251,15,8290.05,175.05
OD002001,O00803,P0059,2,7607,10,13692.6,6412.6
OD002002,O00804,P0050,2,791,5,1502.9,636.9
OD002003,O00805,P0057,3,4846,15,12357.3,3795.3
OD002004,O00805,P0036,2,8476,20,13561.6,4265.6
OD002005,O00805,P0060,1,3201,10,2880.9,1366.9
OD002006,O00805,P0058,1,3214,10,2892.6,924.6
OD002007,O00806,P0077,4,3416,20,10931.2,4227.2
OD002008,O00806,P0029,2,8916,0,17832.0,5688.0
OD002009,O00807,P0008,2,9277,10,16698.6,3876.6
OD002010,O00807,P0075,1,2498,20,1998.4,664.4
OD002011,O00807,P0003,3,319,10,861.3,75.3
OD002012,O00807,P0056,4,14270,10,51372.0,25152.0
OD002013,O00808,P0062,4,6552,0,26208.0,10904.0
OD002014,O00808,P0015,1,6239,5,5927.05,1467.05
OD002015,O00808,P0030,4,10331,20,33059.2,9439.2
OD002016,O00808,P0017,2,10962,10,19731.6,9721.6
OD002017,O00809,P0078,2,2727,10,4908.6,1462.6
OD002018,O00809,P0064,1,6997,10,6297.3,2291.3
OD002019,O00809,P0004,1,3517,10,3165.3,637.3
OD002020,O00810,P0019,3,6155,10,16618.5,7885.5
OD002021,O00810,P0057,3,4846,20,11630.4,3068.4
OD002022,O00811,P0052,2,1682,10,3027.6,1095.6
OD002023,O00811,P0064,3,6997,10,18891.9,6873.9
OD002024,O00811,P0073,2,3981,10,7165.8,2365.8
OD002025,O00812,P0048,2,3582,5,6805.8,2879.8
OD002026,O00812,P0049,2,4908,15,8343.6,3121.6
OD002027,O00813,P0081,3,4694,10,12673.8,4921.8
OD002028,O00813,P0036,3,8476,5,24156.6,10212.6
OD002029,O00814,P0049,3,4908,5,13987.8,6154.8
OD002030,O00815,P0038,1,5709,15,4852.65,1853.65
OD002031,O00815,P0039,1,7839,15,6663.15,1260.15
OD002032,O00816,P0065,2,1750,5,3325.0,897.0
OD002033,O00816,P0024,4,9546,15,32456.4,12752.4
OD002034,O00817,P0015,2,6239,0,12478.0,3558.0
OD002035,O00817,P0009,3,4834,25,10876.5,1114.5
OD002036,O00817,P0017,1,10962,0,10962.0,5957.0
OD002037,O00817,P0020,3,1983,0,5949.0,1254.0
OD002038,O00818,P0054,1,7011,15,5959.35,2318.35
OD002039,O00819,P0007,2,9936,15,16891.2,4505.2
OD002040,O00819,P0030,2,10331,5,19628.9,7818.9
OD002041,O00819,P0074,2,4472,25,6708.0,388.0
OD002042,O00820,P0069,3,6924,0,20772.0,3657.0
OD002043,O00821,P0026,4,9610,15,32674.0,7818.0
OD002044,O00821,P0042,4,8402,0,33608.0,10760.0
OD002045,O00821,P0003,2,319,10,574.2,50.2
OD002046,O00822,P0048,3,3582,10,9671.4,3782.4
OD002047,O00822,P0037,1,4495,20,3596.0,1032.0
OD002048,O00822,P0042,2,8402,10,15123.6,3699.6
OD002049,O00823,P0034,2,8273,15,14064.1,1018.1
OD002050,O00823,P0028,3,3631,5,10348.35,2596.35
OD002051,O00823,P0013,3,1311,15,3343.05,1540.05
OD002052,O00823,P0038,1,5709,25,4281.75,1282.75
OD002053,O00824,P0038,2,5709,10,10276.2,4278.2
OD002054,O00824,P0005,2,526,15,894.2,316.2
OD002055,O00825,P0048,3,3582,20,8596.8,2707.8
OD002056,O00826,P0064,3,6997,5,19941.45,7923.45
OD002057,O00827,P0069,4,6924,20,22156.8,-663.2
OD002058,O00828,P0076,4,7205,10,25938.0,7606.0
OD002059,O00828,P0047,3,4367,0,13101.0,3759.0
OD002060,O00829,P0081,3,4694,5,13377.9,5625.9
OD002061,O00830,P0082,2,2255,0,4510.0,2182.0
OD002062,O00830,P0025,3,6585,10,17779.5,6694.5
OD002063,O00830,P0007,2,9936,10,17884.8,5498.8
OD002064,O00831,P0025,1,6585,15,5597.25,1902.25
OD002065,O00831,P0071,4,8287,0,33148.0,10608.0
OD002066,O00831,P0080,1,13672,10,12304.8,5422.8
OD002067,O00832,P0027,3,4363,20,10471.2,196.2
OD002068,O00832,P0036,4,8476,15,28818.4,10226.4
OD002069,O00832,P0040,1,6601,0,6601.0,2602.0
OD002070,O00833,P0043,3,3251,15,8290.05,175.05
OD002071,O00833,P0018,3,8947,5,25498.95,7315.95
OD002072,O00833,P0052,4,1682,15,5718.8,1854.8
OD002073,O00834,P0047,4,4367,5,16594.6,4138.6
OD002074,O00834,P0004,2,3517,20,5627.2,571.2
OD002075,O00835,P0017,1,10962,10,9865.8,4860.8
OD002076,O00835,P0036,4,8476,10,30513.6,11921.6
OD002077,O00836,P0075,4,2498,5,9492.4,4156.4
OD002078,O00836,P0032,2,11145,15,18946.5,6530.5
OD002079,O00836,P0049,1,4908,20,3926.4,1315.4
OD002080,O00836,P0012,3,2280,20,5472.0,603.0
OD002081,O00837,P0022,3,5467,5,15580.95,8023.95
OD002082,O00837,P0005,4,526,5,1998.8,842.8
OD002083,O00837,P0056,3,14270,5,40669.5,21004.5
OD002084,O00838,P0046,2,10496,10,18892.8,9078.8
OD002085,O00838,P0062,3,6552,0,19656.0,8178.0
OD002086,O00839,P0068,3,375,20,900.0,0.0
OD002087,O00839,P0042,4,8402,0,33608.0,10760.0
OD002088,O00839,P0081,4,4694,15,15959.6,5623.6
OD002089,O00839,P0005,2,526,0,1052.0,474.0
OD002090,O00840,P0060,4,3201,20,10243.2,4187.2
OD002091,O00840,P0024,4,9546,15,32456.4,12752.4
OD002092,O00840,P0072,1,10954,15,9310.9,4121.9
OD002093,O00840,P0035,4,3553,25,10659.0,-341.0
OD002094,O00841,P0014,2,10018,20,16028.8,5322.8
OD002095,O00841,P0017,1,10962,25,8221.5,3216.5
OD002096,O00841,P0020,1,1983,10,1784.7,219.7
OD002097,O00842,P0052,4,1682,15,5718.8,1854.8
OD002098,O00842,P0076,3,7205,15,18372.75,4623.75
OD002099,O00842,P0079,1,11587,15,9848.95,4415.95
OD002100,O00843,P0037,2,4495,20,7192.0,2064.0
OD002101,O00844,P0018,4,8947,5,33998.6,9754.6
OD002102,O00844,P0057,2,4846,15,8238.2,2530.2
OD002103,O00844,P0064,4,6997,0,27988.0,11964.0
OD002104,O00844,P0070,1,9093,10,8183.7,2339.7
OD002105,O00845,P0046,4,10496,5,39884.8,20256.8
OD002106,O00846,P0076,3,7205,0,21615.0,7866.0
OD002107,O00847,P0013,4,1311,5,4981.8,2577.8
OD002108,O00848,P0070,3,9093,10,24551.1,7019.1
OD002109,O00848,P0016,4,7194,10,25898.4,11402.4
OD002110,O00849,P0041,1,8569,10,7712.1,2907.1
OD002111,O00849,P0079,3,11587,0,34761.0,18462.0
OD002112,O00850,P0057,1,4846,15,4119.1,1265.1
OD002113,O00850,P0050,2,791,10,1423.8,557.8
OD002114,O00850,P0055,1,3114,20,2491.2,248.2
OD002115,O00850,P0013,3,1311,5,3736.35,1933.35
OD002116,O00851,P0032,2,11145,0,22290.0,9874.0
OD002117,O00851,P0065,4,1750,20,5600.0,744.0
OD002118,O00851,P0052,1,1682,0,1682.0,716.0
OD002119,O00851,P0048,2,3582,0,7164.0,3238.0
OD002120,O00852,P0052,2,1682,5,3195.8,1263.8
OD002121,O00852,P0008,2,9277,5,17626.3,4804.3
OD002122,O00853,P0017,4,10962,15,37270.8,17250.8
OD002123,O00854,P0006,4,5410,15,18394.0,5122.0
OD002124,O00854,P0028,3,3631,20,8714.4,962.4
OD002125,O00855,P0082,3,2255,0,6765.0,3273.0
OD002126,O00856,P0003,2,319,0,638.0,114.0
OD002127,O00856,P0078,3,2727,10,7362.9,2193.9
OD002128,O00856,P0011,4,7617,20,24374.4,4490.4
OD002129,O00856,P0017,3,10962,20,26308.8,11293.8
OD002130,O00857,P0022,4,5467,10,19681.2,9605.2
OD002131,O00857,P0031,1,14006,15,11905.1,5446.1
OD002132,O00858,P0031,1,14006,15,11905.1,5446.1
OD002133,O00858,P0016,4,7194,5,27337.2,12841.2
OD002134,O00858,P0010,4,6288,5,23894.4,7490.4
OD002135,O00858,P0081,2,4694,10,8449.2,3281.2
OD002136,O00859,P0073,2,3981,0,7962.0,3162.0
OD002137,O00859,P0060,4,3201,5,12163.8,6107.8
OD002138,O00859,P0067,4,3128,10,11260.8,2316.8
OD002139,O00860,P0032,4,11145,5,42351.0,17519.0
OD002140,O00861,P0009,4,4834,10,17402.4,4386.4
OD002141,O00861,P0040,3,6601,10,17822.7,5825.7
OD002142,O00861,P0056,1,14270,15,12129.5,5574.5
OD002143,O00861,P0065,3,1750,15,4462.5,820.5
OD002144,O00862,P0025,1,6585,5,6255.75,2560.75
OD002145,O00862,P0079,2,11587,20,18539.2,7673.2
OD002146,O00862,P0081,3,4694,15,11969.7,4217.7
OD002147,O00863,P0016,3,7194,10,19423.8,8551.8
OD002148,O00863,P0057,1,4846,0,4846.0,1992.0
OD002149,O00864,P0077,2,3416,5,6490.4,3138.4
OD002150,O00864,P0049,2,4908,25,7362.0,2140.0
OD002151,O00864,P0067,4,3128,20,10009.6,1065.6
OD002152,O00864,P0079,3,11587,0,34761.0,18462.0
OD002153,O00865,P0018,4,8947,10,32209.2,7965.2
OD002154,O00865,P0064,3,6997,5,19941.45,7923.45
OD002155,O00865,P0025,1,6585,10,5926.5,2231.5
OD002156,O00865,P0044,4,1630,15,5542.0,590.0
OD002157,O00866,P0003,1,319,10,287.1,25.1
OD002158,O00866,P0027,4,4363,10,15706.8,2006.8
OD002159,O00866,P0082,2,2255,15,3833.5,1505.5
OD002160,O00867,P0031,1,14006,5,13305.7,6846.7
OD002161,O00867,P0025,1,6585,20,5268.0,1573.0
OD002162,O00867,P0071,3,8287,5,23617.95,6712.95
OD002163,O00868,P0023,1,12189,5,11579.55,5985.55
OD002164,O00868,P0074,1,4472,10,4024.8,864.8
OD002165,O00869,P0003,4,319,10,1148.4,100.4
OD002166,O00869,P0033,3,5694,20,13665.6,273.6
OD002167,O00869,P0005,3,526,25,1183.5,316.5
OD002168,O00869,P0059,3,7607,5,21679.95,10759.95
OD002169,O00870,P0020,2,1983,15,3371.1,241.1
OD002170,O00871,P0074,4,4472,0,17888.0,5248.0
OD002171,O00871,P0025,2,6585,5,12511.5,5121.5
OD002172,O00872,P0060,4,3201,10,11523.6,5467.6
OD002173,O00872,P0040,1,6601,10,5940.9,1941.9
OD002174,O00873,P0005,2,526,10,946.8,368.8
OD002175,O00874,P0078,1,2727,20,2181.6,458.6
OD002176,O00874,P0029,3,8916,10,24073.2,5857.2
OD002177,O00875,P0068,1,375,5,356.25,56.25
OD002178,O00875,P0027,4,4363,0,17452.0,3752.0
OD002179,O00875,P0012,2,2280,5,4332.0,1086.0
OD002180,O00876,P0048,3,3582,20,8596.8,2707.8
OD002181,O00876,P0005,1,526,10,473.4,184.4
OD002182,O00876,P0075,4,2498,10,8992.8,3656.8
OD002183,O00876,P0008,2,9277,0,18554.0,5732.0
OD002184,O00877,P0053,3,500,0,1500.0,804.0
OD002185,O00877,P0030,1,10331,10,9297.9,3392.9
OD002186,O00877,P0068,4,375,0,1500.0,300.0
OD002187,O00877,P0052,1,1682,20,1345.6,379.6
OD002188,O00878,P0075,4,2498,15,8493.2,3157.2
OD002189,O00879,P0067,4,3128,5,11886.4,2942.4
OD002190,O00880,P0045,4,8473,20,27113.6,2097.6
OD002191,O00880,P0028,1,3631,10,3267.9,683.9
OD002192,O00880,P0072,3,10954,10,29575.8,14008.8
OD002193,O00881,P0048,2,3582,15,6089.4,2163.4
OD002194,O00881,P0062,3,6552,10,17690.4,6212.4
OD002195,O00881,P0042,3,8402,10,22685.4,5549.4
OD002196,O00882,P0042,3,8402,10,22685.4,5549.4
OD002197,O00882,P0025,1,6585,20,5268.0,1573.0
OD002198,O00882,P0003,1,319,0,319.0,57.0
OD002199,O00883,P0070,2,9093,5,17276.7,5588.7
OD002200,O00883,P0014,2,10018,10,18032.4,7326.4
OD002201,O00883,P0066,3,3382,10,9131.4,1904.4
OD002202,O00883,P0080,4,13672,10,49219.2,21691.2
OD002203,O00884,P0066,2,3382,15,5749.4,931.4
OD002204,O00884,P0058,4,3214,0,12856.0,4984.0
OD002205,O00885,P0059,1,7607,15,6465.95,2825.95
OD002206,O00885,P0065,1,1750,5,1662.5,448.5
OD002207,O00886,P0049,2,4908,0,9816.0,4594.0
OD002208,O00886,P0011,4,7617,10,27421.2,7537.2
OD002209,O00886,P0008,4,9277,10,33397.2,7753.2
OD002210,O00887,P0028,1,3631,15,3086.35,502.35
OD002211,O00888,P0079,3,11587,5,33022.95,16723.95
OD002212,O00888,P0008,1,9277,20,7421.6,1010.6
OD002213,O00889,P0072,2,10954,10,19717.2,9339.2
OD002214,O00889,P0079,1,11587,15,9848.95,4415.95
OD002215,O00890,P0020,2,1983,10,3569.4,439.4
OD002216,O00890,P0066,3,3382,15,8624.1,1397.1
OD002217,O00890,P0069,1,6924,0,6924.0,1219.0
OD002218,O00890,P0059,3,7607,0,22821.0,11901.0
OD002219,O00891,P0074,1,4472,5,4248.4,1088.4
OD002220,O00892,P0002,3,8892,10,24008.4,9773.4
OD002221,O00893,P0039,2,7839,15,13326.3,2520.3
OD002222,O00894,P0060,4,3201,20,10243.2,4187.2
OD002223,O00894,P0021,4,12927,10,46537.2,22785.2
OD002224,O00894,P0073,3,3981,10,10748.7,3548.7
OD002225,O00895,P0059,4,7607,0,30428.0,15868.0
OD002226,O00895,P0076,3,7205,15,18372.75,4623.75
OD002227,O00896,P0001,1,8847,25,6635.25,1795.25
OD002228,O00897,P0044,2,1630,15,2771.0,295.0
OD002229,O00897,P0010,2,6288,0,12576.0,4374.0
OD002230,O00897,P0039,1,7839,0,7839.0,2436.0
OD002231,O00898,P0036,3,8476,15,21613.8,7669.8
OD002232,O00898,P0016,3,7194,10,19423.8,8551.8
OD002233,O00898,P0033,2,5694,15,9679.8,751.8
OD002234,O00898,P0002,2,8892,10,16005.6,6515.6
OD002235,O00899,P0004,4,3517,10,12661.2,2549.2
OD002236,O00899,P0010,4,6288,5,23894.4,7490.4
OD002237,O00899,P0028,2,3631,15,6172.7,1004.7
OD002238,O00900,P0052,3,1682,0,5046.0,2148.0
OD002239,O00900,P0031,3,14006,10,37816.2,18439.2
OD002240,O00900,P0056,1,14270,20,11416.0,4861.0
OD002241,O00900,P0071,4,8287,5,31490.6,8950.6
OD002242,O00901,P0068,3,375,15,956.25,56.25
OD002243,O00902,P0079,4,11587,10,41713.2,19981.2
OD002244,O00902,P0048,2,3582,10,6447.6,2521.6
OD002245,O00903,P0016,3,7194,5,20502.9,9630.9
OD002246,O00904,P0017,1,10962,25,8221.5,3216.5
OD002247,O00904,P0037,4,4495,20,14384.0,4128.0
OD002248,O00904,P0050,4,791,20,2531.2,799.2
OD002249,O00905,P0079,4,11587,0,46348.0,24616.0
OD002250,O00905,P0076,1,7205,10,6484.5,1901.5
OD002251,O00905,P0046,2,10496,5,19942.4,10128.4
OD002252,O00905,P0055,3,3114,15,7940.7,1211.7
OD002253,O00906,P0006,4,5410,10,19476.0,6204.0
OD002254,O00906,P0014,4,10018,10,36064.8,14652.8
OD002255,O00907,P0067,3,3128,5,8914.8,2206.8
OD002256,O00907,P0046,1,10496,10,9446.4,4539.4
OD002257,O00908,P0016,3,7194,25,16186.5,5314.5
OD002258,O00908,P0056,2,14270,10,25686.0,12576.0
OD002259,O00908,P0004,1,3517,20,2813.6,285.6
OD002260,O00908,P0024,4,9546,10,34365.6,14661.6
OD002261,O00909,P0019,1,6155,10,5539.5,2628.5
OD002262,O00909,P0046,4,10496,20,33587.2,13959.2
OD002263,O00909,P0016,4,7194,0,28776.0,14280.0
OD002264,O00910,P0004,2,3517,5,6682.3,1626.3
OD002265,O00910,P0054,4,7011,5,26641.8,12077.8
OD002266,O00910,P0074,2,4472,5,8496.8,2176.8
OD002267,O00911,P0001,3,8847,15,22559.85,8039.85
OD002268,O00911,P0047,1,4367,10,3930.3,816.3
OD002269,O00911,P0013,1,1311,5,1245.45,644.45
OD002270,O00912,P0026,4,9610,0,38440.0,13584.0
OD002271,O00912,P0066,3,3382,10,9131.4,1904.4
OD002272,O00912,P0015,2,6239,10,11230.2,2310.2
OD002273,O00913,P0077,2,3416,10,6148.8,2796.8
OD002274,O00913,P0019,1,6155,25,4616.25,1705.25
OD002275,O00913,P0005,3,526,10,1420.2,553.2
OD002276,O00913,P0020,1,1983,5,1883.85,318.85
OD002277,O00914,P0037,3,4495,25,10113.75,2421.75
OD002278,O00914,P0003,4,319,5,1212.2,164.2
OD002279,O00915,P0005,3,526,0,1578.0,711.0
OD002280,O00915,P0010,1,6288,0,6288.0,2187.0
OD002281,O00915,P0027,2,4363,20,6980.8,130.8
OD002282,O00915,P0082,4,2255,0,9020.0,4364.0
OD002283,O00916,P0003,4,319,0,1276.0,228.0
OD002284,O00916,P0075,1,2498,10,2248.2,914.2
OD002285,O00916,P0044,1,1630,5,1548.5,310.5
OD002286,O00916,P0027,3,4363,10,11780.1,1505.1
OD002287,O00917,P0077,2,3416,5,6490.4,3138.4
OD002288,O00917,P0033,3,5694,10,15373.8,1981.8
OD002289,O00918,P0036,4,8476,10,30513.6,11921.6
OD002290,O00918,P0062,4,6552,5,24897.6,9593.6
OD002291,O00918,P0063,2,5568,0,11136.0,4912.0
OD002292,O00918,P0020,3,1983,5,5651.55,956.55
OD002293,O00919,P0038,1,5709,5,5423.55,2424.55
OD002294,O00919,P0029,1,8916,0,8916.0,2844.0
OD002295,O00919,P0075,1,2498,10,2248.2,914.2
OD002296,O00920,P0054,1,7011,15,5959.35,2318.35
OD002297,O00920,P0047,3,4367,10,11790.9,2448.9
OD002298,O00921,P0031,1,14006,5,13305.7,6846.7
OD002299,O00921,P0011,3,7617,0,22851.0,7938.0
OD002300,O00922,P0076,2,7205,5,13689.5,4523.5
OD002301,O00923,P0036,4,8476,10,30513.6,11921.6
OD002302,O00923,P0077,2,3416,10,6148.8,2796.8
OD002303,O00923,P0011,3,7617,25,17138.25,2225.25
OD002304,O00923,P0002,4,8892,20,28454.4,9474.4
OD002305,O00924,P0060,3,3201,15,8162.55,3620.55
OD002306,O00924,P0033,3,5694,5,16227.9,2835.9
OD002307,O00925,P0032,1,11145,20,8916.0,2708.0
OD002308,O00926,P0028,2,3631,5,6898.9,1730.9
OD002309,O00927,P0065,3,1750,0,5250.0,1608.0
OD002310,O00928,P0037,4,4495,15,15283.0,5027.0
OD002311,O00929,P0075,2,2498,10,4496.4,1828.4
OD002312,O00930,P0009,2,4834,25,7251.0,743.0
OD002313,O00931,P0016,3,7194,15,18344.7,7472.7
OD002314,O00931,P0019,3,6155,0,18465.0,9732.0
OD002315,O00932,P0063,3,5568,0,16704.0,7368.0
OD002316,O00932,P0079,1,11587,15,9848.95,4415.95
OD002317,O00932,P0007,4,9936,0,39744.0,14972.0
OD002318,O00933,P0044,3,1630,0,4890.0,1176.0
OD002319,O00934,P0052,1,1682,0,1682.0,716.0
OD002320,O00934,P0030,3,10331,10,27893.7,10178.7
OD002321,O00935,P0067,2,3128,0,6256.0,1784.0
OD002322,O00935,P0061,4,6727,15,22871.8,4423.8
OD002323,O00936,P0069,1,6924,15,5885.4,180.4
OD002324,O00937,P0046,3,10496,10,28339.2,13618.2
OD002325,O00937,P0052,1,1682,15,1429.7,463.7
OD002326,O00937,P0014,4,10018,5,38068.4,16656.4
OD002327,O00937,P0009,3,4834,10,13051.8,3289.8
OD002328,O00938,P0079,3,11587,15,29546.85,13247.85
OD002329,O00939,P0051,1,8105,10,7294.5,2748.5
OD002330,O00939,P0008,4,9277,0,37108.0,11464.0
OD002331,O00939,P0002,4,8892,15,30232.8,11252.8
OD002332,O00939,P0061,4,6727,15,22871.8,4423.8
OD002333,O00940,P0061,4,6727,5,25562.6,7114.6
OD002334,O00940,P0004,1,3517,20,2813.6,285.6
OD002335,O00940,P0042,4,8402,10,30247.2,7399.2
OD002336,O00941,P0019,2,6155,15,10463.5,4641.5
OD002337,O00941,P0010,2,6288,20,10060.8,1858.8
OD002338,O00941,P0015,1,6239,20,4991.2,531.2
OD002339,O00942,P0009,3,4834,10,13051.8,3289.8
OD002340,O00942,P0062,3,6552,5,18673.2,7195.2
OD002341,O00942,P0010,2,6288,10,11318.4,3116.4
OD002342,O00942,P0039,3,7839,10,21165.3,4956.3
OD002343,O00943,P0001,3,8847,10,23886.9,9366.9
OD002344,O00943,P0063,3,5568,5,15868.8,6532.8
OD002345,O00943,P0052,2,1682,10,3027.6,1095.6
OD002346,O00943,P0079,3,11587,20,27808.8,11509.8
OD002347,O00944,P0061,2,6727,5,12781.3,3557.3
OD002348,O00944,P0045,2,8473,10,15251.4,2743.4
OD002349,O00945,P0063,4,5568,10,20044.8,7596.8
OD002350,O00945,P0071,2,8287,5,15745.3,4475.3
OD002351,O00945,P0012,1,2280,5,2166.0,543.0
OD002352,O00946,P0071,1,8287,0,8287.0,2652.0
OD002353,O00946,P0078,1,2727,10,2454.3,731.3
OD002354,O00946,P0066,3,3382,15,8624.1,1397.1
OD002355,O00947,P0075,2,2498,25,3747.0,1079.0
OD002356,O00947,P0037,4,4495,0,17980.0,7724.0
OD002357,O00947,P0076,1,7205,5,6844.75,2261.75
OD002358,O00948,P0039,1,7839,20,6271.2,868.2
OD002359,O00948,P0012,4,2280,5,8664.0,2172.0
OD002360,O00948,P0047,1,4367,5,4148.65,1034.65
OD002361,O00948,P0049,1,4908,20,3926.4,1315.4
OD002362,O00949,P0071,1,8287,0,8287.0,2652.0
OD002363,O00949,P0062,3,6552,25,14742.0,3264.0
OD002364,O00950,P0029,1,8916,20,7132.8,1060.8
OD002365,O00950,P0061,1,6727,5,6390.65,1778.65
OD002366,O00950,P0028,2,3631,15,6172.7,1004.7
OD002367,O00950,P0053,4,500,10,1800.0,872.0
OD002368,O00951,P0040,3,6601,5,18812.85,6815.85
OD002369,O00951,P0029,4,8916,10,32097.6,7809.6
OD002370,O00952,P0063,4,5568,5,21158.4,8710.4
OD002371,O00952,P0055,2,3114,5,5916.6,1430.6
OD002372,O00952,P0052,3,1682,20,4036.8,1138.8
OD002373,O00953,P0070,4,9093,20,29097.6,5721.6
OD002374,O00953,P0069,1,6924,20,5539.2,-165.8
OD002375,O00953,P0033,3,5694,5,16227.9,2835.9
OD002376,O00953,P0067,4,3128,15,10635.2,1691.2
OD002377,O00954,P0028,1,3631,10,3267.9,683.9
OD002378,O00954,P0071,3,8287,5,23617.95,6712.95
OD002379,O00955,P0015,2,6239,15,10606.3,1686.3
OD002380,O00955,P0024,1,9546,0,9546.0,4620.0
OD002381,O00955,P0069,4,6924,0,27696.0,4876.0
OD002382,O00955,P0066,1,3382,10,3043.8,634.8
OD002383,O00956,P0025,2,6585,5,12511.5,5121.5
OD002384,O00956,P0080,1,13672,10,12304.8,5422.8
OD002385,O00957,P0018,1,8947,15,7604.95,1543.95
OD002386,O00958,P0054,4,7011,5,26641.8,12077.8
OD002387,O00958,P0030,3,10331,0,30993.0,13278.0
OD002388,O00959,P0016,1,7194,10,6474.6,2850.6
OD002389,O00959,P0053,3,500,0,1500.0,804.0
OD002390,O00959,P0008,3,9277,5,26439.45,7206.45
OD002391,O00960,P0060,1,3201,15,2720.85,1206.85
OD002392,O00960,P0030,4,10331,5,39257.8,15637.8
OD002393,O00960,P0079,2,11587,15,19697.9,8831.9
OD002394,O00960,P0015,2,6239,15,10606.3,1686.3
OD002395,O00961,P0029,3,8916,15,22735.8,4519.8
OD002396,O00961,P0007,1,9936,15,8445.6,2252.6
OD002397,O00961,P0060,4,3201,15,10883.4,4827.4
OD002398,O00961,P0012,2,2280,10,4104.0,858.0
OD002399,O00962,P0056,4,14270,0,57080.0,30860.0
OD002400,O00962,P0012,3,2280,15,5814.0,945.0
OD002401,O00963,P0077,3,3416,25,7686.0,2658.0
OD002402,O00964,P0032,2,11145,10,20061.0,7645.0
OD002403,O00964,P0046,4,10496,15,35686.4,16058.4
OD002404,O00964,P0033,3,5694,10,15373.8,1981.8
OD002405,O00965,P0007,4,9936,5,37756.8,12984.8
OD002406,O00966,P0058,4,3214,0,12856.0,4984.0
OD002407,O00966,P0042,4,8402,0,33608.0,10760.0
OD002408,O00966,P0062,4,6552,15,22276.8,6972.8
OD002409,O00967,P0053,4,500,0,2000.0,1072.0
OD002410,O00967,P0049,4,4908,5,18650.4,8206.4
OD002411,O00967,P0070,1,9093,25,6819.75,975.75
OD002412,O00968,P0062,2,6552,20,10483.2,2831.2
OD002413,O00968,P0038,3,5709,15,14557.95,5560.95
OD002414,O00969,P0063,4,5568,15,18931.2,6483.2
OD002415,O00969,P0023,4,12189,10,43880.4,21504.4
OD002416,O00970,P0055,2,3114,0,6228.0,1742.0
OD002417,O00970,P0044,2,1630,0,3260.0,784.0
OD002418,O00970,P0029,3,8916,0,26748.0,8532.0
OD002419,O00970,P0017,3,10962,20,26308.8,11293.8
OD002420,O00971,P0042,4,8402,5,31927.6,9079.6
OD002421,O00971,P0077,4,3416,0,13664.0,6960.0
OD002422,O00971,P0009,2,4834,15,8217.8,1709.8
OD002423,O00972,P0048,1,3582,15,3044.7,1081.7
OD002424,O00972,P0064,2,6997,10,12594.6,4582.6
OD002425,O00972,P0039,1,7839,10,7055.1,1652.1
OD002426,O00973,P0072,3,10954,5,31218.9,15651.9
OD002427,O00973,P0034,3,8273,5,23578.05,4009.05
OD002428,O00973,P0030,2,10331,25,15496.5,3686.5
OD002429,O00973,P0023,3,12189,10,32910.3,16128.3
OD002430,O00974,P0018,1,8947,10,8052.3,1991.3
OD002431,O00975,P0067,2,3128,15,5317.6,845.6
OD002432,O00975,P0070,3,9093,20,21823.2,4291.2
OD002433,O00975,P0077,4,3416,15,11614.4,4910.4
OD002434,O00975,P0039,2,7839,0,15678.0,4872.0
OD002435,O00976,P0037,3,4495,5,12810.75,5118.75
OD002436,O00976,P0067,3,3128,20,7507.2,799.2
OD002437,O00977,P0009,4,4834,5,18369.2,5353.2
OD002438,O00977,P0024,4,9546,5,36274.8,16570.8
OD002439,O00977,P0029,1,8916,0,8916.0,2844.0
OD002440,O00978,P0021,4,12927,15,43951.8,20199.8
OD002441,O00978,P0074,2,4472,5,8496.8,2176.8
OD002442,O00978,P0075,1,2498,15,2123.3,789.3
OD002443,O00978,P0016,3,7194,10,19423.8,8551.8
OD002444,O00979,P0063,4,5568,10,20044.8,7596.8
OD002445,O00979,P0076,2,7205,10,12969.0,3803.0
OD002446,O00980,P0034,3,8273,15,21096.15,1527.15
OD002447,O00980,P0066,2,3382,10,6087.6,1269.6
OD002448,O00980,P0076,4,7205,5,27379.0,9047.0
OD002449,O00981,P0055,1,3114,10,2802.6,559.6
OD002450,O00982,P0025,3,6585,25,14816.25,3731.25
OD002451,O00982,P0024,2,9546,15,16228.2,6376.2
OD002452,O00982,P0071,1,8287,20,6629.6,994.6
OD002453,O00982,P0047,4,4367,5,16594.6,4138.6
OD002454,O00983,P0015,2,6239,0,12478.0,3558.0
OD002455,O00983,P0051,1,8105,15,6889.25,2343.25
OD002456,O00984,P0046,1,10496,5,9971.2,5064.2
OD002457,O00985,P0025,4,6585,20,21072.0,6292.0
OD002458,O00985,P0030,3,10331,10,27893.7,10178.7
OD002459,O00985,P0020,4,1983,0,7932.0,1672.0
OD002460,O00986,P0031,3,14006,20,33614.4,14237.4
OD002461,O00986,P0058,4,3214,15,10927.6,3055.6
OD002462,O00986,P0066,1,3382,5,3212.9,803.9
OD002463,O00986,P0024,1,9546,20,7636.8,2710.8
OD002464,O00987,P0016,1,7194,15,6114.9,2490.9
OD002465,O00987,P0003,1,319,20,255.2,-6.8
OD002466,O00987,P0072,4,10954,10,39434.4,18678.4
OD002467,O00987,P0067,4,3128,10,11260.8,2316.8
OD002468,O00988,P0028,4,3631,15,12345.4,2009.4
OD002469,O00988,P0046,3,10496,5,29913.6,15192.6
OD002470,O00988,P0071,2,8287,0,16574.0,5304.0
OD002471,O00988,P0011,1,7617,0,7617.0,2646.0
OD002472,O00989,P0078,2,2727,10,4908.6,1462.6
OD002473,O00990,P0026,2,9610,10,17298.0,4870.0
OD002474,O00990,P0025,1,6585,0,6585.0,2890.0
OD002475,O00990,P0012,2,2280,15,3876.0,630.0
OD002476,O00990,P0068,2,375,0,750.0,150.0
OD002477,O00991,P0026,4,9610,5,36518.0,11662.0
OD002478,O00992,P0082,1,2255,10,2029.5,865.5
OD002479,O00992,P0008,3,9277,10,25047.9,5814.9
OD002480,O00992,P0003,3,319,0,957.0,171.0
OD002481,O00992,P0072,1,10954,5,10406.3,5217.3
OD002482,O00993,P0066,3,3382,20,8116.8,889.8
OD002483,O00993,P0053,4,500,15,1700.0,772.0
OD002484,O00993,P0011,2,7617,20,12187.2,2245.2
OD002485,O00994,P0059,3,7607,15,19397.85,8477.85
OD002486,O00994,P0071,4,8287,15,28175.8,5635.8
OD002487,O00994,P0080,4,13672,15,46484.8,18956.8
OD002488,O00995,P0013,3,1311,20,3146.4,1343.4
OD002489,O00995,P0037,2,4495,15,7641.5,2513.5
OD002490,O00995,P0040,1,6601,5,6270.95,2271.95
OD002491,O00995,P0053,2,500,10,900.0,436.0
OD002492,O00996,P0008,1,9277,5,8813.15,2402.15
OD002493,O00997,P0082,3,2255,5,6426.75,2934.75
OD002494,O00998,P0003,4,319,10,1148.4,100.4
OD002495,O00999,P0058,2,3214,10,5785.2,1849.2
OD002496,O00999,P0010,3,6288,20,15091.2,2788.2
OD002497,O01000,P0045,3,8473,15,21606.15,2844.15
OD002498,O01000,P0032,2,11145,20,17832.0,5416.0
OD002499,O01001,P0061,1,6727,10,6054.3,1442.3
OD002500,O01001,P0020,4,1983,15,6742.2,482.2
OD002501,O01001,P0064,4,6997,5,26588.6,10564.6
OD002502,O01002,P0033,1,5694,5,5409.3,945.3
OD002503,O01002,P0010,2,6288,20,10060.8,1858.8
OD002504,O01002,P0015,2,6239,15,10606.3,1686.3
OD002505,O01003,P0060,4,3201,5,12163.8,6107.8
OD002506,O01004,P0078,1,2727,20,2181.6,458.6
OD002507,O01004,P0043,3,3251,5,9265.35,1150.35
OD002508,O01004,P0064,3,6997,5,19941.45,7923.45
OD002509,O01004,P0003,4,319,5,1212.2,164.2
OD002510,O01005,P0075,1,2498,5,2373.1,1039.1
OD002511,O01005,P0035,3,3553,5,10126.05,1876.05
OD002512,O01005,P0003,1,319,10,287.1,25.1
OD002513,O01005,P0073,3,3981,0,11943.0,4743.0
OD002514,O01006,P0013,2,1311,5,2490.9,1288.9
OD002515,O01007,P0004,2,3517,20,5627.2,571.2
OD002516,O01007,P0078,1,2727,0,2727.0,1004.0
OD002517,O01008,P0031,3,14006,5,39917.1,20540.1
OD002518,O01008,P0064,4,6997,10,25189.2,9165.2
OD002519,O01009,P0064,2,6997,5,13294.3,5282.3
OD002520,O01009,P0034,2,8273,0,16546.0,3500.0
OD002521,O01009,P0056,2,14270,5,27113.0,14003.0
OD002522,O01009,P0068,4,375,15,1275.0,75.0
OD002523,O01010,P0024,4,9546,20,30547.2,10843.2
OD002524,O01011,P0008,1,9277,0,9277.0,2866.0
OD002525,O01012,P0059,3,7607,10,20538.9,9618.9
OD002526,O01012,P0080,3,13672,15,34863.6,14217.6
OD002527,O01013,P0011,1,7617,15,6474.45,1503.45
OD002528,O01013,P0021,3,12927,5,36841.95,19027.95
OD002529,O01013,P0037,4,4495,15,15283.0,5027.0
OD002530,O01013,P0029,2,8916,20,14265.6,2121.6
OD002531,O01014,P0043,2,3251,15,5526.7,116.7
OD002532,O01014,P0021,2,12927,0,25854.0,13978.0
OD002533,O01015,P0070,4,9093,0,36372.0,12996.0
OD002534,O01016,P0049,2,4908,5,9325.2,4103.2
OD002535,O01016,P0027,3,4363,20,10471.2,196.2
OD002536,O01017,P0057,1,4846,10,4361.4,1507.4
OD002537,O01017,P0054,1,7011,10,6309.9,2668.9
OD002538,O01018,P0019,4,6155,20,19696.0,8052.0
OD002539,O01019,P0078,3,2727,10,7362.9,2193.9
OD002540,O01019,P0009,1,4834,10,4350.6,1096.6
OD002541,O01020,P0069,1,6924,10,6231.6,526.6
OD002542,O01020,P0024,2,9546,25,14319.0,4467.0
OD002543,O01021,P0039,4,7839,0,31356.0,9744.0
OD002544,O01021,P0068,2,375,5,712.5,112.5
OD002545,O01022,P0051,3,8105,15,20667.75,7029.75
OD002546,O01022,P0031,2,14006,10,25210.8,12292.8
OD002547,O01023,P0052,3,1682,10,4541.4,1643.4
OD002548,O01023,P0009,2,4834,5,9184.6,2676.6
OD002549,O01023,P0060,2,3201,20,5121.6,2093.6
OD002550,O01023,P0069,3,6924,10,18694.8,1579.8
OD002551,O01024,P0023,2,12189,0,24378.0,13190.0
OD002552,O01024,P0079,2,11587,10,20856.6,9990.6
OD002553,O01024,P0020,4,1983,10,7138.8,878.8
OD002554,O01025,P0024,4,9546,10,34365.6,14661.6
OD002555,O01026,P0044,1,1630,5,1548.5,310.5
OD002556,O01026,P0041,4,8569,10,30848.4,11628.4
OD002557,O01026,P0058,2,3214,20,5142.4,1206.4
OD002558,O01027,P0018,4,8947,10,32209.2,7965.2
OD002559,O01027,P0072,3,10954,5,31218.9,15651.9
OD002560,O01027,P0078,4,2727,15,9271.8,2379.8
OD002561,O01028,P0070,4,9093,10,32734.8,9358.8
OD002562,O01028,P0030,1,10331,5,9814.45,3909.45
OD002563,O01028,P0025,3,6585,0,19755.0,8670.0
OD002564,O01029,P0029,4,8916,5,33880.8,9592.8
OD002565,O01029,P0050,4,791,10,2847.6,1115.6
OD002566,O01029,P0024,4,9546,10,34365.6,14661.6
OD002567,O01029,P0001,3,8847,5,25213.95,10693.95
OD002568,O01030,P0072,2,10954,15,18621.8,8243.8
OD002569,O01030,P0045,2,8473,0,16946.0,4438.0
OD002570,O01030,P0032,3,11145,20,26748.0,8124.0
OD002571,O01030,P0059,1,7607,10,6846.3,3206.3
OD002572,O01031,P0034,4,8273,10,29782.8,3690.8
OD002573,O01031,P0018,3,8947,15,22814.85,4631.85
OD002574,O01032,P0005,4,526,20,1683.2,527.2
OD002575,O01032,P0052,4,1682,15,5718.8,1854.8
OD002576,O01033,P0057,3,4846,0,14538.0,5976.0
OD002577,O01033,P0053,4,500,5,1900.0,972.0
OD002578,O01033,P0050,1,791,5,751.45,318.45
OD002579,O01034,P0071,1,8287,20,6629.6,994.6
OD002580,O01034,P0073,2,3981,15,6767.7,1967.7
OD002581,O01034,P0059,2,7607,25,11410.5,4130.5
OD002582,O01035,P0027,1,4363,0,4363.0,938.0
OD002583,O01035,P0011,4,7617,15,25897.8,6013.8
OD002584,O01035,P0037,2,4495,10,8091.0,2963.0
OD002585,O01036,P0072,2,10954,15,18621.8,8243.8
OD002586,O01036,P0046,1,10496,0,10496.0,5589.0
OD002587,O01036,P0026,4,9610,5,36518.0,11662.0
OD002588,O01036,P0012,1,2280,5,2166.0,543.0
OD002589,O01037,P0031,1,14006,20,11204.8,4745.8
OD002590,O01037,P0036,3,8476,20,20342.4,6398.4
OD002591,O01037,P0027,2,4363,10,7853.4,1003.4
OD002592,O01038,P0002,4,8892,15,30232.8,11252.8
OD002593,O01038,P0040,3,6601,0,19803.0,7806.0
OD002594,O01038,P0080,3,13672,5,38965.2,18319.2
OD002595,O01038,P0056,4,14270,20,45664.0,19444.0
OD002596,O01039,P0035,4,3553,5,13501.4,2501.4
OD002597,O01039,P0016,3,7194,5,20502.9,9630.9
OD002598,O01040,P0055,1,3114,15,2646.9,403.9
OD002599,O01040,P0048,4,3582,20,11462.4,3610.4
OD002600,O01040,P0037,4,4495,15,15283.0,5027.0
OD002601,O01041,P0010,3,6288,25,14148.0,1845.0
OD002602,O01041,P0068,3,375,0,1125.0,225.0
OD002603,O01041,P0015,2,6239,25,9358.5,438.5
OD002604,O01041,P0023,1,12189,5,11579.55,5985.55
OD002605,O01042,P0005,4,526,10,1893.6,737.6
OD002606,O01042,P0076,2,7205,5,13689.5,4523.5
OD002607,O01042,P0048,3,3582,0,10746.0,4857.0
OD002608,O01042,P0022,2,5467,10,9840.6,4802.6
OD002609,O01043,P0078,3,2727,10,7362.9,2193.9
OD002610,O01044,P0036,1,8476,25,6357.0,1709.0
OD002611,O01044,P0070,3,9093,10,24551.1,7019.1
OD002612,O01044,P0027,3,4363,15,11125.65,850.65
OD002613,O01044,P0041,4,8569,0,34276.0,15056.0
OD002614,O01045,P0064,2,6997,20,11195.2,3183.2
OD002615,O01045,P0007,3,9936,5,28317.6,9738.6
OD002616,O01045,P0061,2,6727,20,10763.2,1539.2
OD002617,O01046,P0040,4,6601,5,25083.8,9087.8
OD002618,O01047,P0023,1,12189,5,11579.55,5985.55
OD002619,O01047,P0018,4,8947,25,26841.0,2597.0
OD002620,O01048,P0011,4,7617,25,22851.0,2967.0
OD002621,O01048,P0038,4,5709,5,21694.2,9698.2
OD002622,O01048,P0055,3,3114,10,8407.8,1678.8
OD002623,O01049,P0036,2,8476,0,16952.0,7656.0
OD002624,O01050,P0009,4,4834,15,16435.6,3419.6
OD002625,O01050,P0052,1,1682,5,1597.9,631.9
OD002626,O01051,P0034,2,8273,10,14891.4,1845.4
OD002627,O01051,P0008,2,9277,5,17626.3,4804.3
OD002628,O01051,P0049,2,4908,15,8343.6,3121.6
OD002629,O01051,P0059,2,7607,5,14453.3,7173.3
OD002630,O01052,P0045,4,8473,15,28808.2,3792.2
OD002631,O01052,P0062,3,6552,20,15724.8,4246.8
OD002632,O01052,P0009,1,4834,0,4834.0,1580.0
OD002633,O01053,P0072,1,10954,10,9858.6,4669.6
OD002634,O01053,P0065,3,1750,5,4987.5,1345.5
OD002635,O01054,P0032,3,11145,25,25076.25,6452.25
OD002636,O01054,P0080,2,13672,10,24609.6,10845.6
OD002637,O01054,P0009,3,4834,25,10876.5,1114.5
OD002638,O01054,P0016,1,7194,0,7194.0,3570.0
OD002639,O01055,P0080,2,13672,10,24609.6,10845.6
OD002640,O01055,P0067,1,3128,5,2971.6,735.6
OD002641,O01055,P0065,2,1750,15,2975.0,547.0
OD002642,O01055,P0079,4,11587,0,46348.0,24616.0
OD002643,O01056,P0053,2,500,5,950.0,486.0
OD002644,O01056,P0059,2,7607,25,11410.5,4130.5
OD002645,O01056,P0074,1,4472,10,4024.8,864.8
OD002646,O01057,P0075,1,2498,10,2248.2,914.2
OD002647,O01057,P0019,1,6155,0,6155.0,3244.0
OD002648,O01057,P0031,3,14006,10,37816.2,18439.2
OD002649,O01057,P0071,2,8287,25,12430.5,1160.5
OD002650,O01058,P0002,2,8892,5,16894.8,7404.8
OD002651,O01058,P0052,1,1682,0,1682.0,716.0
OD002652,O01058,P0067,4,3128,10,11260.8,2316.8
OD002653,O01059,P0027,4,4363,15,14834.2,1134.2
OD002654,O01059,P0060,3,3201,5,9122.85,4580.85
OD002655,O01059,P0052,1,1682,10,1513.8,547.8
OD002656,O01059,P0024,2,9546,25,14319.0,4467.0
OD002657,O01060,P0019,2,6155,5,11694.5,5872.5
OD002658,O01060,P0048,2,3582,10,6447.6,2521.6
OD002659,O01060,P0027,4,4363,15,14834.2,1134.2
OD002660,O01060,P0006,2,5410,10,9738.0,3102.0
OD002661,O01061,P0032,3,11145,20,26748.0,8124.0
OD002662,O01061,P0007,1,9936,10,8942.4,2749.4
OD002663,O01062,P0016,3,7194,20,17265.6,6393.6
OD002664,O01063,P0022,2,5467,0,10934.0,5896.0
OD002665,O01063,P0051,3,8105,5,23099.25,9461.25
OD002666,O01064,P0043,2,3251,10,5851.8,441.8
OD002667,O01065,P0049,2,4908,10,8834.4,3612.4
OD002668,O01066,P0070,1,9093,5,8638.35,2794.35
OD002669,O01066,P0067,2,3128,15,5317.6,845.6
OD002670,O01066,P0032,2,11145,25,16717.5,4301.5
OD002671,O01066,P0077,4,3416,10,12297.6,5593.6
OD002672,O01067,P0027,3,4363,5,12434.55,2159.55
OD002673,O01067,P0014,2,10018,15,17030.6,6324.6
OD002674,O01067,P0020,2,1983,5,3767.7,637.7
OD002675,O01068,P0015,2,6239,0,12478.0,3558.0
OD002676,O01068,P0017,4,10962,20,35078.4,15058.4
OD002677,O01069,P0064,1,6997,15,5947.45,1941.45
OD002678,O01069,P0039,2,7839,10,14110.2,3304.2
OD002679,O01069,P0045,3,8473,20,20335.2,1573.2
OD002680,O01069,P0015,2,6239,15,10606.3,1686.3
OD002681,O01070,P0035,1,3553,15,3020.05,270.05
OD002682,O01070,P0057,2,4846,0,9692.0,3984.0
OD002683,O01070,P0002,1,8892,0,8892.0,4147.0
OD002684,O01071,P0018,2,8947,5,16999.3,4877.3
OD002685,O01071,P0072,1,10954,10,9858.6,4669.6
OD002686,O01071,P0050,1,791,25,593.25,160.25
OD002687,O01071,P0001,4,8847,10,31849.2,12489.2
OD002688,O01072,P0039,3,7839,20,18813.6,2604.6
OD002689,O01073,P0051,1,8105,0,8105.0,3559.0
OD002690,O01073,P0066,4,3382,15,11498.8,1862.8
OD002691,O01073,P0009,1,4834,10,4350.6,1096.6
OD002692,O01073,P0041,3,8569,0,25707.0,11292.0
OD002693,O01074,P0002,4,8892,10,32011.2,13031.2
OD002694,O01074,P0049,1,4908,5,4662.6,2051.6
OD002695,O01074,P0023,1,12189,10,10970.1,5376.1
OD002696,O01074,P0063,1,5568,20,4454.4,1342.4
OD002697,O01075,P0024,1,9546,10,8591.4,3665.4
OD002698,O01075,P0023,3,12189,10,32910.3,16128.3
OD002699,O01076,P0001,2,8847,5,16809.3,7129.3
OD002700,O01076,P0075,3,2498,25,5620.5,1618.5
OD002701,O01076,P0006,4,5410,10,19476.0,6204.0
OD002702,O01077,P0079,3,11587,20,27808.8,11509.8
OD002703,O01077,P0054,1,7011,5,6660.45,3019.45
OD002704,O01077,P0052,4,1682,10,6055.2,2191.2
OD002705,O01077,P0049,1,4908,5,4662.6,2051.6
OD002706,O01078,P0061,2,6727,0,13454.0,4230.0
OD002707,O01079,P0005,3,526,5,1499.1,632.1
OD002708,O01079,P0076,3,7205,25,16211.25,2462.25
OD002709,O01079,P0011,4,7617,25,22851.0,2967.0
OD002710,O01080,P0067,3,3128,20,7507.2,799.2
OD002711,O01080,P0041,4,8569,10,30848.4,11628.4
OD002712,O01081,P0007,2,9936,0,19872.0,7486.0
OD002713,O01081,P0004,1,3517,20,2813.6,285.6
OD002714,O01081,P0074,1,4472,0,4472.0,1312.0
OD002715,O01081,P0040,4,6601,5,25083.8,9087.8
OD002716,O01082,P0055,1,3114,15,2646.9,403.9
OD002717,O01082,P0073,3,3981,20,9554.4,2354.4
OD002718,O01082,P0037,1,4495,0,4495.0,1931.0
OD002719,O01083,P0070,3,9093,15,23187.15,5655.15
OD002720,O01083,P0009,1,4834,20,3867.2,613.2
OD002721,O01083,P0027,2,4363,0,8726.0,1876.0
OD002722,O01084,P0018,2,8947,5,16999.3,4877.3
OD002723,O01085,P0018,3,8947,5,25498.95,7315.95
OD002724,O01086,P0012,1,2280,0,2280.0,657.0
OD002725,O01086,P0052,1,1682,5,1597.9,631.9
OD002726,O01086,P0077,2,3416,0,6832.0,3480.0
OD002727,O01087,P0043,3,3251,20,7802.4,-312.6
OD002728,O01087,P0064,3,6997,10,18891.9,6873.9
OD002729,O01088,P0048,1,3582,10,3223.8,1260.8
OD002730,O01088,P0067,3,3128,5,8914.8,2206.8
OD002731,O01088,P0031,1,14006,10,12605.4,6146.4
OD002732,O01088,P0077,2,3416,15,5807.2,2455.2
OD002733,O01089,P0068,3,375,5,1068.75,168.75
OD002734,O01089,P0067,3,3128,15,7976.4,1268.4
OD002735,O01089,P0020,3,1983,15,5056.65,361.65
OD002736,O01089,P0006,3,5410,5,15418.5,5464.5
OD002737,O01090,P0061,1,6727,0,6727.0,2115.0
OD002738,O01091,P0004,2,3517,15,5978.9,922.9
OD002739,O01091,P0024,1,9546,20,7636.8,2710.8
OD002740,O01092,P0040,1,6601,10,5940.9,1941.9
OD002741,O01092,P0001,1,8847,15,7519.95,2679.95
OD002742,O01093,P0074,2,4472,15,7602.4,1282.4
OD002743,O01093,P0016,3,7194,15,18344.7,7472.7
OD002744,O01093,P0021,2,12927,5,24561.3,12685.3
OD002745,O01094,P0040,1,6601,25,4950.75,951.75
OD002746,O01094,P0082,4,2255,20,7216.0,2560.0
OD002747,O01094,P0006,1,5410,10,4869.0,1551.0
OD002748,O01095,P0082,1,2255,10,2029.5,865.5
OD002749,O01095,P0017,1,10962,25,8221.5,3216.5
OD002750,O01095,P0043,3,3251,15,8290.05,175.05
OD002751,O01095,P0026,3,9610,15,24505.5,5863.5
OD002752,O01096,P0043,1,3251,15,2763.35,58.35
OD002753,O01096,P0075,4,2498,5,9492.4,4156.4
OD002754,O01096,P0003,4,319,20,1020.8,-27.2
OD002755,O01097,P0053,4,500,5,1900.0,972.0
OD002756,O01097,P0073,2,3981,25,5971.5,1171.5
OD002757,O01097,P0048,3,3582,20,8596.8,2707.8
OD002758,O01098,P0011,4,7617,15,25897.8,6013.8
OD002759,O01099,P0064,4,6997,15,23789.8,7765.8
OD002760,O01100,P0073,1,3981,5,3781.95,1381.95
OD002761,O01100,P0047,1,4367,5,4148.65,1034.65
OD002762,O01101,P0062,2,6552,10,11793.6,4141.6
OD002763,O01101,P0076,1,7205,10,6484.5,1901.5
OD002764,O01102,P0014,2,10018,25,15027.0,4321.0
OD002765,O01102,P0074,4,4472,5,16993.6,4353.6
OD002766,O01103,P0028,4,3631,5,13797.8,3461.8
OD002767,O01104,P0059,3,7607,5,21679.95,10759.95
OD002768,O01104,P0050,3,791,10,2135.7,836.7
OD002769,O01104,P0048,4,3582,15,12178.8,4326.8
OD002770,O01104,P0026,4,9610,15,32674.0,7818.0
OD002771,O01105,P0060,3,3201,15,8162.55,3620.55
OD002772,O01105,P0054,4,7011,10,25239.6,10675.6
OD002773,O01105,P0053,4,500,10,1800.0,872.0
OD002774,O01106,P0044,1,1630,25,1222.5,-15.5
OD002775,O01107,P0011,2,7617,20,12187.2,2245.2
OD002776,O01107,P0030,4,10331,5,39257.8,15637.8
OD002777,O01108,P0001,2,8847,25,13270.5,3590.5
OD002778,O01108,P0058,2,3214,0,6428.0,2492.0
OD002779,O01109,P0054,3,7011,10,18929.7,8006.7
OD002780,O01109,P0061,1,6727,10,6054.3,1442.3
OD002781,O01109,P0057,1,4846,10,4361.4,1507.4
OD002782,O01109,P0023,2,12189,10,21940.2,10752.2
OD002783,O01110,P0002,3,8892,25,20007.0,5772.0
OD002784,O01111,P0035,3,3553,15,9060.15,810.15
OD002785,O01112,P0046,4,10496,0,41984.0,22356.0
OD002786,O01112,P0056,2,14270,5,27113.0,14003.0
OD002787,O01112,P0024,3,9546,15,24342.3,9564.3
OD002788,O01112,P0041,3,8569,5,24421.65,10006.65
OD002789,O01113,P0029,4,8916,5,33880.8,9592.8
OD002790,O01113,P0038,2,5709,10,10276.2,4278.2
OD002791,O01113,P0081,4,4694,20,15020.8,4684.8
OD002792,O01113,P0030,2,10331,5,19628.9,7818.9
OD002793,O01114,P0055,2,3114,5,5916.6,1430.6
OD002794,O01114,P0003,4,319,5,1212.2,164.2
OD002795,O01114,P0076,2,7205,20,11528.0,2362.0
OD002796,O01115,P0026,2,9610,0,19220.0,6792.0
OD002797,O01115,P0073,3,3981,15,10151.55,2951.55
OD002798,O01115,P0058,4,3214,15,10927.6,3055.6
OD002799,O01115,P0011,2,7617,15,12948.9,3006.9
OD002800,O01116,P0036,2,8476,0,16952.0,7656.0
OD002801,O01117,P0041,4,8569,10,30848.4,11628.4
OD002802,O01118,P0030,3,10331,10,27893.7,10178.7
OD002803,O01118,P0056,1,14270,5,13556.5,7001.5
OD002804,O01118,P0029,3,8916,10,24073.2,5857.2
OD002805,O01118,P0048,4,3582,15,12178.8,4326.8
OD002806,O01119,P0057,3,4846,15,12357.3,3795.3
OD002807,O01119,P0039,4,7839,0,31356.0,9744.0
OD002808,O01119,P0014,3,10018,5,28551.3,12492.3
OD002809,O01120,P0068,1,375,5,356.25,56.25
OD002810,O01120,P0029,4,8916,5,33880.8,9592.8
OD002811,O01121,P0004,3,3517,15,8968.35,1384.35
OD002812,O01121,P0019,2,6155,25,9232.5,3410.5
OD002813,O01121,P0080,2,13672,10,24609.6,10845.6
OD002814,O01122,P0076,4,7205,15,24497.0,6165.0
OD002815,O01122,P0037,2,4495,5,8540.5,3412.5
OD002816,O01122,P0056,3,14270,15,36388.5,16723.5
OD002817,O01122,P0031,4,14006,0,56024.0,30188.0
OD002818,O01123,P0052,3,1682,10,4541.4,1643.4
OD002819,O01123,P0008,3,9277,0,27831.0,8598.0
OD002820,O01123,P0064,2,6997,20,11195.2,3183.2
OD002821,O01123,P0044,4,1630,25,4890.0,-62.0
OD002822,O01124,P0048,1,3582,25,2686.5,723.5
OD002823,O01124,P0071,1,8287,10,7458.3,1823.3
OD002824,O01125,P0036,3,8476,0,25428.0,11484.0
OD002825,O01125,P0063,4,5568,5,21158.4,8710.4
OD002826,O01125,P0029,2,8916,10,16048.8,3904.8
OD002827,O01125,P0020,3,1983,0,5949.0,1254.0
OD002828,O01126,P0049,1,4908,5,4662.6,2051.6
OD002829,O01126,P0081,3,4694,15,11969.7,4217.7
OD002830,O01126,P0015,2,6239,10,11230.2,2310.2
OD002831,O01126,P0040,1,6601,5,6270.95,2271.95
OD002832,O01127,P0026,4,9610,0,38440.0,13584.0
OD002833,O01128,P0051,4,8105,5,30799.0,12615.0
OD002834,O01128,P0059,2,7607,15,12931.9,5651.9
OD002835,O01129,P0020,1,1983,25,1487.25,-77.75
OD002836,O01129,P0053,4,500,25,1500.0,572.0
OD002837,O01129,P0063,2,5568,10,10022.4,3798.4
OD002838,O01130,P0082,2,2255,5,4284.5,1956.5
OD002839,O01130,P0063,4,5568,10,20044.8,7596.8
OD002840,O01130,P0044,2,1630,0,3260.0,784.0
OD002841,O01130,P0056,1,14270,0,14270.0,7715.0
OD002842,O01131,P0061,3,6727,10,18162.9,4326.9
OD002843,O01131,P0001,4,8847,15,30079.8,10719.8
OD002844,O01131,P0009,4,4834,15,16435.6,3419.6
OD002845,O01131,P0064,1,6997,20,5597.6,1591.6
OD002846,O01132,P0048,2,3582,20,5731.2,1805.2
OD002847,O01132,P0081,3,4694,10,12673.8,4921.8
OD002848,O01132,P0049,4,4908,15,16687.2,6243.2
OD002849,O01132,P0058,3,3214,20,7713.6,1809.6
OD002850,O01133,P0079,4,11587,0,46348.0,24616.0
OD002851,O01133,P0065,2,1750,20,2800.0,372.0
OD002852,O01134,P0043,4,3251,0,13004.0,2184.0
OD002853,O01134,P0006,1,5410,15,4598.5,1280.5
OD002854,O01134,P0030,2,10331,5,19628.9,7818.9
OD002855,O01135,P0046,3,10496,25,23616.0,8895.0
OD002856,O01135,P0076,4,7205,5,27379.0,9047.0
OD002857,O01135,P0002,2,8892,20,14227.2,4737.2
OD002858,O01136,P0025,1,6585,10,5926.5,2231.5
OD002859,O01137,P0031,3,14006,5,39917.1,20540.1
OD002860,O01137,P0079,4,11587,10,41713.2,19981.2
OD002861,O01138,P0056,4,14270,5,54226.0,28006.0
OD002862,O01138,P0061,2,6727,5,12781.3,3557.3
OD002863,O01139,P0030,3,10331,15,26344.05,8629.05
OD002864,O01139,P0046,3,10496,15,26764.8,12043.8
OD002865,O01139,P0002,3,8892,10,24008.4,9773.4
OD002866,O01140,P0040,3,6601,5,18812.85,6815.85
OD002867,O01141,P0065,2,1750,15,2975.0,547.0
OD002868,O01141,P0080,1,13672,10,12304.8,5422.8
OD002869,O01142,P0062,2,6552,10,11793.6,4141.6
OD002870,O01142,P0005,2,526,5,999.4,421.4
OD002871,O01143,P0035,1,3553,15,3020.05,270.05
OD002872,O01143,P0054,3,7011,25,15774.75,4851.75
OD002873,O01144,P0065,1,1750,20,1400.0,186.0
OD002874,O01145,P0036,1,8476,10,7628.4,2980.4
OD002875,O01146,P0045,2,8473,0,16946.0,4438.0
OD002876,O01146,P0023,3,12189,5,34738.65,17956.65
OD002877,O01146,P0015,3,6239,5,17781.15,4401.15
OD002878,O01146,P0004,1,3517,20,2813.6,285.6
OD002879,O01147,P0014,2,10018,15,17030.6,6324.6
OD002880,O01147,P0074,3,4472,20,10732.8,1252.8
OD002881,O01147,P0050,1,791,0,791.0,358.0
OD002882,O01148,P0038,3,5709,5,16270.65,7273.65
OD002883,O01148,P0054,4,7011,10,25239.6,10675.6
OD002884,O01148,P0075,1,2498,5,2373.1,1039.1
OD002885,O01149,P0043,3,3251,10,8777.7,662.7
OD002886,O01150,P0061,2,6727,0,13454.0,4230.0
OD002887,O01150,P0038,1,5709,25,4281.75,1282.75
OD002888,O01151,P0052,2,1682,10,3027.6,1095.6
OD002889,O01151,P0004,3,3517,0,10551.0,2967.0
OD002890,O01151,P0035,2,3553,20,5684.8,184.8
OD002891,O01152,P0043,3,3251,5,9265.35,1150.35
OD002892,O01152,P0047,4,4367,5,16594.6,4138.6
OD002893,O01152,P0024,4,9546,0,38184.0,18480.0
OD002894,O01153,P0048,3,3582,15,9134.1,3245.1
OD002895,O01154,P0019,4,6155,10,22158.0,10514.0
OD002896,O01154,P0002,2,8892,5,16894.8,7404.8
OD002897,O01155,P0057,4,4846,0,19384.0,7968.0
OD002898,O01155,P0072,2,10954,10,19717.2,9339.2
OD002899,O01155,P0010,2,6288,20,10060.8,1858.8
OD002900,O01156,P0048,1,3582,5,3402.9,1439.9
OD002901,O01157,P0049,4,4908,15,16687.2,6243.2
OD002902,O01157,P0022,4,5467,20,17494.4,7418.4
OD002903,O01157,P0061,3,6727,0,20181.0,6345.0
OD002904,O01157,P0075,4,2498,10,8992.8,3656.8
OD002905,O01158,P0023,2,12189,5,23159.1,11971.1
OD002906,O01158,P0055,3,3114,20,7473.6,744.6
OD002907,O01159,P0004,1,3517,20,2813.6,285.6
OD002908,O01160,P0058,2,3214,5,6106.6,2170.6
OD002909,O01160,P0033,2,5694,10,10249.2,1321.2
OD002910,O01160,P0045,2,8473,10,15251.4,2743.4
OD002911,O01160,P0042,4,8402,25,25206.0,2358.0
OD002912,O01161,P0018,3,8947,25,20130.75,1947.75
OD002913,O01161,P0039,1,7839,0,7839.0,2436.0
OD002914,O01161,P0033,3,5694,25,12811.5,-580.5
OD002915,O01162,P0071,3,8287,5,23617.95,6712.95
OD002916,O01163,P0050,1,791,25,593.25,160.25
OD002917,O01163,P0017,4,10962,0,43848.0,23828.0
OD002918,O01163,P0011,1,7617,10,6855.3,1884.3
OD002919,O01164,P0062,4,6552,15,22276.8,6972.8
OD002920,O01164,P0001,3,8847,25,19905.75,5385.75
OD002921,O01164,P0031,1,14006,15,11905.1,5446.1
OD002922,O01165,P0081,1,4694,10,4224.6,1640.6
OD002923,O01165,P0078,2,2727,5,5181.3,1735.3
OD002924,O01166,P0054,1,7011,10,6309.9,2668.9
OD002925,O01167,P0044,3,1630,5,4645.5,931.5
OD002926,O01167,P0023,3,12189,15,31081.95,14299.95
OD002927,O01168,P0001,2,8847,10,15924.6,6244.6
OD002928,O01168,P0067,2,3128,0,6256.0,1784.0
OD002929,O01168,P0069,3,6924,20,16617.6,-497.4
OD002930,O01169,P0033,1,5694,15,4839.9,375.9
OD002931,O01169,P0005,4,526,5,1998.8,842.8
OD002932,O01169,P0027,3,4363,20,10471.2,196.2
OD002933,O01169,P0062,2,6552,20,10483.2,2831.2
OD002934,O01170,P0080,2,13672,5,25976.8,12212.8
OD002935,O01171,P0078,3,2727,0,8181.0,3012.0
OD002936,O01171,P0052,3,1682,5,4793.7,1895.7
OD002937,O01171,P0059,4,7607,10,27385.2,12825.2
OD002938,O01171,P0013,1,1311,15,1114.35,513.35
OD002939,O01172,P0014,2,10018,0,20036.0,9330.0
OD002940,O01172,P0046,3,10496,5,29913.6,15192.6
OD002941,O01172,P0072,3,10954,0,32862.0,17295.0
OD002942,O01172,P0011,4,7617,20,24374.4,4490.4
OD002943,O01173,P0063,3,5568,20,13363.2,4027.2
OD002944,O01173,P0037,1,4495,10,4045.5,1481.5
OD002945,O01173,P0053,2,500,5,950.0,486.0
OD002946,O01173,P0070,4,9093,15,30916.2,7540.2
OD002947,O01174,P0038,3,5709,10,15414.3,6417.3
OD002948,O01174,P0027,3,4363,10,11780.1,1505.1
OD002949,O01174,P0056,3,14270,0,42810.0,23145.0
OD002950,O01174,P0012,1,2280,5,2166.0,543.0
OD002951,O01175,P0067,3,3128,15,7976.4,1268.4
OD002952,O01176,P0030,1,10331,15,8781.35,2876.35
OD002953,O01176,P0067,2,3128,10,5630.4,1158.4
OD002954,O01176,P0009,3,4834,5,13776.9,4014.9
OD002955,O01177,P0037,4,4495,10,16182.0,5926.0
OD002956,O01177,P0020,3,1983,15,5056.65,361.65
OD002957,O01177,P0003,3,319,15,813.45,27.45
OD002958,O01177,P0046,2,10496,10,18892.8,9078.8
OD002959,O01178,P0063,3,5568,20,13363.2,4027.2
OD002960,O01179,P0005,3,526,0,1578.0,711.0
OD002961,O01179,P0046,2,10496,15,17843.2,8029.2
OD002962,O01179,P0077,4,3416,10,12297.6,5593.6
OD002963,O01180,P0054,1,7011,20,5608.8,1967.8
OD002964,O01180,P0056,4,14270,5,54226.0,28006.0
OD002965,O01180,P0034,4,8273,10,29782.8,3690.8
OD002966,O01180,P0044,2,1630,20,2608.0,132.0
OD002967,O01181,P0026,1,9610,10,8649.0,2435.0
OD002968,O01181,P0019,1,6155,0,6155.0,3244.0
OD002969,O01181,P0043,1,3251,20,2600.8,-104.2
OD002970,O01182,P0052,4,1682,0,6728.0,2864.0
OD002971,O01182,P0047,4,4367,5,16594.6,4138.6
OD002972,O01183,P0071,1,8287,5,7872.65,2237.65
OD002973,O01183,P0034,4,8273,20,26473.6,381.6
OD002974,O01183,P0024,2,9546,15,16228.2,6376.2
OD002975,O01184,P0005,3,526,20,1262.4,395.4
OD002976,O01185,P0049,1,4908,5,4662.6,2051.6
OD002977,O01185,P0046,3,10496,0,31488.0,16767.0
OD002978,O01185,P0005,2,526,20,841.6,263.6
OD002979,O01186,P0047,2,4367,20,6987.2,759.2
OD002980,O01186,P0061,1,6727,20,5381.6,769.6
OD002981,O01186,P0044,4,1630,5,6194.0,1242.0
OD002982,O01187,P0055,1,3114,10,2802.6,559.6
OD002983,O01188,P0062,2,6552,15,11138.4,3486.4
OD002984,O01188,P0075,4,2498,15,8493.2,3157.2
OD002985,O01188,P0065,2,1750,10,3150.0,722.0
OD002986,O01188,P0017,3,10962,10,29597.4,14582.4
OD002987,O01189,P0006,2,5410,10,9738.0,3102.0
OD002988,O01189,P0033,3,5694,20,13665.6,273.6
OD002989,O01189,P0059,3,7607,5,21679.95,10759.95
OD002990,O01189,P0034,4,8273,25,24819.0,-1273.0
OD002991,O01190,P0020,3,1983,0,5949.0,1254.0
OD002992,O01191,P0060,1,3201,20,2560.8,1046.8
OD002993,O01191,P0026,3,9610,10,25947.0,7305.0
OD002994,O01191,P0054,4,7011,20,22435.2,7871.2
OD002995,O01192,P0046,2,10496,5,19942.4,10128.4
OD002996,O01193,P0032,3,11145,5,31763.25,13139.25
OD002997,O01193,P0017,2,10962,5,20827.8,10817.8
OD002998,O01194,P0075,2,2498,15,4246.6,1578.6
OD002999,O01194,P0018,1,8947,15,7604.95,1543.95
OD003000,O01194,P0066,3,3382,10,9131.4,1904.4
OD003001,O01194,P0020,4,1983,5,7535.4,1275.4
OD003002,O01195,P0005,4,526,20,1683.2,527.2
OD003003,O01196,P0014,4,10018,5,38068.4,16656.4
OD003004,O01196,P0067,4,3128,0,12512.0,3568.0
OD003005,O01197,P0048,3,3582,15,9134.1,3245.1
OD003006,O01198,P0057,3,4846,5,13811.1,5249.1
OD003007,O01198,P0020,1,1983,15,1685.55,120.55
OD003008,O01199,P0003,2,319,10,574.2,50.2
OD003009,O01199,P0069,4,6924,15,23541.6,721.6
OD003010,O01199,P0059,3,7607,0,22821.0,11901.0
OD003011,O01200,P0063,2,5568,20,8908.8,2684.8
OD003012,O01200,P0001,3,8847,0,26541.0,12021.0
OD003013,O01200,P0030,2,10331,10,18595.8,6785.8
OD003014,O01201,P0065,2,1750,0,3500.0,1072.0
OD003015,O01202,P0018,1,8947,10,8052.3,1991.3
OD003016,O01202,P0061,4,6727,10,24217.2,5769.2
OD003017,O01203,P0005,4,526,25,1578.0,422.0
OD003018,O01203,P0032,2,11145,10,20061.0,7645.0
OD003019,O01203,P0074,3,4472,10,12074.4,2594.4
OD003020,O01204,P0040,1,6601,10,5940.9,1941.9
OD003021,O01204,P0056,4,14270,10,51372.0,25152.0
OD003022,O01204,P0060,2,3201,5,6081.9,3053.9
OD003023,O01205,P0037,3,4495,10,12136.5,4444.5
OD003024,O01206,P0025,3,6585,15,16791.75,5706.75
OD003025,O01206,P0001,2,8847,25,13270.5,3590.5
OD003026,O01206,P0069,4,6924,10,24926.4,2106.4
OD003027,O01207,P0036,2,8476,15,14409.2,5113.2
OD003028,O01207,P0033,3,5694,5,16227.9,2835.9
OD003029,O01208,P0011,2,7617,20,12187.2,2245.2
OD003030,O01209,P0070,1,9093,10,8183.7,2339.7
OD003031,O01209,P0005,1,526,15,447.1,158.1
OD003032,O01209,P0032,3,11145,10,30091.5,11467.5
OD003033,O01209,P0008,3,9277,10,25047.9,5814.9
OD003034,O01210,P0064,1,6997,20,5597.6,1591.6
OD003035,O01211,P0082,1,2255,0,2255.0,1091.0
OD003036,O01211,P0011,1,7617,5,7236.15,2265.15
OD003037,O01212,P0020,1,1983,15,1685.55,120.55
OD003038,O01213,P0034,3,8273,5,23578.05,4009.05
OD003039,O01214,P0026,1,9610,5,9129.5,2915.5
OD003040,O01214,P0025,3,6585,20,15804.0,4719.0
OD003041,O01214,P0006,2,5410,10,9738.0,3102.0
OD003042,O01215,P0011,3,7617,5,21708.45,6795.45
OD003043,O01215,P0026,4,9610,5,36518.0,11662.0
OD003044,O01216,P0081,1,4694,5,4459.3,1875.3
OD003045,O01216,P0033,3,5694,15,14519.7,1127.7
OD003046,O01217,P0049,4,4908,15,16687.2,6243.2
OD003047,O01217,P0074,3,4472,5,12745.2,3265.2
OD003048,O01217,P0018,4,8947,10,32209.2,7965.2
OD003049,O01217,P0062,1,6552,10,5896.8,2070.8
OD003050,O01218,P0012,2,2280,5,4332.0,1086.0
OD003051,O01218,P0019,4,6155,10,22158.0,10514.0
OD003052,O01218,P0023,4,12189,0,48756.0,26380.0
OD003053,O01218,P0031,3,14006,0,42018.0,22641.0
OD003054,O01219,P0032,2,11145,10,20061.0,7645.0
OD003055,O01220,P0031,3,14006,20,33614.4,14237.4
OD003056,O01220,P0035,4,3553,5,13501.4,2501.4
OD003057,O01220,P0011,1,7617,10,6855.3,1884.3
OD003058,O01221,P0030,2,10331,5,19628.9,7818.9
OD003059,O01221,P0059,2,7607,15,12931.9,5651.9
OD003060,O01222,P0009,1,4834,20,3867.2,613.2
OD003061,O01223,P0005,2,526,15,894.2,316.2
OD003062,O01223,P0055,1,3114,5,2958.3,715.3
OD003063,O01224,P0041,4,8569,10,30848.4,11628.4
OD003064,O01224,P0069,1,6924,0,6924.0,1219.0
OD003065,O01225,P0057,3,4846,5,13811.1,5249.1
OD003066,O01225,P0036,2,8476,15,14409.2,5113.2
OD003067,O01225,P0024,4,9546,10,34365.6,14661.6
OD003068,O01226,P0031,2,14006,10,25210.8,12292.8
OD003069,O01226,P0002,2,8892,15,15116.4,5626.4
OD003070,O01226,P0017,1,10962,20,8769.6,3764.6
OD003071,O01227,P0014,4,10018,20,32057.6,10645.6
OD003072,O01227,P0069,3,6924,0,20772.0,3657.0
OD003073,O01228,P0019,3,6155,0,18465.0,9732.0
OD003074,O01228,P0079,1,11587,20,9269.6,3836.6
OD003075,O01228,P0040,3,6601,15,16832.55,4835.55
OD003076,O01229,P0059,2,7607,5,14453.3,7173.3
OD003077,O01230,P0058,3,3214,15,8195.7,2291.7
OD003078,O01230,P0052,3,1682,5,4793.7,1895.7
OD003079,O01231,P0082,1,2255,15,1916.75,752.75
OD003080,O01231,P0005,1,526,10,473.4,184.4
OD003081,O01231,P0003,3,319,5,909.15,123.15
OD003082,O01231,P0015,4,6239,10,22460.4,4620.4
OD003083,O01232,P0017,3,10962,15,27953.1,12938.1
OD003084,O01232,P0079,2,11587,0,23174.0,12308.0
OD003085,O01232,P0042,3,8402,10,22685.4,5549.4
OD003086,O01233,P0038,3,5709,5,16270.65,7273.65
OD003087,O01233,P0027,4,4363,15,14834.2,1134.2
OD003088,O01233,P0056,1,14270,20,11416.0,4861.0
OD003089,O01233,P0058,1,3214,15,2731.9,763.9
OD003090,O01234,P0029,1,8916,15,7578.6,1506.6
OD003091,O01234,P0010,2,6288,15,10689.6,2487.6
OD003092,O01234,P0053,3,500,15,1275.0,579.0
OD003093,O01235,P0077,3,3416,20,8198.4,3170.4
OD003094,O01235,P0016,3,7194,15,18344.7,7472.7
OD003095,O01235,P0079,1,11587,25,8690.25,3257.25
OD003096,O01236,P0017,4,10962,10,39463.2,19443.2
OD003097,O01237,P0081,3,4694,25,10561.5,2809.5
OD003098,O01237,P0073,3,3981,0,11943.0,4743.0
OD003099,O01237,P0027,4,4363,5,16579.4,2879.4
OD003100,O01237,P0009,1,4834,5,4592.3,1338.3
OD003101,O01238,P0080,1,13672,10,12304.8,5422.8
OD003102,O01239,P0081,4,4694,20,15020.8,4684.8
OD003103,O01239,P0008,1,9277,5,8813.15,2402.15
OD003104,O01240,P0027,1,4363,5,4144.85,719.85
OD003105,O01240,P0069,2,6924,0,13848.0,2438.0
OD003106,O01240,P0060,4,3201,25,9603.0,3547.0
OD003107,O01241,P0060,3,3201,15,8162.55,3620.55
OD003108,O01241,P0081,3,4694,15,11969.7,4217.7
OD003109,O01241,P0042,4,8402,10,30247.2,7399.2
OD003110,O01242,P0054,1,7011,0,7011.0,3370.0
OD003111,O01242,P0015,1,6239,5,5927.05,1467.05
OD003112,O01242,P0078,1,2727,0,2727.0,1004.0
OD003113,O01242,P0024,1,9546,15,8114.1,3188.1
OD003114,O01243,P0024,1,9546,10,8591.4,3665.4
OD003115,O01243,P0026,1,9610,0,9610.0,3396.0
OD003116,O01243,P0012,4,2280,15,7752.0,1260.0
OD003117,O01244,P0008,4,9277,15,31541.8,5897.8
OD003118,O01244,P0033,1,5694,0,5694.0,1230.0
OD003119,O01245,P0026,1,9610,15,8168.5,1954.5
OD003120,O01245,P0060,3,3201,10,8642.7,4100.7
OD003121,O01246,P0055,4,3114,10,11210.4,2238.4
OD003122,O01246,P0040,4,6601,10,23763.6,7767.6
OD003123,O01247,P0013,2,1311,10,2359.8,1157.8
OD003124,O01247,P0029,4,8916,20,28531.2,4243.2
OD003125,O01247,P0040,1,6601,20,5280.8,1281.8
OD003126,O01247,P0050,4,791,10,2847.6,1115.6
OD003127,O01248,P0051,3,8105,0,24315.0,10677.0
OD003128,O01248,P0057,2,4846,0,9692.0,3984.0
OD003129,O01248,P0030,2,10331,15,17562.7,5752.7
OD003130,O01248,P0004,4,3517,5,13364.6,3252.6
OD003131,O01249,P0001,4,8847,5,33618.6,14258.6
OD003132,O01249,P0009,2,4834,15,8217.8,1709.8
OD003133,O01249,P0004,4,3517,10,12661.2,2549.2
OD003134,O01250,P0055,1,3114,10,2802.6,559.6
OD003135,O01251,P0047,4,4367,10,15721.2,3265.2
OD003136,O01251,P0012,4,2280,15,7752.0,1260.0
OD003137,O01251,P0073,1,3981,5,3781.95,1381.95
OD003138,O01252,P0068,3,375,10,1012.5,112.5
OD003139,O01252,P0065,2,1750,20,2800.0,372.0
OD003140,O01253,P0019,2,6155,15,10463.5,4641.5
OD003141,O01253,P0037,2,4495,5,8540.5,3412.5
OD003142,O01254,P0020,4,1983,10,7138.8,878.8
OD003143,O01254,P0051,4,8105,0,32420.0,14236.0
OD003144,O01254,P0006,1,5410,20,4328.0,1010.0
OD003145,O01255,P0016,3,7194,10,19423.8,8551.8
OD003146,O01255,P0053,1,500,20,400.0,168.0
OD003147,O01256,P0068,1,375,10,337.5,37.5
OD003148,O01257,P0078,2,2727,10,4908.6,1462.6
OD003149,O01257,P0021,4,12927,10,46537.2,22785.2
OD003150,O01257,P0067,3,3128,5,8914.8,2206.8
OD003151,O01257,P0024,3,9546,15,24342.3,9564.3
OD003152,O01258,P0051,2,8105,20,12968.0,3876.0
OD003153,O01258,P0020,2,1983,20,3172.8,42.8
OD003154,O01259,P0012,2,2280,15,3876.0,630.0
OD003155,O01260,P0038,4,5709,15,19410.6,7414.6
OD003156,O01260,P0025,4,6585,10,23706.0,8926.0
OD003157,O01260,P0063,4,5568,10,20044.8,7596.8
OD003158,O01260,P0014,3,10018,10,27048.6,10989.6
OD003159,O01261,P0072,4,10954,20,35052.8,14296.8
OD003160,O01262,P0002,3,8892,15,22674.6,8439.6
OD003161,O01263,P0050,1,791,5,751.45,318.45
OD003162,O01263,P0007,3,9936,15,25336.8,6757.8
OD003163,O01263,P0019,1,6155,15,5231.75,2320.75
OD003164,O01264,P0023,1,12189,5,11579.55,5985.55
OD003165,O01265,P0011,2,7617,15,12948.9,3006.9
OD003166,O01265,P0044,4,1630,10,5868.0,916.0
OD003167,O01265,P0008,2,9277,5,17626.3,4804.3
OD003168,O01265,P0007,1,9936,5,9439.2,3246.2
OD003169,O01266,P0038,3,5709,10,15414.3,6417.3
OD003170,O01266,P0065,1,1750,20,1400.0,186.0
OD003171,O01266,P0080,4,13672,10,49219.2,21691.2
OD003172,O01267,P0041,1,8569,5,8140.55,3335.55
OD003173,O01267,P0007,2,9936,10,17884.8,5498.8
OD003174,O01267,P0008,3,9277,20,22264.8,3031.8
OD003175,O01267,P0033,3,5694,5,16227.9,2835.9
OD003176,O01268,P0062,3,6552,0,19656.0,8178.0
OD003177,O01268,P0046,4,10496,10,37785.6,18157.6
OD003178,O01269,P0081,4,4694,15,15959.6,5623.6
OD003179,O01269,P0071,3,8287,20,19888.8,2983.8
OD003180,O01270,P0063,2,5568,20,8908.8,2684.8
OD003181,O01270,P0006,1,5410,10,4869.0,1551.0
OD003182,O01270,P0036,2,8476,20,13561.6,4265.6
OD003183,O01270,P0027,2,4363,10,7853.4,1003.4
OD003184,O01271,P0020,4,1983,5,7535.4,1275.4
OD003185,O01271,P0064,2,6997,15,11894.9,3882.9
OD003186,O01271,P0011,1,7617,10,6855.3,1884.3
OD003187,O01271,P0002,2,8892,25,13338.0,3848.0
OD003188,O01272,P0018,3,8947,0,26841.0,8658.0
OD003189,O01272,P0011,3,7617,15,19423.35,4510.35
OD003190,O01273,P0006,3,5410,15,13795.5,3841.5
OD003191,O01273,P0073,2,3981,20,6369.6,1569.6
OD003192,O01273,P0025,4,6585,0,26340.0,11560.0
OD003193,O01274,P0066,1,3382,20,2705.6,296.6
OD003194,O01275,P0048,1,3582,15,3044.7,1081.7
OD003195,O01275,P0054,4,7011,0,28044.0,13480.0
OD003196,O01276,P0009,1,4834,10,4350.6,1096.6
OD003197,O01276,P0016,1,7194,10,6474.6,2850.6
OD003198,O01276,P0053,3,500,0,1500.0,804.0
OD003199,O01276,P0027,2,4363,10,7853.4,1003.4
OD003200,O01277,P0026,1,9610,20,7688.0,1474.0
OD003201,O01277,P0060,1,3201,5,3040.95,1526.95
OD003202,O01277,P0045,3,8473,5,24148.05,5386.05
OD003203,O01278,P0062,4,6552,5,24897.6,9593.6
OD003204,O01279,P0054,2,7011,25,10516.5,3234.5
OD003205,O01280,P0041,3,8569,10,23136.3,8721.3
OD003206,O01281,P0044,3,1630,10,4401.0,687.0
OD003207,O01281,P0049,4,4908,10,17668.8,7224.8
OD003208,O01281,P0051,3,8105,10,21883.5,8245.5
OD003209,O01281,P0052,2,1682,20,2691.2,759.2
OD003210,O01282,P0002,2,8892,5,16894.8,7404.8
OD003211,O01282,P0061,3,6727,15,17153.85,3317.85
OD003212,O01282,P0073,2,3981,20,6369.6,1569.6
OD003213,O01283,P0009,3,4834,0,14502.0,4740.0
OD003214,O01284,P0005,3,526,10,1420.2,553.2
OD003215,O01284,P0035,1,3553,0,3553.0,803.0
OD003216,O01284,P0030,1,10331,10,9297.9,3392.9
OD003217,O01284,P0077,1,3416,15,2903.6,1227.6
OD003218,O01285,P0047,1,4367,10,3930.3,816.3
OD003219,O01285,P0018,4,8947,10,32209.2,7965.2
OD003220,O01285,P0020,2,1983,10,3569.4,439.4
OD003221,O01285,P0076,2,7205,10,12969.0,3803.0
OD003222,O01286,P0036,2,8476,25,12714.0,3418.0
OD003223,O01287,P0081,3,4694,5,13377.9,5625.9
OD003224,O01287,P0072,4,10954,10,39434.4,18678.4
OD003225,O01287,P0054,1,7011,15,5959.35,2318.35
OD003226,O01288,P0045,3,8473,15,21606.15,2844.15
OD003227,O01288,P0026,4,9610,20,30752.0,5896.0
OD003228,O01288,P0062,1,6552,10,5896.8,2070.8
OD003229,O01288,P0080,4,13672,15,46484.8,18956.8
OD003230,O01289,P0027,1,4363,25,3272.25,-152.75
OD003231,O01289,P0062,4,6552,5,24897.6,9593.6
OD003232,O01290,P0071,1,8287,5,7872.65,2237.65
OD003233,O01290,P0015,2,6239,15,10606.3,1686.3
OD003234,O01290,P0066,2,3382,15,5749.4,931.4
OD003235,O01290,P0008,1,9277,15,7885.45,1474.45
OD003236,O01291,P0052,1,1682,25,1261.5,295.5
OD003237,O01291,P0068,2,375,20,600.0,0.0
OD003238,O01292,P0050,4,791,15,2689.4,957.4
OD003239,O01292,P0059,3,7607,20,18256.8,7336.8
OD003240,O01293,P0015,4,6239,10,22460.4,4620.4
OD003241,O01294,P0038,2,5709,20,9134.4,3136.4
OD003242,O01295,P0005,2,526,5,999.4,421.4
OD003243,O01295,P0062,4,6552,0,26208.0,10904.0
OD003244,O01296,P0035,1,3553,20,2842.4,92.4
OD003245,O01297,P0039,2,7839,10,14110.2,3304.2
OD003246,O01298,P0051,2,8105,20,12968.0,3876.0
OD003247,O01298,P0012,2,2280,15,3876.0,630.0
OD003248,O01298,P0075,4,2498,20,7993.6,2657.6
OD003249,O01299,P0054,1,7011,5,6660.45,3019.45
OD003250,O01300,P0064,4,6997,15,23789.8,7765.8
OD003251,O01301,P0021,3,12927,10,34902.9,17088.9
OD003252,O01302,P0004,2,3517,5,6682.3,1626.3
OD003253,O01302,P0059,3,7607,0,22821.0,11901.0
OD003254,O01303,P0027,1,4363,5,4144.85,719.85
OD003255,O01304,P0032,4,11145,5,42351.0,17519.0
OD003256,O01304,P0024,2,9546,25,14319.0,4467.0
OD003257,O01304,P0025,4,6585,25,19755.0,4975.0
OD003258,O01305,P0030,1,10331,10,9297.9,3392.9
OD003259,O01305,P0016,4,7194,5,27337.2,12841.2
OD003260,O01306,P0004,3,3517,15,8968.35,1384.35
OD003261,O01306,P0069,2,6924,10,12463.2,1053.2
OD003262,O01307,P0021,2,12927,10,23268.6,11392.6
OD003263,O01307,P0065,2,1750,5,3325.0,897.0
OD003264,O01308,P0077,2,3416,10,6148.8,2796.8
OD003265,O01309,P0073,3,3981,15,10151.55,2951.55
OD003266,O01310,P0019,2,6155,15,10463.5,4641.5
OD003267,O01310,P0051,2,8105,25,12157.5,3065.5
OD003268,O01311,P0008,1,9277,10,8349.3,1938.3
OD003269,O01312,P0041,2,8569,0,17138.0,7528.0
OD003270,O01312,P0046,1,10496,20,8396.8,3489.8
OD003271,O01312,P0026,1,9610,5,9129.5,2915.5
OD003272,O01312,P0050,3,791,0,2373.0,1074.0
OD003273,O01313,P0025,4,6585,15,22389.0,7609.0
OD003274,O01314,P0009,2,4834,20,7734.4,1226.4
OD003275,O01314,P0015,1,6239,0,6239.0,1779.0
OD003276,O01315,P0016,1,7194,15,6114.9,2490.9
OD003277,O01316,P0042,1,8402,0,8402.0,2690.0
OD003278,O01316,P0073,2,3981,10,7165.8,2365.8
OD003279,O01316,P0038,1,5709,5,5423.55,2424.55
OD003280,O01316,P0025,4,6585,15,22389.0,7609.0
OD003281,O01317,P0046,1,10496,0,10496.0,5589.0
OD003282,O01317,P0074,2,4472,15,7602.4,1282.4
OD003283,O01317,P0044,1,1630,20,1304.0,66.0
OD003284,O01317,P0058,1,3214,0,3214.0,1246.0
OD003285,O01318,P0052,1,1682,10,1513.8,547.8
OD003286,O01318,P0005,3,526,5,1499.1,632.1
OD003287,O01318,P0009,2,4834,10,8701.2,2193.2
OD003288,O01318,P0025,2,6585,0,13170.0,5780.0
OD003289,O01319,P0055,1,3114,20,2491.2,248.2
OD003290,O01320,P0032,2,11145,0,22290.0,9874.0
OD003291,O01320,P0040,1,6601,10,5940.9,1941.9
OD003292,O01320,P0060,4,3201,25,9603.0,3547.0
OD003293,O01321,P0043,4,3251,15,11053.4,233.4
OD003294,O01322,P0041,2,8569,10,15424.2,5814.2
OD003295,O01322,P0004,4,3517,15,11957.8,1845.8
OD003296,O01322,P0011,3,7617,10,20565.9,5652.9
OD003297,O01323,P0002,1,8892,10,8002.8,3257.8
OD003298,O01323,P0031,3,14006,10,37816.2,18439.2
OD003299,O01323,P0044,2,1630,10,2934.0,458.0
OD003300,O01324,P0012,1,2280,0,2280.0,657.0
OD003301,O01324,P0053,1,500,15,425.0,193.0
OD003302,O01325,P0013,3,1311,25,2949.75,1146.75
OD003303,O01325,P0022,3,5467,20,13120.8,5563.8
OD003304,O01325,P0053,1,500,15,425.0,193.0
OD003305,O01325,P0010,1,6288,15,5344.8,1243.8
OD003306,O01326,P0076,2,7205,25,10807.5,1641.5
OD003307,O01326,P0044,3,1630,5,4645.5,931.5
OD003308,O01326,P0039,2,7839,15,13326.3,2520.3
OD003309,O01326,P0035,2,3553,10,6395.4,895.4
OD003310,O01327,P0059,2,7607,5,14453.3,7173.3
OD003311,O01327,P0043,3,3251,20,7802.4,-312.6
OD003312,O01327,P0079,3,11587,20,27808.8,11509.8
OD003313,O01328,P0008,3,9277,15,23656.35,4423.35
OD003314,O01328,P0007,3,9936,10,26827.2,8248.2
OD003315,O01328,P0061,3,6727,10,18162.9,4326.9
OD003316,O01328,P0043,3,3251,10,8777.7,662.7
OD003317,O01329,P0028,2,3631,5,6898.9,1730.9
OD003318,O01330,P0047,3,4367,10,11790.9,2448.9
OD003319,O01331,P0076,3,7205,25,16211.25,2462.25
OD003320,O01332,P0020,3,1983,5,5651.55,956.55
OD003321,O01332,P0027,2,4363,5,8289.7,1439.7
OD003322,O01333,P0062,2,6552,15,11138.4,3486.4
OD003323,O01333,P0077,2,3416,15,5807.2,2455.2
OD003324,O01333,P0056,4,14270,20,45664.0,19444.0
OD003325,O01334,P0058,4,3214,15,10927.6,3055.6
OD003326,O01334,P0032,4,11145,10,40122.0,15290.0
OD003327,O01334,P0008,4,9277,5,35252.6,9608.6
OD003328,O01335,P0067,3,3128,10,8445.6,1737.6
OD003329,O01335,P0076,3,7205,20,17292.0,3543.0
OD003330,O01335,P0034,3,8273,5,23578.05,4009.05
OD003331,O01336,P0052,1,1682,5,1597.9,631.9
OD003332,O01336,P0051,2,8105,15,13778.5,4686.5
OD003333,O01336,P0077,4,3416,15,11614.4,4910.4
OD003334,O01336,P0044,3,1630,5,4645.5,931.5
OD003335,O01337,P0053,2,500,10,900.0,436.0
OD003336,O01337,P0021,3,12927,5,36841.95,19027.95
OD003337,O01337,P0066,1,3382,20,2705.6,296.6
OD003338,O01337,P0005,2,526,0,1052.0,474.0
OD003339,O01338,P0047,2,4367,20,6987.2,759.2
OD003340,O01338,P0081,2,4694,5,8918.6,3750.6
OD003341,O01338,P0078,4,2727,5,10362.6,3470.6
OD003342,O01338,P0023,2,12189,10,21940.2,10752.2
OD003343,O01339,P0081,2,4694,15,7979.8,2811.8
OD003344,O01340,P0064,1,6997,10,6297.3,2291.3
OD003345,O01340,P0024,3,9546,15,24342.3,9564.3
OD003346,O01341,P0063,2,5568,10,10022.4,3798.4
OD003347,O01342,P0032,2,11145,10,20061.0,7645.0
OD003348,O01342,P0057,3,4846,5,13811.1,5249.1
OD003349,O01343,P0065,2,1750,5,3325.0,897.0
OD003350,O01343,P0072,4,10954,25,32862.0,12106.0
OD003351,O01343,P0033,2,5694,15,9679.8,751.8
OD003352,O01344,P0079,3,11587,25,26070.75,9771.75
OD003353,O01344,P0048,4,3582,20,11462.4,3610.4
OD003354,O01344,P0026,2,9610,5,18259.0,5831.0
OD003355,O01345,P0011,4,7617,5,28944.6,9060.6
OD003356,O01346,P0023,4,12189,5,46318.2,23942.2
OD003357,O01346,P0066,1,3382,10,3043.8,634.8
OD003358,O01346,P0011,1,7617,20,6093.6,1122.6
OD003359,O01347,P0036,3,8476,5,24156.6,10212.6
OD003360,O01348,P0011,4,7617,20,24374.4,4490.4
OD003361,O01348,P0054,4,7011,10,25239.6,10675.6
OD003362,O01348,P0051,4,8105,20,25936.0,7752.0
OD003363,O01349,P0080,4,13672,15,46484.8,18956.8
OD003364,O01349,P0047,3,4367,20,10480.8,1138.8
OD003365,O01349,P0063,4,5568,0,22272.0,9824.0
OD003366,O01350,P0048,4,3582,5,13611.6,5759.6
OD003367,O01351,P0069,4,6924,0,27696.0,4876.0
OD003368,O01351,P0046,4,10496,5,39884.8,20256.8
OD003369,O01352,P0055,2,3114,5,5916.6,1430.6
OD003370,O01352,P0057,1,4846,0,4846.0,1992.0
OD003371,O01352,P0010,4,6288,0,25152.0,8748.0
OD003372,O01352,P0018,4,8947,10,32209.2,7965.2
OD003373,O01353,P0070,1,9093,15,7729.05,1885.05
OD003374,O01353,P0064,4,6997,10,25189.2,9165.2
OD003375,O01354,P0036,3,8476,5,24156.6,10212.6
OD003376,O01354,P0004,3,3517,25,7913.25,329.25
OD003377,O01355,P0016,1,7194,5,6834.3,3210.3
OD003378,O01355,P0003,2,319,20,510.4,-13.6
OD003379,O01355,P0036,3,8476,0,25428.0,11484.0
OD003380,O01356,P0011,2,7617,0,15234.0,5292.0
OD003381,O01356,P0073,4,3981,25,11943.0,2343.0
OD003382,O01356,P0031,4,14006,15,47620.4,21784.4
OD003383,O01357,P0042,4,8402,5,31927.6,9079.6
OD003384,O01357,P0063,1,5568,0,5568.0,2456.0
OD003385,O01357,P0072,4,10954,0,43816.0,23060.0
OD003386,O01357,P0018,4,8947,0,35788.0,11544.0
OD003387,O01358,P0011,1,7617,0,7617.0,2646.0
OD003388,O01358,P0039,1,7839,10,7055.1,1652.1
OD003389,O01358,P0014,2,10018,0,20036.0,9330.0
OD003390,O01359,P0049,3,4908,20,11779.2,3946.2
OD003391,O01359,P0013,1,1311,15,1114.35,513.35
OD003392,O01359,P0026,4,9610,15,32674.0,7818.0
OD003393,O01359,P0074,1,4472,10,4024.8,864.8
OD003394,O01360,P0003,3,319,0,957.0,171.0
OD003395,O01360,P0008,1,9277,10,8349.3,1938.3
OD003396,O01361,P0028,3,3631,15,9259.05,1507.05
OD003397,O01361,P0038,4,5709,5,21694.2,9698.2
OD003398,O01361,P0053,2,500,15,850.0,386.0
OD003399,O01362,P0003,3,319,20,765.6,-20.4
OD003400,O01363,P0076,3,7205,10,19453.5,5704.5
OD003401,O01363,P0082,2,2255,15,3833.5,1505.5
OD003402,O01364,P0020,4,1983,10,7138.8,878.8
OD003403,O01364,P0061,2,6727,20,10763.2,1539.2
OD003404,O01364,P0005,2,526,5,999.4,421.4
OD003405,O01364,P0038,1,5709,5,5423.55,2424.55
OD003406,O01365,P0036,3,8476,0,25428.0,11484.0
OD003407,O01365,P0066,1,3382,15,2874.7,465.7
OD003408,O01365,P0051,3,8105,5,23099.25,9461.25
OD003409,O01366,P0047,4,4367,10,15721.2,3265.2
OD003410,O01366,P0029,1,8916,10,8024.4,1952.4
OD003411,O01367,P0045,1,8473,15,7202.05,948.05
OD003412,O01367,P0040,3,6601,5,18812.85,6815.85
OD003413,O01368,P0021,3,12927,0,38781.0,20967.0
OD003414,O01368,P0050,3,791,10,2135.7,836.7
OD003415,O01368,P0042,1,8402,15,7141.7,1429.7
OD003416,O01369,P0008,3,9277,10,25047.9,5814.9
OD003417,O01369,P0024,1,9546,15,8114.1,3188.1
OD003418,O01369,P0039,4,7839,0,31356.0,9744.0
OD003419,O01370,P0047,1,4367,5,4148.65,1034.65
OD003420,O01371,P0036,1,8476,15,7204.6,2556.6
OD003421,O01371,P0001,4,8847,5,33618.6,14258.6
OD003422,O01371,P0070,3,9093,0,27279.0,9747.0
OD003423,O01371,P0006,1,5410,5,5139.5,1821.5
OD003424,O01372,P0023,2,12189,10,21940.2,10752.2
OD003425,O01373,P0044,4,1630,10,5868.0,916.0
OD003426,O01373,P0047,1,4367,0,4367.0,1253.0
OD003427,O01373,P0021,2,12927,10,23268.6,11392.6
OD003428,O01374,P0036,3,8476,0,25428.0,11484.0
OD003429,O01374,P0049,2,4908,5,9325.2,4103.2
OD003430,O01374,P0035,4,3553,15,12080.2,1080.2
OD003431,O01375,P0037,1,4495,15,3820.75,1256.75
OD003432,O01375,P0029,4,8916,10,32097.6,7809.6
OD003433,O01375,P0058,4,3214,0,12856.0,4984.0
OD003434,O01376,P0050,3,791,10,2135.7,836.7
OD003435,O01376,P0057,3,4846,5,13811.1,5249.1
OD003436,O01377,P0010,3,6288,5,17920.8,5617.8
OD003437,O01377,P0007,3,9936,10,26827.2,8248.2
OD003438,O01378,P0006,3,5410,15,13795.5,3841.5
OD003439,O01378,P0059,1,7607,5,7226.65,3586.65
OD003440,O01379,P0078,4,2727,10,9817.2,2925.2
OD003441,O01379,P0009,3,4834,20,11601.6,1839.6
OD003442,O01379,P0073,4,3981,5,15127.8,5527.8
OD003443,O01380,P0030,2,10331,20,16529.6,4719.6
OD003444,O01380,P0041,2,8569,20,13710.4,4100.4
OD003445,O01380,P0045,1,8473,20,6778.4,524.4
OD003446,O01380,P0004,4,3517,10,12661.2,2549.2
OD003447,O01381,P0033,3,5694,25,12811.5,-580.5
OD003448,O01381,P0047,2,4367,15,7423.9,1195.9
OD003449,O01381,P0036,4,8476,0,33904.0,15312.0
OD003450,O01381,P0021,1,12927,0,12927.0,6989.0
OD003451,O01382,P0038,1,5709,10,5138.1,2139.1
OD003452,O01383,P0049,4,4908,5,18650.4,8206.4
OD003453,O01383,P0003,1,319,15,271.15,9.15
OD003454,O01383,P0012,1,2280,10,2052.0,429.0
OD003455,O01383,P0079,3,11587,15,29546.85,13247.85
OD003456,O01384,P0020,3,1983,20,4759.2,64.2
OD003457,O01384,P0027,1,4363,10,3926.7,501.7
OD003458,O01384,P0030,4,10331,10,37191.6,13571.6
OD003459,O01385,P0009,3,4834,20,11601.6,1839.6
OD003460,O01386,P0031,1,14006,10,12605.4,6146.4
OD003461,O01386,P0059,4,7607,0,30428.0,15868.0
OD003462,O01387,P0040,1,6601,20,5280.8,1281.8
OD003463,O01387,P0010,1,6288,5,5973.6,1872.6
OD003464,O01387,P0075,1,2498,10,2248.2,914.2
OD003465,O01387,P0079,3,11587,20,27808.8,11509.8
OD003466,O01388,P0019,1,6155,10,5539.5,2628.5
OD003467,O01388,P0024,4,9546,10,34365.6,14661.6
OD003468,O01388,P0036,4,8476,15,28818.4,10226.4
OD003469,O01389,P0069,3,6924,5,19733.4,2618.4
OD003470,O01389,P0020,3,1983,5,5651.55,956.55
OD003471,O01389,P0080,4,13672,10,49219.2,21691.2
OD003472,O01390,P0035,4,3553,0,14212.0,3212.0
OD003473,O01390,P0011,3,7617,5,21708.45,6795.45
OD003474,O01390,P0078,3,2727,10,7362.9,2193.9
OD003475,O01390,P0061,1,6727,15,5717.95,1105.95
OD003476,O01391,P0080,4,13672,15,46484.8,18956.8
OD003477,O01391,P0003,1,319,10,287.1,25.1
OD003478,O01391,P0047,2,4367,15,7423.9,1195.9
OD003479,O01392,P0076,2,7205,5,13689.5,4523.5
OD003480,O01393,P0054,4,7011,5,26641.8,12077.8
OD003481,O01393,P0021,2,12927,10,23268.6,11392.6
OD003482,O01393,P0080,1,13672,15,11621.2,4739.2
OD003483,O01394,P0003,1,319,10,287.1,25.1
OD003484,O01395,P0064,4,6997,15,23789.8,7765.8
OD003485,O01396,P0063,1,5568,0,5568.0,2456.0
OD003486,O01396,P0020,3,1983,5,5651.55,956.55
OD003487,O01396,P0008,2,9277,15,15770.9,2948.9
OD003488,O01397,P0017,1,10962,25,8221.5,3216.5
OD003489,O01397,P0014,3,10018,0,30054.0,13995.0
OD003490,O01397,P0002,1,8892,20,7113.6,2368.6
OD003491,O01398,P0017,4,10962,15,37270.8,17250.8
OD003492,O01398,P0024,2,9546,10,17182.8,7330.8
OD003493,O01399,P0048,3,3582,10,9671.4,3782.4
OD003494,O01399,P0019,3,6155,15,15695.25,6962.25
OD003495,O01399,P0056,4,14270,0,57080.0,30860.0
OD003496,O01400,P0076,2,7205,15,12248.5,3082.5
OD003497,O01400,P0018,3,8947,10,24156.9,5973.9
OD003498,O01400,P0077,2,3416,20,5465.6,2113.6
OD003499,O01400,P0019,1,6155,5,5847.25,2936.25
OD003500,O01401,P0024,4,9546,15,32456.4,12752.4
OD003501,O01401,P0030,2,10331,10,18595.8,6785.8
OD003502,O01402,P0061,2,6727,10,12108.6,2884.6
OD003503,O01403,P0029,4,8916,20,28531.2,4243.2
OD003504,O01403,P0061,2,6727,5,12781.3,3557.3
OD003505,O01403,P0021,3,12927,5,36841.95,19027.95
OD003506,O01404,P0045,4,8473,0,33892.0,8876.0
OD003507,O01405,P0001,4,8847,20,28310.4,8950.4
OD003508,O01405,P0079,4,11587,25,34761.0,13029.0
OD003509,O01406,P0080,2,13672,15,23242.4,9478.4
OD003510,O01406,P0059,1,7607,20,6085.6,2445.6
OD003511,O01406,P0046,2,10496,15,17843.2,8029.2
OD003512,O01406,P0017,3,10962,15,27953.1,12938.1
OD003513,O01407,P0061,3,6727,15,17153.85,3317.85
OD003514,O01408,P0035,4,3553,10,12790.8,1790.8
OD003515,O01408,P0049,3,4908,15,12515.4,4682.4
OD003516,O01409,P0046,4,10496,10,37785.6,18157.6
OD003517,O01410,P0075,2,2498,20,3996.8,1328.8
OD003518,O01410,P0043,2,3251,5,6176.9,766.9
OD003519,O01410,P0064,1,6997,5,6647.15,2641.15
OD003520,O01410,P0049,3,4908,5,13987.8,6154.8
OD003521,O01411,P0078,1,2727,20,2181.6,458.6
OD003522,O01411,P0020,2,1983,10,3569.4,439.4
OD003523,O01412,P0017,1,10962,0,10962.0,5957.0
OD003524,O01412,P0037,2,4495,20,7192.0,2064.0
OD003525,O01412,P0036,4,8476,20,27123.2,8531.2
OD003526,O01412,P0029,1,8916,10,8024.4,1952.4
OD003527,O01413,P0019,2,6155,5,11694.5,5872.5
OD003528,O01413,P0058,2,3214,0,6428.0,2492.0
OD003529,O01413,P0060,2,3201,5,6081.9,3053.9
OD003530,O01413,P0043,4,3251,20,10403.2,-416.8
OD003531,O01414,P0016,1,7194,0,7194.0,3570.0
OD003532,O01414,P0030,4,10331,10,37191.6,13571.6
OD003533,O01414,P0023,1,12189,15,10360.65,4766.65
OD003534,O01414,P0080,2,13672,5,25976.8,12212.8
OD003535,O01415,P0018,2,8947,10,16104.6,3982.6
OD003536,O01416,P0066,3,3382,15,8624.1,1397.1
OD003537,O01417,P0047,4,4367,5,16594.6,4138.6
OD003538,O01417,P0074,4,4472,15,15204.8,2564.8
OD003539,O01417,P0034,1,8273,25,6204.75,-318.25
OD003540,O01417,P0056,2,14270,5,27113.0,14003.0
OD003541,O01418,P0030,3,10331,15,26344.05,8629.05
OD003542,O01418,P0070,3,9093,5,25915.05,8383.05
OD003543,O01418,P0065,4,1750,10,6300.0,1444.0
OD003544,O01419,P0018,3,8947,20,21472.8,3289.8
OD003545,O01420,P0029,4,8916,0,35664.0,11376.0
OD003546,O01420,P0050,2,791,10,1423.8,557.8
OD003547,O01420,P0009,4,4834,10,17402.4,4386.4
OD003548,O01420,P0024,1,9546,10,8591.4,3665.4
OD003549,O01421,P0050,1,791,5,751.45,318.45
OD003550,O01421,P0061,2,6727,0,13454.0,4230.0
OD003551,O01421,P0048,4,3582,10,12895.2,5043.2
OD003552,O01421,P0009,3,4834,15,12326.7,2564.7
OD003553,O01422,P0032,4,11145,0,44580.0,19748.0
OD003554,O01422,P0055,3,3114,10,8407.8,1678.8
OD003555,O01422,P0030,3,10331,15,26344.05,8629.05
OD003556,O01422,P0063,2,5568,20,8908.8,2684.8
OD003557,O01423,P0062,2,6552,20,10483.2,2831.2
OD003558,O01424,P0008,3,9277,10,25047.9,5814.9
OD003559,O01424,P0044,4,1630,10,5868.0,916.0
OD003560,O01424,P0007,2,9936,10,17884.8,5498.8
OD003561,O01425,P0001,3,8847,5,25213.95,10693.95
OD003562,O01425,P0058,2,3214,25,4821.0,885.0
OD003563,O01426,P0080,1,13672,20,10937.6,4055.6
OD003564,O01426,P0047,4,4367,10,15721.2,3265.2
OD003565,O01427,P0017,3,10962,5,31241.7,16226.7
OD003566,O01427,P0070,1,9093,20,7274.4,1430.4
OD003567,O01427,P0003,1,319,10,287.1,25.1
OD003568,O01427,P0051,1,8105,20,6484.0,1938.0
OD003569,O01428,P0052,4,1682,15,5718.8,1854.8
OD003570,O01428,P0036,3,8476,15,21613.8,7669.8
OD003571,O01428,P0070,2,9093,5,17276.7,5588.7
OD003572,O01428,P0053,3,500,15,1275.0,579.0
OD003573,O01429,P0044,3,1630,10,4401.0,687.0
OD003574,O01429,P0026,3,9610,25,21622.5,2980.5
OD003575,O01430,P0042,1,8402,15,7141.7,1429.7
OD003576,O01431,P0013,2,1311,15,2228.7,1026.7
OD003577,O01431,P0075,3,2498,15,6369.9,2367.9
OD003578,O01432,P0081,1,4694,10,4224.6,1640.6
OD003579,O01433,P0043,1,3251,15,2763.35,58.35
OD003580,O01433,P0035,1,3553,10,3197.7,447.7
OD003581,O01433,P0014,4,10018,10,36064.8,14652.8
OD003582,O01433,P0033,2,5694,20,9110.4,182.4
OD003583,O01434,P0026,2,9610,20,15376.0,2948.0
OD003584,O01434,P0068,2,375,10,675.0,75.0
OD003585,O01434,P0042,1,8402,10,7561.8,1849.8
OD003586,O01434,P0029,1,8916,10,8024.4,1952.4
OD003587,O01435,P0069,1,6924,20,5539.2,-165.8
OD003588,O01435,P0054,4,7011,10,25239.6,10675.6
OD003589,O01435,P0009,1,4834,5,4592.3,1338.3
OD003590,O01436,P0031,4,14006,5,53222.8,27386.8
OD003591,O01436,P0001,3,8847,5,25213.95,10693.95
OD003592,O01437,P0033,4,5694,5,21637.2,3781.2
OD003593,O01437,P0067,3,3128,20,7507.2,799.2
OD003594,O01438,P0018,2,8947,15,15209.9,3087.9
OD003595,O01439,P0076,4,7205,5,27379.0,9047.0
OD003596,O01439,P0055,1,3114,20,2491.2,248.2
OD003597,O01439,P0030,3,10331,15,26344.05,8629.05
OD003598,O01439,P0011,2,7617,10,13710.6,3768.6
OD003599,O01440,P0030,3,10331,15,26344.05,8629.05
OD003600,O01440,P0022,1,5467,5,5193.65,2674.65
OD003601,O01441,P0043,4,3251,10,11703.6,883.6
OD003602,O01441,P0045,2,8473,10,15251.4,2743.4
OD003603,O01442,P0052,2,1682,5,3195.8,1263.8
OD003604,O01442,P0079,1,11587,15,9848.95,4415.95
OD003605,O01443,P0058,3,3214,0,9642.0,3738.0
OD003606,O01444,P0007,3,9936,5,28317.6,9738.6
OD003607,O01444,P0006,1,5410,10,4869.0,1551.0
OD003608,O01445,P0031,2,14006,15,23810.2,10892.2
OD003609,O01445,P0079,2,11587,15,19697.9,8831.9
OD003610,O01446,P0020,2,1983,0,3966.0,836.0
OD003611,O01446,P0038,1,5709,10,5138.1,2139.1
OD003612,O01447,P0009,4,4834,0,19336.0,6320.0
OD003613,O01447,P0003,3,319,5,909.15,123.15
OD003614,O01448,P0082,2,2255,5,4284.5,1956.5
OD003615,O01448,P0052,3,1682,5,4793.7,1895.7
OD003616,O01449,P0005,2,526,0,1052.0,474.0
OD003617,O01449,P0006,2,5410,5,10279.0,3643.0
OD003618,O01450,P0004,2,3517,0,7034.0,1978.0
OD003619,O01450,P0046,1,10496,5,9971.2,5064.2
OD003620,O01450,P0057,4,4846,10,17445.6,6029.6
OD003621,O01450,P0076,2,7205,10,12969.0,3803.0
OD003622,O01451,P0031,4,14006,10,50421.6,24585.6
OD003623,O01451,P0043,1,3251,0,3251.0,546.0
OD003624,O01452,P0030,1,10331,10,9297.9,3392.9
OD003625,O01452,P0020,1,1983,10,1784.7,219.7
OD003626,O01452,P0047,1,4367,10,3930.3,816.3
OD003627,O01453,P0071,3,8287,10,22374.9,5469.9
OD003628,O01453,P0055,3,3114,10,8407.8,1678.8
OD003629,O01454,P0029,1,8916,20,7132.8,1060.8
OD003630,O01455,P0066,4,3382,10,12175.2,2539.2
OD003631,O01456,P0058,1,3214,0,3214.0,1246.0
OD003632,O01456,P0052,1,1682,15,1429.7,463.7
OD003633,O01457,P0060,1,3201,5,3040.95,1526.95
OD003634,O01458,P0073,1,3981,5,3781.95,1381.95
OD003635,O01459,P0061,2,6727,5,12781.3,3557.3
OD003636,O01459,P0038,1,5709,0,5709.0,2710.0
OD003637,O01459,P0052,1,1682,0,1682.0,716.0
OD003638,O01459,P0070,2,9093,15,15458.1,3770.1
OD003639,O01460,P0049,3,4908,20,11779.2,3946.2
OD003640,O01460,P0064,4,6997,5,26588.6,10564.6
OD003641,O01461,P0017,4,10962,10,39463.2,19443.2
OD003642,O01461,P0067,2,3128,15,5317.6,845.6
OD003643,O01461,P0077,3,3416,0,10248.0,5220.0
OD003644,O01462,P0032,2,11145,0,22290.0,9874.0
OD003645,O01462,P0009,1,4834,15,4108.9,854.9
OD003646,O01462,P0079,1,11587,5,11007.65,5574.65
OD003647,O01462,P0047,2,4367,15,7423.9,1195.9
OD003648,O01463,P0021,1,12927,10,11634.3,5696.3
OD003649,O01463,P0055,2,3114,15,5293.8,807.8
OD003650,O01464,P0007,2,9936,20,15897.6,3511.6
OD003651,O01465,P0082,2,2255,0,4510.0,2182.0
OD003652,O01465,P0039,3,7839,10,21165.3,4956.3
OD003653,O01465,P0034,1,8273,5,7859.35,1336.35
OD003654,O01465,P0030,4,10331,20,33059.2,9439.2
OD003655,O01466,P0044,1,1630,15,1385.5,147.5
OD003656,O01466,P0003,1,319,20,255.2,-6.8
OD003657,O01467,P0074,4,4472,20,14310.4,1670.4
OD003658,O01467,P0013,1,1311,15,1114.35,513.35
OD003659,O01468,P0056,2,14270,10,25686.0,12576.0
OD003660,O01468,P0041,1,8569,10,7712.1,2907.1
OD003661,O01468,P0053,2,500,10,900.0,436.0
OD003662,O01469,P0019,1,6155,10,5539.5,2628.5
OD003663,O01469,P0040,3,6601,20,15842.4,3845.4
OD003664,O01469,P0050,3,791,10,2135.7,836.7
OD003665,O01469,P0064,4,6997,5,26588.6,10564.6
OD003666,O01470,P0004,4,3517,20,11254.4,1142.4
OD003667,O01471,P0014,3,10018,10,27048.6,10989.6
OD003668,O01471,P0075,2,2498,5,4746.2,2078.2
OD003669,O01472,P0015,2,6239,20,9982.4,1062.4
OD003670,O01472,P0039,1,7839,20,6271.2,868.2
OD003671,O01472,P0066,1,3382,5,3212.9,803.9
OD003672,O01473,P0080,1,13672,10,12304.8,5422.8
OD003673,O01473,P0034,1,8273,20,6618.4,95.4
OD003674,O01473,P0025,2,6585,20,10536.0,3146.0
OD003675,O01474,P0043,1,3251,0,3251.0,546.0
OD003676,O01474,P0073,2,3981,20,6369.6,1569.6
OD003677,O01474,P0065,2,1750,0,3500.0,1072.0
OD003678,O01475,P0054,3,7011,10,18929.7,8006.7
OD003679,O01475,P0019,1,6155,0,6155.0,3244.0
OD003680,O01475,P0056,1,14270,20,11416.0,4861.0
OD003681,O01476,P0056,4,14270,15,48518.0,22298.0
OD003682,O01476,P0053,4,500,5,1900.0,972.0
OD003683,O01476,P0046,3,10496,10,28339.2,13618.2
OD003684,O01476,P0073,2,3981,20,6369.6,1569.6
OD003685,O01477,P0067,1,3128,15,2658.8,422.8
OD003686,O01478,P0008,4,9277,10,33397.2,7753.2
OD003687,O01479,P0049,4,4908,0,19632.0,9188.0
OD003688,O01479,P0048,3,3582,20,8596.8,2707.8
OD003689,O01479,P0058,4,3214,20,10284.8,2412.8
OD003690,O01480,P0080,1,13672,15,11621.2,4739.2
OD003691,O01480,P0052,2,1682,15,2859.4,927.4
OD003692,O01481,P0029,1,8916,20,7132.8,1060.8
OD003693,O01481,P0051,2,8105,0,16210.0,7118.0
OD003694,O01482,P0012,2,2280,5,4332.0,1086.0
OD003695,O01482,P0032,2,11145,5,21175.5,8759.5
OD003696,O01482,P0049,3,4908,20,11779.2,3946.2
OD003697,O01482,P0044,4,1630,20,5216.0,264.0
OD003698,O01483,P0082,2,2255,5,4284.5,1956.5
OD003699,O01483,P0071,2,8287,5,15745.3,4475.3
OD003700,O01483,P0059,3,7607,10,20538.9,9618.9
OD003701,O01484,P0017,3,10962,0,32886.0,17871.0
OD003702,O01485,P0056,1,14270,15,12129.5,5574.5
OD003703,O01485,P0026,2,9610,10,17298.0,4870.0
OD003704,O01486,P0010,4,6288,10,22636.8,6232.8
OD003705,O01486,P0012,4,2280,10,8208.0,1716.0
OD003706,O01486,P0031,4,14006,10,50421.6,24585.6
OD003707,O01486,P0025,3,6585,5,18767.25,7682.25
OD003708,O01487,P0080,1,13672,20,10937.6,4055.6
OD003709,O01487,P0043,4,3251,0,13004.0,2184.0
OD003710,O01487,P0036,3,8476,10,22885.2,8941.2
OD003711,O01487,P0020,3,1983,20,4759.2,64.2
OD003712,O01488,P0065,3,1750,0,5250.0,1608.0
OD003713,O01489,P0051,4,8105,20,25936.0,7752.0
OD003714,O01490,P0012,1,2280,10,2052.0,429.0
OD003715,O01491,P0076,4,7205,10,25938.0,7606.0
OD003716,O01491,P0050,4,791,10,2847.6,1115.6
OD003717,O01492,P0061,4,6727,25,20181.0,1733.0
OD003718,O01492,P0010,3,6288,10,16977.6,4674.6
OD003719,O01492,P0025,3,6585,20,15804.0,4719.0
OD003720,O01492,P0063,1,5568,5,5289.6,2177.6
OD003721,O01493,P0031,2,14006,10,25210.8,12292.8
OD003722,O01494,P0050,1,791,10,711.9,278.9
OD003723,O01495,P0078,3,2727,0,8181.0,3012.0
OD003724,O01495,P0054,2,7011,10,12619.8,5337.8
OD003725,O01495,P0063,3,5568,10,15033.6,5697.6
OD003726,O01495,P0061,4,6727,20,21526.4,3078.4
OD003727,O01496,P0015,3,6239,5,17781.15,4401.15
OD003728,O01496,P0009,3,4834,20,11601.6,1839.6
OD003729,O01496,P0021,2,12927,10,23268.6,11392.6
OD003730,O01496,P0063,3,5568,0,16704.0,7368.0
OD003731,O01497,P0076,3,7205,20,17292.0,3543.0
OD003732,O01497,P0063,1,5568,20,4454.4,1342.4
OD003733,O01497,P0047,3,4367,15,11135.85,1793.85
OD003734,O01497,P0009,1,4834,20,3867.2,613.2
OD003735,O01498,P0009,1,4834,15,4108.9,854.9
OD003736,O01499,P0009,4,4834,20,15468.8,2452.8
OD003737,O01500,P0038,3,5709,10,15414.3,6417.3
OD003738,O01500,P0023,3,12189,15,31081.95,14299.95
OD003739,O01501,P0074,3,4472,5,12745.2,3265.2
OD003740,O01501,P0077,4,3416,0,13664.0,6960.0
OD003741,O01501,P0050,2,791,15,1344.7,478.7
OD003742,O01502,P0042,2,8402,20,13443.2,2019.2
OD003743,O01502,P0013,3,1311,15,3343.05,1540.05
OD003744,O01503,P0030,4,10331,10,37191.6,13571.6
OD003745,O01503,P0049,4,4908,10,17668.8,7224.8
OD003746,O01503,P0060,4,3201,10,11523.6,5467.6
OD003747,O01504,P0067,1,3128,10,2815.2,579.2
OD003748,O01504,P0040,1,6601,0,6601.0,2602.0
OD003749,O01505,P0068,2,375,5,712.5,112.5
OD003750,O01505,P0059,3,7607,25,17115.75,6195.75
OD003751,O01505,P0016,1,7194,25,5395.5,1771.5
OD003752,O01505,P0043,1,3251,10,2925.9,220.9
OD003753,O01506,P0054,2,7011,15,11918.7,4636.7
OD003754,O01507,P0031,1,14006,20,11204.8,4745.8
OD003755,O01508,P0024,4,9546,0,38184.0,18480.0
OD003756,O01509,P0034,4,8273,20,26473.6,381.6
OD003757,O01509,P0080,1,13672,15,11621.2,4739.2
OD003758,O01510,P0075,1,2498,0,2498.0,1164.0
OD003759,O01510,P0064,4,6997,15,23789.8,7765.8
OD003760,O01511,P0071,2,8287,20,13259.2,1989.2
OD003761,O01512,P0025,1,6585,5,6255.75,2560.75
OD003762,O01513,P0054,2,7011,0,14022.0,6740.0
OD003763,O01513,P0010,3,6288,5,17920.8,5617.8
OD003764,O01513,P0070,1,9093,0,9093.0,3249.0
OD003765,O01513,P0047,3,4367,0,13101.0,3759.0
OD003766,O01514,P0065,1,1750,10,1575.0,361.0
OD003767,O01514,P0075,4,2498,10,8992.8,3656.8
OD003768,O01515,P0077,1,3416,20,2732.8,1056.8
OD003769,O01515,P0069,2,6924,5,13155.6,1745.6
OD003770,O01515,P0070,2,9093,20,14548.8,2860.8
OD003771,O01516,P0079,4,11587,5,44030.6,22298.6
OD003772,O01516,P0075,3,2498,10,6744.6,2742.6
OD003773,O01516,P0069,4,6924,20,22156.8,-663.2
OD003774,O01516,P0082,2,2255,15,3833.5,1505.5
OD003775,O01517,P0077,3,3416,10,9223.2,4195.2
OD003776,O01518,P0067,4,3128,0,12512.0,3568.0
OD003777,O01519,P0053,2,500,10,900.0,436.0
OD003778,O01520,P0039,2,7839,15,13326.3,2520.3
OD003779,O01521,P0003,3,319,0,957.0,171.0
OD003780,O01521,P0029,4,8916,10,32097.6,7809.6
OD003781,O01521,P0041,2,8569,10,15424.2,5814.2
OD003782,O01521,P0037,1,4495,20,3596.0,1032.0
OD003783,O01522,P0030,3,10331,0,30993.0,13278.0
OD003784,O01522,P0063,1,5568,0,5568.0,2456.0
OD003785,O01522,P0031,2,14006,20,22409.6,9491.6
OD003786,O01523,P0075,4,2498,0,9992.0,4656.0
OD003787,O01524,P0041,3,8569,10,23136.3,8721.3
OD003788,O01524,P0058,1,3214,0,3214.0,1246.0
OD003789,O01525,P0069,2,6924,15,11770.8,360.8
OD003790,O01525,P0081,1,4694,15,3989.9,1405.9
OD003791,O01525,P0041,2,8569,20,13710.4,4100.4
OD003792,O01525,P0072,3,10954,5,31218.9,15651.9
OD003793,O01526,P0074,3,4472,0,13416.0,3936.0
OD003794,O01527,P0041,3,8569,5,24421.65,10006.65
OD003795,O01527,P0012,1,2280,20,1824.0,201.0
OD003796,O01527,P0075,4,2498,25,7494.0,2158.0
OD003797,O01527,P0078,3,2727,10,7362.9,2193.9
OD003798,O01528,P0047,2,4367,5,8297.3,2069.3
OD003799,O01529,P0069,4,6924,5,26311.2,3491.2
OD003800,O01529,P0066,2,3382,20,5411.2,593.2
OD003801,O01529,P0039,4,7839,15,26652.6,5040.6
OD003802,O01529,P0009,2,4834,10,8701.2,2193.2
OD003803,O01530,P0079,2,11587,5,22015.3,11149.3
OD003804,O01530,P0012,3,2280,5,6498.0,1629.0
OD003805,O01531,P0070,1,9093,0,9093.0,3249.0
OD003806,O01531,P0050,4,791,20,2531.2,799.2
OD003807,O01532,P0071,1,8287,10,7458.3,1823.3
OD003808,O01532,P0062,2,6552,0,13104.0,5452.0
OD003809,O01532,P0041,4,8569,10,30848.4,11628.4
OD003810,O01533,P0009,1,4834,10,4350.6,1096.6
OD003811,O01534,P0030,3,10331,15,26344.05,8629.05
OD003812,O01534,P0019,1,6155,5,5847.25,2936.25
OD003813,O01535,P0004,1,3517,5,3341.15,813.15
OD003814,O01535,P0068,2,375,20,600.0,0.0
OD003815,O01535,P0044,3,1630,25,3667.5,-46.5
OD003816,O01536,P0017,1,10962,10,9865.8,4860.8
OD003817,O01536,P0002,1,8892,5,8447.4,3702.4
OD003818,O01536,P0048,2,3582,5,6805.8,2879.8
OD003819,O01536,P0079,2,11587,20,18539.2,7673.2
OD003820,O01537,P0067,2,3128,10,5630.4,1158.4
OD003821,O01537,P0072,4,10954,20,35052.8,14296.8
OD003822,O01537,P0032,4,11145,15,37893.0,13061.0
OD003823,O01537,P0033,1,5694,15,4839.9,375.9
OD003824,O01538,P0043,2,3251,15,5526.7,116.7
OD003825,O01538,P0040,4,6601,5,25083.8,9087.8
OD003826,O01538,P0036,4,8476,5,32208.8,13616.8
OD003827,O01538,P0077,4,3416,0,13664.0,6960.0
OD003828,O01539,P0082,3,2255,5,6426.75,2934.75
OD003829,O01539,P0036,1,8476,5,8052.2,3404.2
OD003830,O01539,P0061,2,6727,15,11435.9,2211.9
OD003831,O01539,P0018,3,8947,20,21472.8,3289.8
OD003832,O01540,P0081,1,4694,10,4224.6,1640.6
OD003833,O01540,P0025,2,6585,0,13170.0,5780.0
OD003834,O01541,P0074,1,4472,10,4024.8,864.8
OD003835,O01541,P0026,3,9610,25,21622.5,2980.5
OD003836,O01541,P0014,1,10018,15,8515.3,3162.3
OD003837,O01542,P0017,2,10962,10,19731.6,9721.6
OD003838,O01542,P0074,1,4472,0,4472.0,1312.0
OD003839,O01542,P0023,1,12189,0,12189.0,6595.0
OD003840,O01542,P0007,2,9936,15,16891.2,4505.2
OD003841,O01543,P0046,3,10496,0,31488.0,16767.0
OD003842,O01543,P0036,1,8476,25,6357.0,1709.0
OD003843,O01543,P0032,3,11145,20,26748.0,8124.0
OD003844,O01543,P0001,1,8847,20,7077.6,2237.6
OD003845,O01544,P0037,1,4495,15,3820.75,1256.75
OD003846,O01544,P0023,1,12189,5,11579.55,5985.55
OD003847,O01544,P0024,1,9546,15,8114.1,3188.1
OD003848,O01544,P0070,2,9093,10,16367.4,4679.4
OD003849,O01545,P0026,1,9610,20,7688.0,1474.0
OD003850,O01546,P0045,1,8473,15,7202.05,948.05
OD003851,O01547,P0022,3,5467,10,14760.9,7203.9
OD003852,O01548,P0062,2,6552,10,11793.6,4141.6
OD003853,O01548,P0026,4,9610,10,34596.0,9740.0
OD003854,O01548,P0079,1,11587,10,10428.3,4995.3
OD003855,O01548,P0081,3,4694,10,12673.8,4921.8
OD003856,O01549,P0010,2,6288,15,10689.6,2487.6
OD003857,O01549,P0002,2,8892,5,16894.8,7404.8
OD003858,O01549,P0050,2,791,15,1344.7,478.7
OD003859,O01549,P0020,1,1983,0,1983.0,418.0
OD003860,O01550,P0042,1,8402,20,6721.6,1009.6
OD003861,O01550,P0080,4,13672,0,54688.0,27160.0
OD003862,O01551,P0070,1,9093,10,8183.7,2339.7
OD003863,O01552,P0051,3,8105,10,21883.5,8245.5
OD003864,O01552,P0026,2,9610,20,15376.0,2948.0
OD003865,O01553,P0058,4,3214,0,12856.0,4984.0
OD003866,O01553,P0028,1,3631,20,2904.8,320.8
OD003867,O01553,P0007,2,9936,5,18878.4,6492.4
OD003868,O01553,P0081,1,4694,20,3755.2,1171.2
OD003869,O01554,P0065,4,1750,0,7000.0,2144.0
OD003870,O01555,P0062,4,6552,15,22276.8,6972.8
OD003871,O01555,P0047,3,4367,5,12445.95,3103.95
OD003872,O01556,P0023,4,12189,10,43880.4,21504.4
OD003873,O01556,P0015,2,6239,10,11230.2,2310.2
OD003874,O01556,P0075,2,2498,15,4246.6,1578.6
OD003875,O01556,P0003,1,319,25,239.25,-22.75
OD003876,O01557,P0045,1,8473,5,8049.35,1795.35
OD003877,O01557,P0080,2,13672,5,25976.8,12212.8
OD003878,O01558,P0045,3,8473,10,22877.1,4115.1
OD003879,O01559,P0045,1,8473,10,7625.7,1371.7
OD003880,O01559,P0049,1,4908,10,4417.2,1806.2
OD003881,O01559,P0006,2,5410,15,9197.0,2561.0
OD003882,O01560,P0040,3,6601,5,18812.85,6815.85
OD003883,O01560,P0057,3,4846,0,14538.0,5976.0
OD003884,O01560,P0037,2,4495,0,8990.0,3862.0
OD003885,O01560,P0022,3,5467,20,13120.8,5563.8
OD003886,O01561,P0042,1,8402,0,8402.0,2690.0
OD003887,O01561,P0019,1,6155,10,5539.5,2628.5
OD003888,O01561,P0046,1,10496,10,9446.4,4539.4
OD003889,O01562,P0061,1,6727,0,6727.0,2115.0
OD003890,O01562,P0030,1,10331,10,9297.9,3392.9
OD003891,O01562,P0002,4,8892,15,30232.8,11252.8
OD003892,O01562,P0048,2,3582,0,7164.0,3238.0
OD003893,O01563,P0047,4,4367,0,17468.0,5012.0
OD003894,O01564,P0052,1,1682,20,1345.6,379.6
OD003895,O01565,P0057,1,4846,5,4603.7,1749.7
OD003896,O01565,P0081,3,4694,15,11969.7,4217.7
OD003897,O01565,P0067,2,3128,20,5004.8,532.8
OD003898,O01566,P0075,2,2498,5,4746.2,2078.2
OD003899,O01566,P0065,1,1750,15,1487.5,273.5
OD003900,O01566,P0007,3,9936,5,28317.6,9738.6
OD003901,O01567,P0030,4,10331,15,35125.4,11505.4
OD003902,O01567,P0059,1,7607,10,6846.3,3206.3
OD003903,O01567,P0014,2,10018,0,20036.0,9330.0
OD003904,O01567,P0036,2,8476,0,16952.0,7656.0
OD003905,O01568,P0013,4,1311,5,4981.8,2577.8
OD003906,O01568,P0066,2,3382,10,6087.6,1269.6
OD003907,O01569,P0076,2,7205,10,12969.0,3803.0
OD003908,O01569,P0080,2,13672,15,23242.4,9478.4
OD003909,O01569,P0036,2,8476,20,13561.6,4265.6
OD003910,O01570,P0040,2,6601,5,12541.9,4543.9
OD003911,O01571,P0021,3,12927,5,36841.95,19027.95
OD003912,O01572,P0004,2,3517,20,5627.2,571.2
OD003913,O01573,P0070,2,9093,15,15458.1,3770.1
OD003914,O01573,P0038,3,5709,15,14557.95,5560.95
OD003915,O01574,P0024,4,9546,10,34365.6,14661.6
OD003916,O01574,P0082,4,2255,0,9020.0,4364.0
OD003917,O01575,P0035,3,3553,5,10126.05,1876.05
OD003918,O01575,P0038,3,5709,10,15414.3,6417.3
OD003919,O01575,P0064,3,6997,20,16792.8,4774.8
OD003920,O01575,P0047,3,4367,0,13101.0,3759.0
OD003921,O01576,P0040,4,6601,20,21123.2,5127.2
OD003922,O01576,P0059,4,7607,15,25863.8,11303.8
OD003923,O01576,P0063,1,5568,10,5011.2,1899.2
OD003924,O01577,P0016,1,7194,5,6834.3,3210.3
OD003925,O01578,P0079,1,11587,15,9848.95,4415.95
OD003926,O01578,P0082,2,2255,5,4284.5,1956.5
OD003927,O01578,P0018,1,8947,10,8052.3,1991.3
OD003928,O01579,P0043,2,3251,10,5851.8,441.8
OD003929,O01579,P0037,4,4495,5,17081.0,6825.0
OD003930,O01580,P0079,2,11587,0,23174.0,12308.0
OD003931,O01580,P0056,3,14270,15,36388.5,16723.5
OD003932,O01580,P0018,2,8947,5,16999.3,4877.3
OD003933,O01580,P0001,1,8847,10,7962.3,3122.3
OD003934,O01581,P0042,2,8402,20,13443.2,2019.2
OD003935,O01581,P0019,1,6155,25,4616.25,1705.25
OD003936,O01582,P0011,1,7617,0,7617.0,2646.0
OD003937,O01583,P0080,4,13672,10,49219.2,21691.2
OD003938,O01583,P0054,1,7011,15,5959.35,2318.35
OD003939,O01583,P0036,2,8476,5,16104.4,6808.4
OD003940,O01584,P0001,2,8847,10,15924.6,6244.6
OD003941,O01584,P0070,4,9093,5,34553.4,11177.4
OD003942,O01585,P0043,4,3251,10,11703.6,883.6
OD003943,O01585,P0055,2,3114,15,5293.8,807.8
OD003944,O01585,P0041,1,8569,20,6855.2,2050.2
OD003945,O01586,P0031,1,14006,5,13305.7,6846.7
OD003946,O01586,P0070,4,9093,20,29097.6,5721.6
OD003947,O01587,P0028,4,3631,10,13071.6,2735.6
OD003948,O01587,P0032,1,11145,10,10030.5,3822.5
OD003949,O01588,P0042,2,8402,0,16804.0,5380.0
OD003950,O01588,P0047,3,4367,10,11790.9,2448.9
OD003951,O01588,P0011,4,7617,10,27421.2,7537.2
OD003952,O01589,P0035,3,3553,5,10126.05,1876.05
OD003953,O01589,P0003,2,319,20,510.4,-13.6
OD003954,O01589,P0048,3,3582,0,10746.0,4857.0
OD003955,O01589,P0044,3,1630,10,4401.0,687.0
OD003956,O01590,P0049,1,4908,15,4171.8,1560.8
OD003957,O01590,P0016,3,7194,5,20502.9,9630.9
OD003958,O01591,P0068,3,375,15,956.25,56.25
OD003959,O01592,P0027,2,4363,5,8289.7,1439.7
OD003960,O01592,P0023,1,12189,0,12189.0,6595.0
OD003961,O01592,P0013,1,1311,5,1245.45,644.45
OD003962,O01593,P0059,2,7607,5,14453.3,7173.3
OD003963,O01593,P0036,2,8476,5,16104.4,6808.4
OD003964,O01593,P0039,4,7839,0,31356.0,9744.0
OD003965,O01593,P0032,1,11145,5,10587.75,4379.75
OD003966,O01594,P0079,3,11587,20,27808.8,11509.8
OD003967,O01594,P0028,3,3631,5,10348.35,2596.35
OD003968,O01594,P0015,3,6239,5,17781.15,4401.15
OD003969,O01594,P0011,1,7617,25,5712.75,741.75
OD003970,O01595,P0075,1,2498,20,1998.4,664.4
OD003971,O01595,P0002,3,8892,0,26676.0,12441.0
OD003972,O01596,P0044,2,1630,0,3260.0,784.0
OD003973,O01596,P0013,4,1311,0,5244.0,2840.0
OD003974,O01597,P0028,4,3631,15,12345.4,2009.4
OD003975,O01598,P0051,1,8105,0,8105.0,3559.0
OD003976,O01598,P0070,3,9093,10,24551.1,7019.1
OD003977,O01599,P0031,1,14006,0,14006.0,7547.0
OD003978,O01599,P0025,3,6585,5,18767.25,7682.25
OD003979,O01600,P0043,4,3251,25,9753.0,-1067.0
OD003980,O01600,P0008,1,9277,10,8349.3,1938.3
OD003981,O01600,P0041,4,8569,5,32562.2,13342.2
OD003982,O01600,P0070,1,9093,10,8183.7,2339.7
OD003983,O01601,P0040,3,6601,20,15842.4,3845.4
OD003984,O01601,P0076,2,7205,5,13689.5,4523.5
OD003985,O01601,P0047,4,4367,10,15721.2,3265.2
OD003986,O01602,P0027,4,4363,15,14834.2,1134.2
OD003987,O01602,P0067,1,3128,10,2815.2,579.2
OD003988,O01602,P0063,3,5568,0,16704.0,7368.0
OD003989,O01603,P0037,4,4495,15,15283.0,5027.0
OD003990,O01603,P0040,4,6601,15,22443.4,6447.4
OD003991,O01603,P0015,1,6239,10,5615.1,1155.1
OD003992,O01604,P0081,3,4694,5,13377.9,5625.9
OD003993,O01605,P0075,2,2498,20,3996.8,1328.8
OD003994,O01605,P0034,3,8273,10,22337.1,2768.1
OD003995,O01605,P0055,2,3114,15,5293.8,807.8
OD003996,O01606,P0074,4,4472,15,15204.8,2564.8
OD003997,O01606,P0044,1,1630,20,1304.0,66.0
OD003998,O01607,P0077,4,3416,15,11614.4,4910.4
OD003999,O01607,P0048,2,3582,5,6805.8,2879.8
OD004000,O01607,P0025,3,6585,25,14816.25,3731.25
OD004001,O01607,P0013,4,1311,15,4457.4,2053.4
OD004002,O01608,P0005,2,526,25,789.0,211.0
OD004003,O01608,P0036,2,8476,5,16104.4,6808.4
OD004004,O01609,P0001,3,8847,10,23886.9,9366.9
OD004005,O01609,P0007,2,9936,15,16891.2,4505.2
OD004006,O01610,P0082,1,2255,10,2029.5,865.5
OD004007,O01611,P0043,3,3251,0,9753.0,1638.0
OD004008,O01611,P0064,3,6997,15,17842.35,5824.35
OD004009,O01611,P0047,2,4367,10,7860.6,1632.6
OD004010,O01612,P0020,4,1983,20,6345.6,85.6
OD004011,O01612,P0002,4,8892,0,35568.0,16588.0
OD004012,O01613,P0082,3,2255,5,6426.75,2934.75
OD004013,O01613,P0016,4,7194,10,25898.4,11402.4
OD004014,O01614,P0011,4,7617,5,28944.6,9060.6
OD004015,O01614,P0031,1,14006,20,11204.8,4745.8
OD004016,O01614,P0041,1,8569,25,6426.75,1621.75
OD004017,O01615,P0062,2,6552,15,11138.4,3486.4
OD004018,O01616,P0049,3,4908,25,11043.0,3210.0
OD004019,O01616,P0012,2,2280,10,4104.0,858.0
OD004020,O01617,P0057,2,4846,5,9207.4,3499.4
OD004021,O01618,P0054,4,7011,10,25239.6,10675.6
OD004022,O01618,P0003,4,319,10,1148.4,100.4
OD004023,O01619,P0068,4,375,0,1500.0,300.0
OD004024,O01619,P0025,2,6585,15,11194.5,3804.5
OD004025,O01619,P0056,3,14270,10,38529.0,18864.0
OD004026,O01620,P0065,3,1750,15,4462.5,820.5
OD004027,O01621,P0040,1,6601,15,5610.85,1611.85
OD004028,O01621,P0022,3,5467,10,14760.9,7203.9
OD004029,O01621,P0017,3,10962,10,29597.4,14582.4
OD004030,O01621,P0041,4,8569,10,30848.4,11628.4
OD004031,O01622,P0045,1,8473,20,6778.4,524.4
OD004032,O01623,P0031,1,14006,15,11905.1,5446.1
OD004033,O01623,P0060,4,3201,15,10883.4,4827.4
OD004034,O01624,P0055,2,3114,20,4982.4,496.4
OD004035,O01625,P0040,3,6601,5,18812.85,6815.85
OD004036,O01626,P0029,4,8916,0,35664.0,11376.0
OD004037,O01626,P0051,3,8105,10,21883.5,8245.5
OD004038,O01626,P0044,3,1630,10,4401.0,687.0
OD004039,O01626,P0073,4,3981,5,15127.8,5527.8
OD004040,O01627,P0007,2,9936,5,18878.4,6492.4
OD004041,O01627,P0052,4,1682,0,6728.0,2864.0
OD004042,O01628,P0042,1,8402,0,8402.0,2690.0
OD004043,O01628,P0025,2,6585,10,11853.0,4463.0
OD004044,O01628,P0081,4,4694,20,15020.8,4684.8
OD004045,O01629,P0080,3,13672,15,34863.6,14217.6
OD004046,O01629,P0005,1,526,5,499.7,210.7
OD004047,O01629,P0067,1,3128,15,2658.8,422.8
OD004048,O01629,P0051,4,8105,15,27557.0,9373.0
OD004049,O01630,P0049,1,4908,15,4171.8,1560.8
OD004050,O01630,P0006,1,5410,5,5139.5,1821.5
OD004051,O01630,P0066,1,3382,10,3043.8,634.8
OD004052,O01631,P0016,4,7194,5,27337.2,12841.2
OD004053,O01631,P0020,2,1983,15,3371.1,241.1
OD004054,O01632,P0055,2,3114,15,5293.8,807.8
OD004055,O01633,P0046,4,10496,0,41984.0,22356.0
OD004056,O01634,P0077,2,3416,15,5807.2,2455.2
OD004057,O01634,P0044,1,1630,5,1548.5,310.5
OD004058,O01634,P0069,2,6924,10,12463.2,1053.2
OD004059,O01635,P0059,4,7607,5,28906.6,14346.6
OD004060,O01635,P0009,1,4834,25,3625.5,371.5
OD004061,O01636,P0033,2,5694,10,10249.2,1321.2
OD004062,O01636,P0082,4,2255,20,7216.0,2560.0
OD004063,O01636,P0058,1,3214,0,3214.0,1246.0
OD004064,O01636,P0006,1,5410,5,5139.5,1821.5
OD004065,O01637,P0064,3,6997,10,18891.9,6873.9
OD004066,O01637,P0026,4,9610,20,30752.0,5896.0
OD004067,O01637,P0042,1,8402,0,8402.0,2690.0
OD004068,O01637,P0078,3,2727,15,6953.85,1784.85
OD004069,O01638,P0076,2,7205,20,11528.0,2362.0
OD004070,O01639,P0063,2,5568,5,10579.2,4355.2
OD004071,O01639,P0066,3,3382,5,9638.7,2411.7
OD004072,O01640,P0054,1,7011,15,5959.35,2318.35
OD004073,O01640,P0069,4,6924,15,23541.6,721.6
OD004074,O01640,P0028,1,3631,5,3449.45,865.45
OD004075,O01641,P0036,2,8476,25,12714.0,3418.0
OD004076,O01642,P0072,1,10954,5,10406.3,5217.3
OD004077,O01642,P0008,2,9277,0,18554.0,5732.0
OD004078,O01642,P0034,1,8273,20,6618.4,95.4
OD004079,O01643,P0043,3,3251,10,8777.7,662.7
OD004080,O01643,P0002,2,8892,15,15116.4,5626.4
OD004081,O01643,P0064,1,6997,20,5597.6,1591.6
OD004082,O01644,P0052,2,1682,10,3027.6,1095.6
OD004083,O01644,P0067,2,3128,5,5943.2,1471.2
OD004084,O01644,P0009,3,4834,5,13776.9,4014.9
OD004085,O01645,P0079,3,11587,15,29546.85,13247.85
OD004086,O01645,P0037,2,4495,10,8091.0,2963.0
OD004087,O01645,P0005,4,526,15,1788.4,632.4
OD004088,O01645,P0073,1,3981,0,3981.0,1581.0
OD004089,O01646,P0023,1,12189,5,11579.55,5985.55
OD004090,O01647,P0056,3,14270,0,42810.0,23145.0
OD004091,O01647,P0082,4,2255,5,8569.0,3913.0
OD004092,O01648,P0007,2,9936,15,16891.2,4505.2
OD004093,O01649,P0066,3,3382,0,10146.0,2919.0
OD004094,O01649,P0028,1,3631,5,3449.45,865.45
OD004095,O01650,P0035,4,3553,15,12080.2,1080.2
OD004096,O01650,P0045,2,8473,15,14404.1,1896.1
OD004097,O01651,P0028,2,3631,10,6535.8,1367.8
OD004098,O01651,P0026,4,9610,10,34596.0,9740.0
OD004099,O01651,P0078,3,2727,20,6544.8,1375.8
OD004100,O01651,P0059,2,7607,15,12931.9,5651.9
OD004101,O01652,P0019,4,6155,15,20927.0,9283.0
OD004102,O01653,P0042,3,8402,10,22685.4,5549.4
OD004103,O01654,P0050,4,791,15,2689.4,957.4
OD004104,O01654,P0069,3,6924,20,16617.6,-497.4
OD004105,O01654,P0061,4,6727,0,26908.0,8460.0
OD004106,O01654,P0015,3,6239,0,18717.0,5337.0
OD004107,O01655,P0057,4,4846,10,17445.6,6029.6
OD004108,O01656,P0082,4,2255,15,7667.0,3011.0
OD004109,O01656,P0001,3,8847,10,23886.9,9366.9
OD004110,O01656,P0042,4,8402,10,30247.2,7399.2
OD004111,O01656,P0063,3,5568,25,12528.0,3192.0
OD004112,O01657,P0071,3,8287,10,22374.9,5469.9
OD004113,O01657,P0070,3,9093,0,27279.0,9747.0
OD004114,O01657,P0063,1,5568,20,4454.4,1342.4
OD004115,O01658,P0046,1,10496,20,8396.8,3489.8
OD004116,O01658,P0041,4,8569,25,25707.0,6487.0
OD004117,O01658,P0070,1,9093,5,8638.35,2794.35
OD004118,O01658,P0036,3,8476,5,24156.6,10212.6
OD004119,O01659,P0067,4,3128,0,12512.0,3568.0
OD004120,O01660,P0028,1,3631,10,3267.9,683.9
OD004121,O01660,P0025,2,6585,10,11853.0,4463.0
OD004122,O01660,P0007,3,9936,5,28317.6,9738.6
OD004123,O01661,P0040,1,6601,0,6601.0,2602.0
OD004124,O01661,P0016,4,7194,25,21582.0,7086.0
OD004125,O01661,P0081,1,4694,5,4459.3,1875.3
OD004126,O01662,P0021,4,12927,15,43951.8,20199.8
OD004127,O01662,P0054,3,7011,5,19981.35,9058.35
OD004128,O01662,P0017,3,10962,20,26308.8,11293.8
OD004129,O01663,P0017,1,10962,10,9865.8,4860.8
OD004130,O01664,P0058,2,3214,0,6428.0,2492.0
OD004131,O01664,P0076,1,7205,0,7205.0,2622.0
OD004132,O01665,P0008,3,9277,20,22264.8,3031.8
OD004133,O01665,P0066,4,3382,5,12851.6,3215.6
OD004134,O01666,P0060,3,3201,20,7682.4,3140.4
OD004135,O01667,P0082,2,2255,10,4059.0,1731.0
OD004136,O01667,P0018,4,8947,15,30419.8,6175.8
OD004137,O01668,P0057,3,4846,10,13084.2,4522.2
OD004138,O01668,P0025,1,6585,10,5926.5,2231.5
OD004139,O01669,P0014,4,10018,20,32057.6,10645.6
OD004140,O01670,P0024,1,9546,5,9068.7,4142.7
OD004141,O01670,P0063,3,5568,5,15868.8,6532.8
OD004142,O01670,P0001,2,8847,10,15924.6,6244.6
OD004143,O01670,P0037,2,4495,10,8091.0,2963.0
OD004144,O01671,P0079,1,11587,15,9848.95,4415.95
OD004145,O01671,P0055,2,3114,10,5605.2,1119.2
OD004146,O01671,P0073,3,3981,25,8957.25,1757.25
OD004147,O01671,P0042,1,8402,20,6721.6,1009.6
OD004148,O01672,P0075,2,2498,0,4996.0,2328.0
OD004149,O01672,P0021,1,12927,10,11634.3,5696.3
OD004150,O01672,P0005,1,526,15,447.1,158.1
OD004151,O01673,P0060,2,3201,0,6402.0,3374.0
OD004152,O01673,P0058,1,3214,10,2892.6,924.6
OD004153,O01673,P0067,2,3128,10,5630.4,1158.4
OD004154,O01674,P0052,2,1682,15,2859.4,927.4
OD004155,O01674,P0080,4,13672,20,43750.4,16222.4
OD004156,O01674,P0065,3,1750,10,4725.0,1083.0
OD004157,O01674,P0035,4,3553,15,12080.2,1080.2
OD004158,O01675,P0069,3,6924,20,16617.6,-497.4
OD004159,O01675,P0075,4,2498,5,9492.4,4156.4
OD004160,O01675,P0014,3,10018,5,28551.3,12492.3
OD004161,O01676,P0056,1,14270,20,11416.0,4861.0
OD004162,O01676,P0029,2,8916,5,16940.4,4796.4
OD004163,O01676,P0017,2,10962,20,17539.2,7529.2
OD004164,O01677,P0047,1,4367,10,3930.3,816.3
OD004165,O01677,P0017,2,10962,5,20827.8,10817.8
OD004166,O01677,P0041,1,8569,20,6855.2,2050.2
OD004167,O01677,P0027,2,4363,15,7417.1,567.1
OD004168,O01678,P0014,4,10018,15,34061.2,12649.2
OD004169,O01678,P0054,4,7011,5,26641.8,12077.8
OD004170,O01678,P0023,2,12189,10,21940.2,10752.2
OD004171,O01679,P0053,2,500,0,1000.0,536.0
OD004172,O01679,P0002,2,8892,5,16894.8,7404.8
OD004173,O01680,P0036,2,8476,0,16952.0,7656.0
OD004174,O01680,P0027,1,4363,5,4144.85,719.85
OD004175,O01680,P0028,2,3631,0,7262.0,2094.0
OD004176,O01680,P0039,1,7839,0,7839.0,2436.0
OD004177,O01681,P0062,4,6552,0,26208.0,10904.0
OD004178,O01681,P0014,3,10018,10,27048.6,10989.6
OD004179,O01681,P0054,3,7011,0,21033.0,10110.0
OD004180,O01681,P0058,1,3214,20,2571.2,603.2
OD004181,O01682,P0077,4,3416,5,12980.8,6276.8
OD004182,O01682,P0060,2,3201,0,6402.0,3374.0
OD004183,O01682,P0014,4,10018,0,40072.0,18660.0
OD004184,O01682,P0081,3,4694,10,12673.8,4921.8
OD004185,O01683,P0016,3,7194,15,18344.7,7472.7
OD004186,O01683,P0044,3,1630,10,4401.0,687.0
OD004187,O01684,P0061,3,6727,10,18162.9,4326.9
OD004188,O01684,P0046,2,10496,5,19942.4,10128.4
OD004189,O01684,P0011,2,7617,20,12187.2,2245.2
OD004190,O01685,P0064,4,6997,10,25189.2,9165.2
OD004191,O01686,P0077,4,3416,20,10931.2,4227.2
OD004192,O01686,P0013,3,1311,5,3736.35,1933.35
OD004193,O01687,P0039,1,7839,5,7447.05,2044.05
OD004194,O01687,P0057,4,4846,20,15507.2,4091.2
OD004195,O01687,P0043,2,3251,10,5851.8,441.8
OD004196,O01688,P0027,2,4363,10,7853.4,1003.4
OD004197,O01688,P0026,2,9610,25,14415.0,1987.0
OD004198,O01688,P0028,2,3631,15,6172.7,1004.7
OD004199,O01688,P0075,4,2498,5,9492.4,4156.4
OD004200,O01689,P0081,4,4694,10,16898.4,6562.4
OD004201,O01689,P0009,2,4834,10,8701.2,2193.2
OD004202,O01689,P0027,4,4363,25,13089.0,-611.0
OD004203,O01689,P0016,1,7194,10,6474.6,2850.6
OD004204,O01690,P0061,2,6727,5,12781.3,3557.3
OD004205,O01691,P0081,1,4694,5,4459.3,1875.3
OD004206,O01691,P0049,2,4908,20,7852.8,2630.8
OD004207,O01691,P0054,2,7011,20,11217.6,3935.6
OD004208,O01692,P0061,4,6727,5,25562.6,7114.6
OD004209,O01693,P0082,4,2255,15,7667.0,3011.0
OD004210,O01694,P0016,2,7194,0,14388.0,7140.0
OD004211,O01694,P0044,4,1630,15,5542.0,590.0
OD004212,O01695,P0016,4,7194,5,27337.2,12841.2
OD004213,O01695,P0012,3,2280,15,5814.0,945.0
OD004214,O01695,P0038,1,5709,15,4852.65,1853.65
OD004215,O01696,P0062,2,6552,10,11793.6,4141.6
OD004216,O01696,P0078,4,2727,0,10908.0,4016.0
OD004217,O01696,P0071,4,8287,5,31490.6,8950.6
OD004218,O01697,P0071,3,8287,10,22374.9,5469.9
OD004219,O01697,P0012,3,2280,10,6156.0,1287.0
OD004220,O01697,P0015,1,6239,15,5303.15,843.15
OD004221,O01698,P0080,3,13672,5,38965.2,18319.2
OD004222,O01698,P0049,1,4908,0,4908.0,2297.0
OD004223,O01699,P0008,3,9277,0,27831.0,8598.0
OD004224,O01699,P0031,1,14006,15,11905.1,5446.1
OD004225,O01700,P0052,3,1682,5,4793.7,1895.7
OD004226,O01700,P0032,4,11145,0,44580.0,19748.0
OD004227,O01700,P0005,1,526,15,447.1,158.1
OD004228,O01701,P0053,2,500,10,900.0,436.0
OD004229,O01701,P0012,3,2280,10,6156.0,1287.0
OD004230,O01701,P0071,4,8287,0,33148.0,10608.0
OD004231,O01702,P0045,3,8473,10,22877.1,4115.1
OD004232,O01702,P0069,1,6924,20,5539.2,-165.8
OD004233,O01702,P0029,2,8916,5,16940.4,4796.4
OD004234,O01702,P0071,4,8287,5,31490.6,8950.6
OD004235,O01703,P0070,4,9093,15,30916.2,7540.2
OD004236,O01703,P0067,4,3128,10,11260.8,2316.8
OD004237,O01704,P0003,2,319,15,542.3,18.3
OD004238,O01704,P0076,4,7205,15,24497.0,6165.0
OD004239,O01704,P0014,4,10018,5,38068.4,16656.4
OD004240,O01705,P0027,1,4363,25,3272.25,-152.75
OD004241,O01706,P0067,2,3128,25,4692.0,220.0
OD004242,O01706,P0032,4,11145,0,44580.0,19748.0
OD004243,O01706,P0008,3,9277,20,22264.8,3031.8
OD004244,O01706,P0037,4,4495,20,14384.0,4128.0
OD004245,O01707,P0019,3,6155,0,18465.0,9732.0
OD004246,O01707,P0007,3,9936,10,26827.2,8248.2
OD004247,O01707,P0008,2,9277,10,16698.6,3876.6
OD004248,O01708,P0043,4,3251,0,13004.0,2184.0
OD004249,O01708,P0032,3,11145,15,28419.75,9795.75
OD004250,O01709,P0067,2,3128,10,5630.4,1158.4
OD004251,O01710,P0022,4,5467,10,19681.2,9605.2
OD004252,O01710,P0005,1,526,20,420.8,131.8
OD004253,O01711,P0071,3,8287,15,21131.85,4226.85
OD004254,O01711,P0006,3,5410,5,15418.5,5464.5
OD004255,O01712,P0018,4,8947,5,33998.6,9754.6
OD004256,O01712,P0008,3,9277,15,23656.35,4423.35
OD004257,O01712,P0029,3,8916,20,21398.4,3182.4
OD004258,O01713,P0050,2,791,15,1344.7,478.7
OD004259,O01714,P0050,4,791,10,2847.6,1115.6
OD004260,O01715,P0024,3,9546,0,28638.0,13860.0
OD004261,O01715,P0022,2,5467,15,9293.9,4255.9
OD004262,O01716,P0017,2,10962,0,21924.0,11914.0
OD004263,O01716,P0061,2,6727,15,11435.9,2211.9
OD004264,O01717,P0009,2,4834,10,8701.2,2193.2
OD004265,O01717,P0020,1,1983,10,1784.7,219.7
OD004266,O01718,P0070,2,9093,20,14548.8,2860.8
OD004267,O01718,P0069,2,6924,0,13848.0,2438.0
OD004268,O01719,P0069,4,6924,5,26311.2,3491.2
OD004269,O01720,P0043,2,3251,10,5851.8,441.8
OD004270,O01720,P0036,3,8476,0,25428.0,11484.0
OD004271,O01720,P0022,3,5467,5,15580.95,8023.95
OD004272,O01720,P0018,2,8947,15,15209.9,3087.9
OD004273,O01721,P0022,1,5467,10,4920.3,2401.3
OD004274,O01721,P0062,3,6552,5,18673.2,7195.2
OD004275,O01721,P0031,1,14006,15,11905.1,5446.1
OD004276,O01721,P0042,3,8402,0,25206.0,8070.0
OD004277,O01722,P0047,3,4367,15,11135.85,1793.85
OD004278,O01722,P0061,3,6727,20,16144.8,2308.8
OD004279,O01722,P0023,1,12189,20,9751.2,4157.2
OD004280,O01723,P0042,3,8402,5,23945.7,6809.7
OD004281,O01723,P0040,1,6601,0,6601.0,2602.0
OD004282,O01723,P0081,2,4694,20,7510.4,2342.4
OD004283,O01723,P0012,2,2280,0,4560.0,1314.0
OD004284,O01724,P0067,2,3128,25,4692.0,220.0
OD004285,O01725,P0034,1,8273,15,7032.05,509.05
OD004286,O01726,P0008,2,9277,10,16698.6,3876.6
OD004287,O01727,P0061,2,6727,25,10090.5,866.5
OD004288,O01727,P0074,3,4472,15,11403.6,1923.6
OD004289,O01727,P0011,1,7617,20,6093.6,1122.6
OD004290,O01727,P0025,1,6585,15,5597.25,1902.25
OD004291,O01728,P0030,3,10331,15,26344.05,8629.05
OD004292,O01728,P0013,3,1311,15,3343.05,1540.05
OD004293,O01729,P0036,2,8476,20,13561.6,4265.6
OD004294,O01729,P0033,4,5694,0,22776.0,4920.0
OD004295,O01729,P0060,1,3201,5,3040.95,1526.95
OD004296,O01730,P0081,3,4694,25,10561.5,2809.5
OD004297,O01730,P0062,2,6552,10,11793.6,4141.6
OD004298,O01730,P0010,3,6288,20,15091.2,2788.2
OD004299,O01730,P0055,3,3114,5,8874.9,2145.9
OD004300,O01731,P0037,2,4495,15,7641.5,2513.5
OD004301,O01731,P0057,4,4846,10,17445.6,6029.6
OD004302,O01732,P0049,2,4908,5,9325.2,4103.2
OD004303,O01732,P0050,4,791,10,2847.6,1115.6
OD004304,O01732,P0076,3,7205,10,19453.5,5704.5
OD004305,O01732,P0070,1,9093,0,9093.0,3249.0
OD004306,O01733,P0081,3,4694,10,12673.8,4921.8
OD004307,O01733,P0023,1,12189,5,11579.55,5985.55
OD004308,O01734,P0013,4,1311,5,4981.8,2577.8
OD004309,O01735,P0076,2,7205,20,11528.0,2362.0
OD004310,O01735,P0058,1,3214,15,2731.9,763.9
OD004311,O01735,P0034,3,8273,5,23578.05,4009.05
OD004312,O01736,P0015,1,6239,20,4991.2,531.2
OD004313,O01737,P0023,1,12189,25,9141.75,3547.75
OD004314,O01738,P0019,3,6155,20,14772.0,6039.0
OD004315,O01738,P0028,3,3631,15,9259.05,1507.05
OD004316,O01739,P0046,4,10496,15,35686.4,16058.4
OD004317,O01739,P0002,4,8892,0,35568.0,16588.0
OD004318,O01739,P0045,3,8473,10,22877.1,4115.1
OD004319,O01739,P0012,1,2280,5,2166.0,543.0
OD004320,O01740,P0022,4,5467,5,20774.6,10698.6
OD004321,O01740,P0075,3,2498,10,6744.6,2742.6
OD004322,O01740,P0067,4,3128,5,11886.4,2942.4
OD004323,O01740,P0063,1,5568,15,4732.8,1620.8
OD004324,O01741,P0014,3,10018,10,27048.6,10989.6
OD004325,O01741,P0051,4,8105,15,27557.0,9373.0
OD004326,O01741,P0017,2,10962,10,19731.6,9721.6
OD004327,O01742,P0032,4,11145,10,40122.0,15290.0
OD004328,O01743,P0008,2,9277,10,16698.6,3876.6
OD004329,O01744,P0023,2,12189,5,23159.1,11971.1
OD004330,O01745,P0031,4,14006,5,53222.8,27386.8
OD004331,O01745,P0037,4,4495,0,17980.0,7724.0
OD004332,O01745,P0033,3,5694,5,16227.9,2835.9
OD004333,O01746,P0016,2,7194,15,12229.8,4981.8
OD004334,O01746,P0054,1,7011,0,7011.0,3370.0
OD004335,O01747,P0037,4,4495,0,17980.0,7724.0
OD004336,O01748,P0028,4,3631,10,13071.6,2735.6
OD004337,O01748,P0015,3,6239,15,15909.45,2529.45
OD004338,O01748,P0035,4,3553,10,12790.8,1790.8
OD004339,O01749,P0056,1,14270,20,11416.0,4861.0
OD004340,O01749,P0033,3,5694,15,14519.7,1127.7
OD004341,O01749,P0048,3,3582,10,9671.4,3782.4
OD004342,O01750,P0055,2,3114,10,5605.2,1119.2
OD004343,O01751,P0004,4,3517,0,14068.0,3956.0
OD004344,O01751,P0011,2,7617,5,14472.3,4530.3
OD004345,O01752,P0075,3,2498,20,5995.2,1993.2
OD004346,O01752,P0062,3,6552,25,14742.0,3264.0
OD004347,O01752,P0003,4,319,10,1148.4,100.4
OD004348,O01752,P0072,3,10954,0,32862.0,17295.0
OD004349,O01753,P0042,4,8402,0,33608.0,10760.0
OD004350,O01753,P0025,3,6585,20,15804.0,4719.0
OD004351,O01753,P0014,2,10018,0,20036.0,9330.0
OD004352,O01754,P0059,2,7607,0,15214.0,7934.0
OD004353,O01755,P0038,3,5709,10,15414.3,6417.3
OD004354,O01755,P0064,1,6997,5,6647.15,2641.15
OD004355,O01755,P0076,4,7205,20,23056.0,4724.0
OD004356,O01756,P0074,2,4472,15,7602.4,1282.4
OD004357,O01756,P0028,4,3631,15,12345.4,2009.4
OD004358,O01756,P0069,4,6924,20,22156.8,-663.2
OD004359,O01756,P0066,1,3382,10,3043.8,634.8
OD004360,O01757,P0027,2,4363,0,8726.0,1876.0
OD004361,O01757,P0072,2,10954,20,17526.4,7148.4
OD004362,O01757,P0055,1,3114,10,2802.6,559.6
OD004363,O01757,P0038,2,5709,10,10276.2,4278.2
OD004364,O01758,P0011,4,7617,10,27421.2,7537.2
OD004365,O01759,P0010,3,6288,10,16977.6,4674.6
OD004366,O01759,P0080,2,13672,20,21875.2,8111.2
OD004367,O01760,P0001,3,8847,5,25213.95,10693.95
OD004368,O01760,P0014,3,10018,0,30054.0,13995.0
OD004369,O01761,P0020,3,1983,20,4759.2,64.2
OD004370,O01761,P0068,4,375,20,1200.0,0.0
OD004371,O01761,P0077,1,3416,15,2903.6,1227.6
OD004372,O01761,P0015,2,6239,15,10606.3,1686.3
OD004373,O01762,P0044,4,1630,10,5868.0,916.0
OD004374,O01762,P0026,1,9610,10,8649.0,2435.0
OD004375,O01763,P0082,1,2255,20,1804.0,640.0
OD004376,O01764,P0029,3,8916,10,24073.2,5857.2
OD004377,O01765,P0053,4,500,15,1700.0,772.0
OD004378,O01765,P0040,1,6601,10,5940.9,1941.9
OD004379,O01766,P0018,3,8947,20,21472.8,3289.8
OD004380,O01766,P0057,1,4846,5,4603.7,1749.7
OD004381,O01766,P0079,1,11587,25,8690.25,3257.25
OD004382,O01767,P0060,2,3201,15,5441.7,2413.7
OD004383,O01768,P0020,4,1983,15,6742.2,482.2
OD004384,O01768,P0080,1,13672,0,13672.0,6790.0
OD004385,O01768,P0022,4,5467,5,20774.6,10698.6
OD004386,O01769,P0053,2,500,10,900.0,436.0
OD004387,O01769,P0032,4,11145,10,40122.0,15290.0
OD004388,O01769,P0069,1,6924,20,5539.2,-165.8
OD004389,O01769,P0002,2,8892,0,17784.0,8294.0
OD004390,O01770,P0064,4,6997,25,20991.0,4967.0
OD004391,O01770,P0066,4,3382,20,10822.4,1186.4
OD004392,O01770,P0024,2,9546,0,19092.0,9240.0
OD004393,O01770,P0015,4,6239,10,22460.4,4620.4
OD004394,O01771,P0022,3,5467,15,13940.85,6383.85
OD004395,O01772,P0019,2,6155,15,10463.5,4641.5
OD004396,O01773,P0051,2,8105,0,16210.0,7118.0
OD004397,O01773,P0029,4,8916,20,28531.2,4243.2
OD004398,O01773,P0044,4,1630,10,5868.0,916.0
OD004399,O01774,P0071,3,8287,5,23617.95,6712.95
OD004400,O01774,P0054,2,7011,25,10516.5,3234.5
OD004401,O01775,P0012,4,2280,5,8664.0,2172.0
OD004402,O01775,P0052,4,1682,25,5046.0,1182.0
OD004403,O01775,P0010,2,6288,5,11947.2,3745.2
OD004404,O01776,P0039,1,7839,15,6663.15,1260.15
OD004405,O01777,P0030,1,10331,15,8781.35,2876.35
OD004406,O01777,P0010,3,6288,10,16977.6,4674.6
OD004407,O01778,P0048,3,3582,0,10746.0,4857.0
OD004408,O01778,P0039,3,7839,10,21165.3,4956.3
OD004409,O01779,P0045,2,8473,5,16098.7,3590.7
OD004410,O01779,P0080,2,13672,20,21875.2,8111.2
OD004411,O01779,P0063,4,5568,15,18931.2,6483.2
OD004412,O01779,P0010,1,6288,10,5659.2,1558.2
OD004413,O01780,P0027,3,4363,15,11125.65,850.65
OD004414,O01781,P0033,1,5694,10,5124.6,660.6
OD004415,O01781,P0055,2,3114,0,6228.0,1742.0
OD004416,O01781,P0045,1,8473,5,8049.35,1795.35
OD004417,O01781,P0027,3,4363,5,12434.55,2159.55
OD004418,O01782,P0063,4,5568,10,20044.8,7596.8
OD004419,O01782,P0061,1,6727,5,6390.65,1778.65
OD004420,O01783,P0031,4,14006,10,50421.6,24585.6
OD004421,O01783,P0004,2,3517,10,6330.6,1274.6
OD004422,O01784,P0018,4,8947,20,28630.4,4386.4
OD004423,O01785,P0042,3,8402,10,22685.4,5549.4
OD004424,O01785,P0036,3,8476,5,24156.6,10212.6
OD004425,O01785,P0007,3,9936,20,23846.4,5267.4
OD004426,O01785,P0041,2,8569,0,17138.0,7528.0
OD004427,O01786,P0040,1,6601,0,6601.0,2602.0
OD004428,O01786,P0023,3,12189,20,29253.6,12471.6
OD004429,O01787,P0071,2,8287,10,14916.6,3646.6
OD004430,O01788,P0014,4,10018,5,38068.4,16656.4
OD004431,O01788,P0067,3,3128,5,8914.8,2206.8
OD004432,O01788,P0021,2,12927,5,24561.3,12685.3
OD004433,O01789,P0037,2,4495,25,6742.5,1614.5
OD004434,O01789,P0052,1,1682,0,1682.0,716.0
OD004435,O01790,P0052,2,1682,25,2523.0,591.0
OD004436,O01790,P0061,1,6727,15,5717.95,1105.95
OD004437,O01790,P0055,1,3114,0,3114.0,871.0
OD004438,O01791,P0005,4,526,15,1788.4,632.4
OD004439,O01792,P0040,2,6601,10,11881.8,3883.8
OD004440,O01792,P0065,2,1750,10,3150.0,722.0
OD004441,O01792,P0079,3,11587,5,33022.95,16723.95
OD004442,O01792,P0029,2,8916,15,15157.2,3013.2
OD004443,O01793,P0074,3,4472,15,11403.6,1923.6
OD004444,O01793,P0062,1,6552,15,5569.2,1743.2
OD004445,O01793,P0048,1,3582,20,2865.6,902.6
OD004446,O01793,P0059,2,7607,10,13692.6,6412.6
OD004447,O01794,P0066,3,3382,10,9131.4,1904.4
OD004448,O01794,P0030,2,10331,25,15496.5,3686.5
OD004449,O01795,P0007,2,9936,5,18878.4,6492.4
OD004450,O01795,P0033,2,5694,5,10818.6,1890.6
OD004451,O01796,P0068,2,375,15,637.5,37.5
OD004452,O01797,P0062,1,6552,10,5896.8,2070.8
OD004453,O01797,P0028,3,3631,20,8714.4,962.4
OD004454,O01797,P0066,4,3382,20,10822.4,1186.4
OD004455,O01797,P0079,2,11587,5,22015.3,11149.3
OD004456,O01798,P0028,2,3631,0,7262.0,2094.0
OD004457,O01799,P0053,3,500,5,1425.0,729.0
OD004458,O01799,P0020,2,1983,0,3966.0,836.0
OD004459,O01799,P0060,2,3201,10,5761.8,2733.8
OD004460,O01800,P0057,2,4846,20,7753.6,2045.6
OD004461,O01800,P0013,4,1311,20,4195.2,1791.2
OD004462,O01801,P0036,1,8476,5,8052.2,3404.2
OD004463,O01801,P0021,2,12927,20,20683.2,8807.2
OD004464,O01801,P0039,2,7839,10,14110.2,3304.2
OD004465,O01801,P0037,3,4495,0,13485.0,5793.0
OD004466,O01802,P0065,2,1750,5,3325.0,897.0
OD004467,O01802,P0037,3,4495,5,12810.75,5118.75
OD004468,O01803,P0014,2,10018,0,20036.0,9330.0
OD004469,O01803,P0078,1,2727,20,2181.6,458.6
OD004470,O01803,P0060,4,3201,20,10243.2,4187.2
OD004471,O01803,P0007,1,9936,0,9936.0,3743.0
OD004472,O01804,P0024,1,9546,20,7636.8,2710.8
OD004473,O01804,P0043,2,3251,0,6502.0,1092.0
OD004474,O01804,P0082,1,2255,10,2029.5,865.5
OD004475,O01805,P0068,3,375,20,900.0,0.0
OD004476,O01805,P0022,3,5467,0,16401.0,8844.0
OD004477,O01805,P0048,4,3582,10,12895.2,5043.2
OD004478,O01805,P0040,3,6601,10,17822.7,5825.7
OD004479,O01806,P0059,1,7607,5,7226.65,3586.65
OD004480,O01806,P0052,4,1682,0,6728.0,2864.0
OD004481,O01806,P0082,1,2255,20,1804.0,640.0
OD004482,O01807,P0032,1,11145,20,8916.0,2708.0
OD004483,O01807,P0012,1,2280,5,2166.0,543.0
OD004484,O01807,P0064,2,6997,15,11894.9,3882.9
OD004485,O01807,P0006,4,5410,10,19476.0,6204.0
OD004486,O01808,P0062,4,6552,5,24897.6,9593.6
OD004487,O01808,P0016,2,7194,20,11510.4,4262.4
OD004488,O01808,P0031,1,14006,20,11204.8,4745.8
OD004489,O01808,P0073,4,3981,5,15127.8,5527.8
OD004490,O01809,P0013,2,1311,15,2228.7,1026.7
OD004491,O01810,P0013,3,1311,20,3146.4,1343.4
OD004492,O01810,P0011,1,7617,5,7236.15,2265.15
OD004493,O01811,P0080,3,13672,0,41016.0,20370.0
OD004494,O01811,P0034,2,8273,15,14064.1,1018.1
OD004495,O01812,P0052,4,1682,0,6728.0,2864.0
OD004496,O01813,P0023,2,12189,10,21940.2,10752.2
OD004497,O01813,P0064,2,6997,0,13994.0,5982.0
OD004498,O01814,P0049,2,4908,20,7852.8,2630.8
OD004499,O01814,P0048,1,3582,20,2865.6,902.6
OD004500,O01815,P0035,2,3553,10,6395.4,895.4
OD004501,O01815,P0025,3,6585,5,18767.25,7682.25
OD004502,O01815,P0008,4,9277,15,31541.8,5897.8
OD004503,O01816,P0074,3,4472,15,11403.6,1923.6
OD004504,O01816,P0029,2,8916,5,16940.4,4796.4
OD004505,O01816,P0056,4,14270,15,48518.0,22298.0
OD004506,O01816,P0024,2,9546,5,18137.4,8285.4
OD004507,O01817,P0071,2,8287,20,13259.2,1989.2
OD004508,O01817,P0081,2,4694,20,7510.4,2342.4
OD004509,O01817,P0022,1,5467,15,4646.95,2127.95
OD004510,O01818,P0081,4,4694,20,15020.8,4684.8
OD004511,O01818,P0037,3,4495,10,12136.5,4444.5
OD004512,O01819,P0058,4,3214,20,10284.8,2412.8
OD004513,O01819,P0027,2,4363,0,8726.0,1876.0
OD004514,O01819,P0042,2,8402,0,16804.0,5380.0
OD004515,O01820,P0074,1,4472,5,4248.4,1088.4
OD004516,O01821,P0009,4,4834,0,19336.0,6320.0
OD004517,O01821,P0065,2,1750,5,3325.0,897.0
OD004518,O01822,P0071,1,8287,15,7043.95,1408.95
OD004519,O01822,P0076,3,7205,20,17292.0,3543.0
OD004520,O01823,P0012,1,2280,25,1710.0,87.0
OD004521,O01824,P0005,3,526,0,1578.0,711.0
OD004522,O01825,P0071,2,8287,0,16574.0,5304.0
OD004523,O01825,P0056,4,14270,10,51372.0,25152.0
OD004524,O01825,P0020,2,1983,5,3767.7,637.7
OD004525,O01825,P0076,1,7205,5,6844.75,2261.75
OD004526,O01826,P0049,2,4908,15,8343.6,3121.6
OD004527,O01827,P0002,4,8892,15,30232.8,11252.8
OD004528,O01827,P0028,4,3631,0,14524.0,4188.0
OD004529,O01828,P0076,1,7205,25,5403.75,820.75
OD004530,O01828,P0032,2,11145,10,20061.0,7645.0
OD004531,O01829,P0044,3,1630,20,3912.0,198.0
OD004532,O01829,P0070,4,9093,5,34553.4,11177.4
OD004533,O01829,P0047,3,4367,10,11790.9,2448.9
OD004534,O01829,P0040,4,6601,0,26404.0,10408.0
OD004535,O01830,P0023,3,12189,15,31081.95,14299.95
OD004536,O01830,P0049,2,4908,5,9325.2,4103.2
OD004537,O01830,P0040,4,6601,15,22443.4,6447.4
OD004538,O01830,P0075,2,2498,15,4246.6,1578.6
OD004539,O01831,P0055,3,3114,5,8874.9,2145.9
OD004540,O01831,P0050,3,791,15,2017.05,718.05
OD004541,O01831,P0018,2,8947,15,15209.9,3087.9
OD004542,O01831,P0040,2,6601,5,12541.9,4543.9
OD004543,O01832,P0033,3,5694,15,14519.7,1127.7
OD004544,O01832,P0077,1,3416,0,3416.0,1740.0
OD004545,O01833,P0076,1,7205,15,6124.25,1541.25
OD004546,O01833,P0044,2,1630,0,3260.0,784.0
OD004547,O01833,P0011,3,7617,5,21708.45,6795.45
OD004548,O01833,P0010,1,6288,10,5659.2,1558.2
OD004549,O01834,P0058,4,3214,15,10927.6,3055.6
OD004550,O01834,P0037,2,4495,10,8091.0,2963.0
OD004551,O01834,P0045,3,8473,10,22877.1,4115.1
OD004552,O01835,P0076,4,7205,0,28820.0,10488.0
OD004553,O01835,P0016,1,7194,15,6114.9,2490.9
OD004554,O01836,P0069,4,6924,15,23541.6,721.6
OD004555,O01836,P0003,3,319,15,813.45,27.45
OD004556,O01837,P0045,4,8473,15,28808.2,3792.2
OD004557,O01837,P0015,4,6239,20,19964.8,2124.8
OD004558,O01838,P0061,3,6727,5,19171.95,5335.95
OD004559,O01839,P0059,4,7607,10,27385.2,12825.2
OD004560,O01839,P0054,2,7011,5,13320.9,6038.9
OD004561,O01840,P0030,1,10331,5,9814.45,3909.45
OD004562,O01840,P0007,2,9936,5,18878.4,6492.4
OD004563,O01840,P0059,4,7607,0,30428.0,15868.0
OD004564,O01840,P0053,1,500,5,475.0,243.0
OD004565,O01841,P0064,1,6997,25,5247.75,1241.75
OD004566,O01841,P0048,3,3582,0,10746.0,4857.0
OD004567,O01841,P0060,2,3201,5,6081.9,3053.9
OD004568,O01842,P0014,2,10018,15,17030.6,6324.6
OD004569,O01842,P0023,2,12189,5,23159.1,11971.1
OD004570,O01843,P0014,4,10018,20,32057.6,10645.6
OD004571,O01843,P0023,2,12189,15,20721.3,9533.3
OD004572,O01843,P0058,2,3214,10,5785.2,1849.2
OD004573,O01844,P0011,2,7617,10,13710.6,3768.6
OD004574,O01844,P0037,2,4495,0,8990.0,3862.0
OD004575,O01845,P0030,4,10331,5,39257.8,15637.8
OD004576,O01845,P0028,4,3631,0,14524.0,4188.0
OD004577,O01845,P0010,3,6288,25,14148.0,1845.0
OD004578,O01845,P0041,4,8569,5,32562.2,13342.2
OD004579,O01846,P0059,4,7607,15,25863.8,11303.8
OD004580,O01846,P0051,2,8105,10,14589.0,5497.0
OD004581,O01847,P0009,2,4834,5,9184.6,2676.6
OD004582,O01848,P0031,1,14006,25,10504.5,4045.5
OD004583,O01848,P0064,4,6997,15,23789.8,7765.8
OD004584,O01848,P0058,1,3214,20,2571.2,603.2
OD004585,O01849,P0050,4,791,5,3005.8,1273.8
OD004586,O01849,P0027,2,4363,0,8726.0,1876.0
OD004587,O01849,P0055,3,3114,15,7940.7,1211.7
OD004588,O01850,P0065,2,1750,15,2975.0,547.0
OD004589,O01850,P0042,3,8402,0,25206.0,8070.0
OD004590,O01850,P0030,2,10331,5,19628.9,7818.9
OD004591,O01850,P0074,1,4472,0,4472.0,1312.0
OD004592,O01851,P0076,1,7205,5,6844.75,2261.75
OD004593,O01851,P0069,1,6924,15,5885.4,180.4
OD004594,O01851,P0007,4,9936,10,35769.6,10997.6
OD004595,O01852,P0065,2,1750,5,3325.0,897.0
OD004596,O01852,P0008,3,9277,20,22264.8,3031.8
OD004597,O01852,P0040,1,6601,10,5940.9,1941.9
OD004598,O01853,P0016,4,7194,5,27337.2,12841.2
OD004599,O01853,P0024,2,9546,5,18137.4,8285.4
OD004600,O01854,P0082,3,2255,10,6088.5,2596.5
OD004601,O01854,P0060,4,3201,5,12163.8,6107.8
OD004602,O01854,P0018,2,8947,25,13420.5,1298.5
OD004603,O01855,P0035,2,3553,25,5329.5,-170.5
OD004604,O01855,P0014,3,10018,5,28551.3,12492.3
OD004605,O01855,P0036,2,8476,15,14409.2,5113.2
OD004606,O01855,P0059,1,7607,5,7226.65,3586.65
OD004607,O01856,P0041,3,8569,10,23136.3,8721.3
OD004608,O01856,P0079,1,11587,5,11007.65,5574.65
OD004609,O01856,P0082,3,2255,10,6088.5,2596.5
OD004610,O01857,P0003,3,319,15,813.45,27.45
OD004611,O01857,P0019,3,6155,10,16618.5,7885.5
OD004612,O01858,P0024,2,9546,0,19092.0,9240.0
OD004613,O01858,P0010,4,6288,5,23894.4,7490.4
OD004614,O01858,P0081,1,4694,15,3989.9,1405.9
OD004615,O01858,P0028,3,3631,5,10348.35,2596.35
OD004616,O01859,P0076,1,7205,10,6484.5,1901.5
OD004617,O01859,P0077,3,3416,5,9735.6,4707.6
OD004618,O01859,P0023,2,12189,0,24378.0,13190.0
OD004619,O01859,P0033,4,5694,10,20498.4,2642.4
OD004620,O01860,P0012,4,2280,0,9120.0,2628.0
OD004621,O01860,P0064,2,6997,20,11195.2,3183.2
OD004622,O01860,P0008,2,9277,10,16698.6,3876.6
OD004623,O01860,P0002,1,8892,0,8892.0,4147.0
OD004624,O01861,P0081,1,4694,15,3989.9,1405.9
OD004625,O01861,P0062,2,6552,0,13104.0,5452.0
OD004626,O01862,P0028,2,3631,10,6535.8,1367.8
OD004627,O01863,P0077,3,3416,0,10248.0,5220.0
OD004628,O01863,P0022,2,5467,10,9840.6,4802.6
OD004629,O01863,P0017,1,10962,20,8769.6,3764.6
OD004630,O01863,P0012,3,2280,5,6498.0,1629.0
OD004631,O01864,P0056,1,14270,10,12843.0,6288.0
OD004632,O01864,P0015,4,6239,5,23708.2,5868.2
OD004633,O01864,P0075,3,2498,25,5620.5,1618.5
OD004634,O01865,P0072,4,10954,15,37243.6,16487.6
OD004635,O01865,P0042,4,8402,0,33608.0,10760.0
OD004636,O01865,P0002,2,8892,10,16005.6,6515.6
OD004637,O01866,P0060,4,3201,10,11523.6,5467.6
OD004638,O01866,P0082,3,2255,10,6088.5,2596.5
OD004639,O01867,P0032,3,11145,15,28419.75,9795.75
OD004640,O01867,P0042,3,8402,5,23945.7,6809.7
OD004641,O01868,P0037,2,4495,10,8091.0,2963.0
OD004642,O01868,P0016,1,7194,5,6834.3,3210.3
OD004643,O01868,P0049,2,4908,20,7852.8,2630.8
OD004644,O01869,P0027,2,4363,15,7417.1,567.1
OD004645,O01869,P0075,1,2498,5,2373.1,1039.1
OD004646,O01869,P0028,3,3631,5,10348.35,2596.35
OD004647,O01869,P0051,2,8105,10,14589.0,5497.0
OD004648,O01870,P0004,1,3517,15,2989.45,461.45
OD004649,O01870,P0006,2,5410,15,9197.0,2561.0
OD004650,O01870,P0041,3,8569,20,20565.6,6150.6
OD004651,O01870,P0017,4,10962,10,39463.2,19443.2
OD004652,O01871,P0061,1,6727,0,6727.0,2115.0
OD004653,O01871,P0010,1,6288,5,5973.6,1872.6
OD004654,O01871,P0052,2,1682,0,3364.0,1432.0
OD004655,O01871,P0077,4,3416,10,12297.6,5593.6
OD004656,O01872,P0045,3,8473,10,22877.1,4115.1
OD004657,O01872,P0076,1,7205,5,6844.75,2261.75
OD004658,O01872,P0024,1,9546,15,8114.1,3188.1
OD004659,O01872,P0026,2,9610,0,19220.0,6792.0
OD004660,O01873,P0064,4,6997,10,25189.2,9165.2
OD004661,O01873,P0034,4,8273,15,28128.2,2036.2
OD004662,O01873,P0035,2,3553,25,5329.5,-170.5
OD004663,O01874,P0061,1,6727,20,5381.6,769.6
OD004664,O01874,P0078,4,2727,15,9271.8,2379.8
OD004665,O01875,P0069,3,6924,15,17656.2,541.2
OD004666,O01875,P0038,3,5709,25,12845.25,3848.25
OD004667,O01875,P0045,3,8473,15,21606.15,2844.15
OD004668,O01876,P0081,2,4694,5,8918.6,3750.6
OD004669,O01876,P0006,2,5410,15,9197.0,2561.0
OD004670,O01876,P0029,3,8916,15,22735.8,4519.8
OD004671,O01877,P0003,1,319,20,255.2,-6.8
OD004672,O01878,P0075,4,2498,20,7993.6,2657.6
OD004673,O01878,P0038,3,5709,5,16270.65,7273.65
OD004674,O01879,P0041,2,8569,20,13710.4,4100.4
OD004675,O01879,P0038,1,5709,20,4567.2,1568.2
OD004676,O01880,P0058,1,3214,10,2892.6,924.6
OD004677,O01880,P0006,1,5410,20,4328.0,1010.0
OD004678,O01880,P0051,4,8105,5,30799.0,12615.0
OD004679,O01880,P0053,4,500,20,1600.0,672.0
OD004680,O01881,P0002,3,8892,0,26676.0,12441.0
OD004681,O01881,P0073,2,3981,15,6767.7,1967.7
OD004682,O01881,P0023,2,12189,15,20721.3,9533.3
OD004683,O01881,P0020,1,1983,10,1784.7,219.7
OD004684,O01882,P0011,2,7617,10,13710.6,3768.6
OD004685,O01882,P0034,1,8273,10,7445.7,922.7
OD004686,O01882,P0023,3,12189,20,29253.6,12471.6
OD004687,O01883,P0040,4,6601,15,22443.4,6447.4
OD004688,O01883,P0011,3,7617,15,19423.35,4510.35
OD004689,O01883,P0032,4,11145,5,42351.0,17519.0
OD004690,O01883,P0073,1,3981,25,2985.75,585.75
OD004691,O01884,P0007,4,9936,10,35769.6,10997.6
OD004692,O01884,P0013,4,1311,20,4195.2,1791.2
OD004693,O01884,P0004,4,3517,25,10551.0,439.0
OD004694,O01884,P0036,1,8476,0,8476.0,3828.0
OD004695,O01885,P0011,2,7617,10,13710.6,3768.6
OD004696,O01885,P0026,3,9610,5,27388.5,8746.5
OD004697,O01885,P0020,1,1983,10,1784.7,219.7
OD004698,O01886,P0030,4,10331,15,35125.4,11505.4
OD004699,O01886,P0056,2,14270,10,25686.0,12576.0
OD004700,O01886,P0053,4,500,20,1600.0,672.0
OD004701,O01887,P0039,1,7839,5,7447.05,2044.05
OD004702,O01888,P0013,2,1311,15,2228.7,1026.7
OD004703,O01888,P0064,4,6997,20,22390.4,6366.4
OD004704,O01889,P0029,2,8916,25,13374.0,1230.0
OD004705,O01889,P0043,1,3251,20,2600.8,-104.2
OD004706,O01890,P0053,2,500,0,1000.0,536.0
OD004707,O01890,P0067,4,3128,15,10635.2,1691.2
OD004708,O01890,P0068,4,375,0,1500.0,300.0
OD004709,O01891,P0025,1,6585,5,6255.75,2560.75
OD004710,O01891,P0037,2,4495,15,7641.5,2513.5
OD004711,O01891,P0078,2,2727,10,4908.6,1462.6
OD004712,O01892,P0006,2,5410,20,8656.0,2020.0
OD004713,O01892,P0050,4,791,20,2531.2,799.2
OD004714,O01893,P0012,1,2280,0,2280.0,657.0
OD004715,O01894,P0075,2,2498,20,3996.8,1328.8
OD004716,O01894,P0044,1,1630,15,1385.5,147.5
OD004717,O01894,P0069,4,6924,10,24926.4,2106.4
OD004718,O01895,P0048,1,3582,10,3223.8,1260.8
OD004719,O01895,P0012,1,2280,15,1938.0,315.0
OD004720,O01896,P0042,3,8402,20,20164.8,3028.8
OD004721,O01897,P0029,1,8916,20,7132.8,1060.8
OD004722,O01898,P0020,3,1983,15,5056.65,361.65
OD004723,O01898,P0011,1,7617,15,6474.45,1503.45
OD004724,O01899,P0063,4,5568,10,20044.8,7596.8
OD004725,O01899,P0082,3,2255,10,6088.5,2596.5
OD004726,O01900,P0038,4,5709,10,20552.4,8556.4
OD004727,O01901,P0045,4,8473,0,33892.0,8876.0
OD004728,O01901,P0068,2,375,10,675.0,75.0
OD004729,O01901,P0016,2,7194,5,13668.6,6420.6
OD004730,O01902,P0023,2,12189,0,24378.0,13190.0
OD004731,O01902,P0055,3,3114,10,8407.8,1678.8
OD004732,O01902,P0041,3,8569,0,25707.0,11292.0
OD004733,O01903,P0060,3,3201,10,8642.7,4100.7
OD004734,O01903,P0077,1,3416,10,3074.4,1398.4
OD004735,O01903,P0024,3,9546,10,25774.2,10996.2
OD004736,O01904,P0027,3,4363,25,9816.75,-458.25
OD004737,O01904,P0043,4,3251,15,11053.4,233.4
OD004738,O01904,P0047,3,4367,0,13101.0,3759.0
OD004739,O01904,P0054,3,7011,0,21033.0,10110.0
OD004740,O01905,P0046,1,10496,10,9446.4,4539.4
OD004741,O01905,P0071,2,8287,15,14087.9,2817.9
OD004742,O01905,P0062,1,6552,0,6552.0,2726.0
OD004743,O01905,P0044,3,1630,15,4156.5,442.5
OD004744,O01906,P0035,1,3553,15,3020.05,270.05
OD004745,O01906,P0073,1,3981,5,3781.95,1381.95
OD004746,O01906,P0019,1,6155,5,5847.25,2936.25
OD004747,O01907,P0052,1,1682,0,1682.0,716.0
OD004748,O01907,P0025,4,6585,5,25023.0,10243.0
OD004749,O01908,P0049,1,4908,5,4662.6,2051.6
OD004750,O01908,P0028,2,3631,5,6898.9,1730.9
OD004751,O01908,P0010,3,6288,0,18864.0,6561.0
OD004752,O01909,P0081,1,4694,10,4224.6,1640.6
OD004753,O01910,P0053,1,500,10,450.0,218.0
OD004754,O01910,P0045,1,8473,20,6778.4,524.4
OD004755,O01911,P0068,4,375,10,1350.0,150.0
OD004756,O01911,P0077,4,3416,15,11614.4,4910.4
OD004757,O01912,P0072,3,10954,5,31218.9,15651.9
OD004758,O01912,P0059,2,7607,0,15214.0,7934.0
OD004759,O01913,P0026,4,9610,15,32674.0,7818.0
OD004760,O01913,P0018,2,8947,0,17894.0,5772.0
OD004761,O01913,P0070,4,9093,5,34553.4,11177.4
OD004762,O01914,P0066,4,3382,20,10822.4,1186.4
OD004763,O01914,P0079,3,11587,15,29546.85,13247.85
OD004764,O01914,P0044,2,1630,0,3260.0,784.0
OD004765,O01915,P0064,3,6997,10,18891.9,6873.9
OD004766,O01915,P0012,4,2280,20,7296.0,804.0
OD004767,O01915,P0005,2,526,15,894.2,316.2
OD004768,O01916,P0046,1,10496,20,8396.8,3489.8
OD004769,O01916,P0012,4,2280,15,7752.0,1260.0
OD004770,O01916,P0074,4,4472,10,16099.2,3459.2
OD004771,O01916,P0003,3,319,20,765.6,-20.4
OD004772,O01917,P0081,4,4694,25,14082.0,3746.0
OD004773,O01917,P0019,1,6155,10,5539.5,2628.5
OD004774,O01918,P0010,2,6288,5,11947.2,3745.2
OD004775,O01918,P0021,2,12927,15,21975.9,10099.9
OD004776,O01918,P0065,1,1750,0,1750.0,536.0
OD004777,O01918,P0081,2,4694,15,7979.8,2811.8
OD004778,O01919,P0080,3,13672,25,30762.0,10116.0
OD004779,O01920,P0066,4,3382,0,13528.0,3892.0
OD004780,O01920,P0009,2,4834,10,8701.2,2193.2
OD004781,O01920,P0021,2,12927,20,20683.2,8807.2
OD004782,O01920,P0041,2,8569,15,14567.3,4957.3
OD004783,O01921,P0078,3,2727,15,6953.85,1784.85
OD004784,O01922,P0076,1,7205,0,7205.0,2622.0
OD004785,O01922,P0010,2,6288,5,11947.2,3745.2
OD004786,O01922,P0003,1,319,0,319.0,57.0
OD004787,O01922,P0016,3,7194,10,19423.8,8551.8
OD004788,O01923,P0075,3,2498,20,5995.2,1993.2
OD004789,O01923,P0011,4,7617,10,27421.2,7537.2
OD004790,O01923,P0021,2,12927,5,24561.3,12685.3
OD004791,O01924,P0058,2,3214,20,5142.4,1206.4
OD004792,O01925,P0002,3,8892,5,25342.2,11107.2
OD004793,O01926,P0025,3,6585,15,16791.75,5706.75
OD004794,O01926,P0072,1,10954,15,9310.9,4121.9
OD004795,O01926,P0076,3,7205,0,21615.0,7866.0
OD004796,O01926,P0056,3,14270,15,36388.5,16723.5
OD004797,O01927,P0040,2,6601,5,12541.9,4543.9
OD004798,O01927,P0066,2,3382,20,5411.2,593.2
OD004799,O01927,P0051,4,8105,0,32420.0,14236.0
OD004800,O01928,P0065,1,1750,25,1312.5,98.5
OD004801,O01928,P0078,1,2727,5,2590.65,867.65
OD004802,O01928,P0048,4,3582,10,12895.2,5043.2
OD004803,O01929,P0059,1,7607,0,7607.0,3967.0
OD004804,O01929,P0044,4,1630,5,6194.0,1242.0
OD004805,O01929,P0074,3,4472,5,12745.2,3265.2
OD004806,O01929,P0045,3,8473,10,22877.1,4115.1
OD004807,O01930,P0051,2,8105,5,15399.5,6307.5
OD004808,O01930,P0047,4,4367,10,15721.2,3265.2
OD004809,O01930,P0070,1,9093,5,8638.35,2794.35
OD004810,O01931,P0075,1,2498,5,2373.1,1039.1
OD004811,O01931,P0018,1,8947,15,7604.95,1543.95
OD004812,O01931,P0031,4,14006,10,50421.6,24585.6
OD004813,O01932,P0028,3,3631,5,10348.35,2596.35
OD004814,O01932,P0008,1,9277,15,7885.45,1474.45
OD004815,O01932,P0080,2,13672,20,21875.2,8111.2
OD004816,O01932,P0001,4,8847,20,28310.4,8950.4
OD004817,O01933,P0061,1,6727,10,6054.3,1442.3
OD004818,O01934,P0008,1,9277,5,8813.15,2402.15
OD004819,O01934,P0071,1,8287,0,8287.0,2652.0
OD004820,O01934,P0067,1,3128,20,2502.4,266.4
OD004821,O01934,P0053,2,500,0,1000.0,536.0
OD004822,O01935,P0051,1,8105,20,6484.0,1938.0
OD004823,O01935,P0053,1,500,10,450.0,218.0
OD004824,O01936,P0075,1,2498,10,2248.2,914.2
OD004825,O01936,P0036,4,8476,10,30513.6,11921.6
OD004826,O01936,P0070,3,9093,10,24551.1,7019.1
OD004827,O01936,P0001,4,8847,5,33618.6,14258.6
OD004828,O01937,P0059,4,7607,10,27385.2,12825.2
OD004829,O01937,P0042,1,8402,15,7141.7,1429.7
OD004830,O01938,P0058,1,3214,5,3053.3,1085.3
OD004831,O01938,P0048,2,3582,0,7164.0,3238.0
OD004832,O01938,P0038,4,5709,20,18268.8,6272.8
OD004833,O01938,P0041,2,8569,15,14567.3,4957.3
OD004834,O01939,P0064,2,6997,0,13994.0,5982.0
OD004835,O01939,P0068,4,375,10,1350.0,150.0
OD004836,O01939,P0057,3,4846,20,11630.4,3068.4
OD004837,O01939,P0036,3,8476,0,25428.0,11484.0
OD004838,O01940,P0004,2,3517,10,6330.6,1274.6
OD004839,O01940,P0055,3,3114,10,8407.8,1678.8
OD004840,O01940,P0002,4,8892,5,33789.6,14809.6
OD004841,O01940,P0070,1,9093,15,7729.05,1885.05
OD004842,O01941,P0027,1,4363,15,3708.55,283.55
OD004843,O01941,P0052,3,1682,15,4289.1,1391.1
OD004844,O01941,P0001,2,8847,0,17694.0,8014.0
OD004845,O01941,P0065,1,1750,10,1575.0,361.0
OD004846,O01942,P0038,4,5709,15,19410.6,7414.6
OD004847,O01942,P0061,4,6727,5,25562.6,7114.6
OD004848,O01943,P0048,3,3582,20,8596.8,2707.8
OD004849,O01943,P0077,2,3416,5,6490.4,3138.4
OD004850,O01943,P0070,3,9093,5,25915.05,8383.05
OD004851,O01944,P0057,3,4846,0,14538.0,5976.0
OD004852,O01944,P0053,2,500,15,850.0,386.0
OD004853,O01944,P0035,2,3553,0,7106.0,1606.0
OD004854,O01945,P0057,4,4846,20,15507.2,4091.2
OD004855,O01945,P0038,2,5709,15,9705.3,3707.3
OD004856,O01945,P0076,4,7205,5,27379.0,9047.0
OD004857,O01946,P0029,1,8916,20,7132.8,1060.8
OD004858,O01946,P0082,2,2255,15,3833.5,1505.5
OD004859,O01946,P0046,2,10496,0,20992.0,11178.0
OD004860,O01947,P0062,3,6552,10,17690.4,6212.4
OD004861,O01947,P0025,2,6585,15,11194.5,3804.5
OD004862,O01947,P0014,2,10018,20,16028.8,5322.8
OD004863,O01948,P0017,4,10962,20,35078.4,15058.4
OD004864,O01949,P0037,3,4495,10,12136.5,4444.5
OD004865,O01949,P0073,3,3981,0,11943.0,4743.0
OD004866,O01949,P0055,4,3114,15,10587.6,1615.6
OD004867,O01949,P0066,4,3382,20,10822.4,1186.4
OD004868,O01950,P0050,1,791,5,751.45,318.45
OD004869,O01951,P0030,1,10331,20,8264.8,2359.8
OD004870,O01951,P0032,2,11145,15,18946.5,6530.5
OD004871,O01952,P0080,1,13672,5,12988.4,6106.4
OD004872,O01953,P0001,1,8847,20,7077.6,2237.6
OD004873,O01953,P0051,2,8105,5,15399.5,6307.5
OD004874,O01953,P0049,4,4908,10,17668.8,7224.8
OD004875,O01953,P0077,1,3416,5,3245.2,1569.2
OD004876,O01954,P0003,1,319,15,271.15,9.15
OD004877,O01954,P0014,2,10018,20,16028.8,5322.8
OD004878,O01954,P0082,4,2255,25,6765.0,2109.0
OD004879,O01954,P0011,3,7617,25,17138.25,2225.25
OD004880,O01955,P0049,3,4908,10,13251.6,5418.6
OD004881,O01955,P0043,1,3251,10,2925.9,220.9
OD004882,O01955,P0013,4,1311,5,4981.8,2577.8
OD004883,O01955,P0022,4,5467,10,19681.2,9605.2
OD004884,O01956,P0028,2,3631,25,5446.5,278.5
OD004885,O01956,P0033,2,5694,20,9110.4,182.4
OD004886,O01956,P0079,1,11587,20,9269.6,3836.6
OD004887,O01956,P0048,4,3582,25,10746.0,2894.0
OD004888,O01957,P0015,4,6239,10,22460.4,4620.4
OD004889,O01958,P0028,2,3631,10,6535.8,1367.8
OD004890,O01958,P0020,2,1983,10,3569.4,439.4
OD004891,O01958,P0047,3,4367,5,12445.95,3103.95
OD004892,O01959,P0051,1,8105,15,6889.25,2343.25
OD004893,O01959,P0060,1,3201,0,3201.0,1687.0
OD004894,O01959,P0038,4,5709,10,20552.4,8556.4
OD004895,O01960,P0008,2,9277,5,17626.3,4804.3
OD004896,O01960,P0018,1,8947,5,8499.65,2438.65
OD004897,O01960,P0019,2,6155,10,11079.0,5257.0
OD004898,O01960,P0072,3,10954,5,31218.9,15651.9
OD004899,O01961,P0053,3,500,15,1275.0,579.0
OD004900,O01961,P0064,4,6997,15,23789.8,7765.8
OD004901,O01961,P0030,3,10331,15,26344.05,8629.05
OD004902,O01962,P0073,4,3981,20,12739.2,3139.2
OD004903,O01962,P0052,3,1682,5,4793.7,1895.7
OD004904,O01962,P0044,4,1630,0,6520.0,1568.0
OD004905,O01962,P0004,2,3517,5,6682.3,1626.3
OD004906,O01963,P0080,4,13672,15,46484.8,18956.8
OD004907,O01963,P0020,1,1983,10,1784.7,219.7
OD004908,O01964,P0008,4,9277,20,29686.4,4042.4
OD004909,O01964,P0025,4,6585,10,23706.0,8926.0
OD004910,O01964,P0045,3,8473,0,25419.0,6657.0
OD004911,O01964,P0055,3,3114,20,7473.6,744.6
OD004912,O01965,P0040,4,6601,15,22443.4,6447.4
OD004913,O01965,P0039,1,7839,20,6271.2,868.2
OD004914,O01965,P0081,3,4694,0,14082.0,6330.0
OD004915,O01965,P0078,1,2727,15,2317.95,594.95
OD004916,O01966,P0032,3,11145,25,25076.25,6452.25
OD004917,O01966,P0070,4,9093,0,36372.0,12996.0
OD004918,O01966,P0045,4,8473,15,28808.2,3792.2
OD004919,O01966,P0033,3,5694,0,17082.0,3690.0
OD004920,O01967,P0037,2,4495,10,8091.0,2963.0
OD004921,O01968,P0063,1,5568,0,5568.0,2456.0
OD004922,O01969,P0047,2,4367,10,7860.6,1632.6
OD004923,O01969,P0027,4,4363,0,17452.0,3752.0
OD004924,O01970,P0032,3,11145,10,30091.5,11467.5
OD004925,O01971,P0036,3,8476,20,20342.4,6398.4
OD004926,O01971,P0064,1,6997,5,6647.15,2641.15
OD004927,O01971,P0023,2,12189,0,24378.0,13190.0
OD004928,O01972,P0069,4,6924,15,23541.6,721.6
OD004929,O01973,P0019,1,6155,10,5539.5,2628.5
OD004930,O01974,P0013,3,1311,5,3736.35,1933.35
OD004931,O01975,P0003,3,319,15,813.45,27.45
OD004932,O01975,P0057,1,4846,20,3876.8,1022.8
OD004933,O01975,P0058,3,3214,5,9159.9,3255.9
OD004934,O01975,P0027,4,4363,20,13961.6,261.6
OD004935,O01976,P0026,1,9610,10,8649.0,2435.0
OD004936,O01976,P0034,3,8273,15,21096.15,1527.15
OD004937,O01976,P0022,1,5467,5,5193.65,2674.65
OD004938,O01977,P0031,2,14006,15,23810.2,10892.2
OD004939,O01978,P0067,2,3128,0,6256.0,1784.0
OD004940,O01979,P0029,4,8916,0,35664.0,11376.0
OD004941,O01979,P0033,3,5694,10,15373.8,1981.8
OD004942,O01979,P0060,2,3201,0,6402.0,3374.0
OD004943,O01980,P0005,3,526,5,1499.1,632.1
OD004944,O01980,P0035,4,3553,5,13501.4,2501.4
OD004945,O01980,P0047,1,4367,0,4367.0,1253.0
OD004946,O01981,P0046,3,10496,20,25190.4,10469.4
OD004947,O01981,P0081,2,4694,10,8449.2,3281.2
OD004948,O01981,P0039,1,7839,20,6271.2,868.2
OD004949,O01981,P0077,1,3416,15,2903.6,1227.6
OD004950,O01982,P0033,4,5694,10,20498.4,2642.4
OD004951,O01982,P0045,4,8473,25,25419.0,403.0
OD004952,O01982,P0075,1,2498,10,2248.2,914.2
OD004953,O01982,P0037,4,4495,15,15283.0,5027.0
OD004954,O01983,P0060,4,3201,10,11523.6,5467.6
OD004955,O01983,P0043,1,3251,5,3088.45,383.45
OD004956,O01984,P0040,2,6601,15,11221.7,3223.7
OD004957,O01984,P0047,3,4367,0,13101.0,3759.0
OD004958,O01985,P0030,3,10331,15,26344.05,8629.05
OD004959,O01985,P0026,3,9610,15,24505.5,5863.5
OD004960,O01986,P0020,3,1983,15,5056.65,361.65
OD004961,O01986,P0039,1,7839,0,7839.0,2436.0
OD004962,O01986,P0076,2,7205,15,12248.5,3082.5
OD004963,O01986,P0037,1,4495,15,3820.75,1256.75
OD004964,O01987,P0047,3,4367,10,11790.9,2448.9
OD004965,O01987,P0043,1,3251,10,2925.9,220.9
OD004966,O01988,P0056,4,14270,0,57080.0,30860.0
OD004967,O01989,P0065,1,1750,5,1662.5,448.5
OD004968,O01990,P0061,2,6727,10,12108.6,2884.6
OD004969,O01990,P0016,2,7194,5,13668.6,6420.6
OD004970,O01991,P0014,2,10018,5,19034.2,8328.2
OD004971,O01992,P0032,1,11145,5,10587.75,4379.75
OD004972,O01992,P0024,2,9546,15,16228.2,6376.2
OD004973,O01992,P0002,1,8892,10,8002.8,3257.8
OD004974,O01992,P0056,3,14270,5,40669.5,21004.5
OD004975,O01993,P0054,3,7011,15,17878.05,6955.05
OD004976,O01993,P0034,1,8273,5,7859.35,1336.35
OD004977,O01994,P0021,3,12927,5,36841.95,19027.95
OD004978,O01995,P0023,4,12189,5,46318.2,23942.2
OD004979,O01995,P0014,4,10018,5,38068.4,16656.4
OD004980,O01996,P0045,3,8473,10,22877.1,4115.1
OD004981,O01996,P0034,4,8273,10,29782.8,3690.8
OD004982,O01996,P0025,1,6585,20,5268.0,1573.0
OD004983,O01997,P0021,2,12927,20,20683.2,8807.2
OD004984,O01997,P0001,4,8847,0,35388.0,16028.0
OD004985,O01997,P0014,4,10018,25,30054.0,8642.0
OD004986,O01998,P0045,4,8473,5,32197.4,7181.4
OD004987,O01998,P0034,1,8273,10,7445.7,922.7
OD004988,O01998,P0074,3,4472,10,12074.4,2594.4
OD004989,O01998,P0066,3,3382,0,10146.0,2919.0
OD004990,O01999,P0078,1,2727,5,2590.65,867.65
OD004991,O01999,P0005,1,526,10,473.4,184.4
OD004992,O01999,P0004,2,3517,10,6330.6,1274.6
OD004993,O01999,P0070,4,9093,10,32734.8,9358.8
OD004994,O02000,P0060,3,3201,5,9122.85,4580.85
OD004995,O02000,P0026,2,9610,15,16337.0,3909.0
OD004996,O02000,P0078,1,2727,0,2727.0,1004.0
OD004997,O02000,P0003,2,319,10,574.2,50.2
OD004998,O02001,P0061,2,6727,15,11435.9,2211.9
OD004999,O02001,P0009,2,4834,10,8701.2,2193.2
OD005000,O02001,P0023,3,12189,20,29253.6,12471.6
OD005001,O02001,P0076,3,7205,25,16211.25,2462.25
OD005002,O02002,P0064,2,6997,15,11894.9,3882.9
OD005003,O02003,P0024,3,9546,15,24342.3,9564.3
OD005004,O02003,P0068,2,375,15,637.5,37.5
OD005005,O02003,P0010,2,6288,15,10689.6,2487.6
OD005006,O02003,P0082,1,2255,10,2029.5,865.5
OD005007,O02004,P0001,2,8847,5,16809.3,7129.3
OD005008,O02004,P0038,3,5709,20,13701.6,4704.6
OD005009,O02004,P0077,2,3416,20,5465.6,2113.6
OD005010,O02004,P0041,1,8569,5,8140.55,3335.55
OD005011,O02005,P0023,4,12189,5,46318.2,23942.2
OD005012,O02006,P0042,1,8402,20,6721.6,1009.6
OD005013,O02006,P0078,2,2727,0,5454.0,2008.0
OD005014,O02006,P0045,4,8473,5,32197.4,7181.4
OD005015,O02007,P0005,1,526,10,473.4,184.4
OD005016,O02008,P0009,2,4834,0,9668.0,3160.0
OD005017,O02009,P0022,2,5467,0,10934.0,5896.0
OD005018,O02010,P0053,3,500,0,1500.0,804.0
OD005019,O02010,P0013,1,1311,5,1245.45,644.45
OD005020,O02010,P0022,4,5467,15,18587.8,8511.8
OD005021,O02011,P0060,4,3201,15,10883.4,4827.4
OD005022,O02011,P0070,4,9093,10,32734.8,9358.8
OD005023,O02011,P0052,1,1682,0,1682.0,716.0
OD005024,O02011,P0028,1,3631,5,3449.45,865.45
OD005025,O02012,P0031,2,14006,10,25210.8,12292.8
OD005026,O02012,P0049,1,4908,15,4171.8,1560.8
OD005027,O02012,P0077,1,3416,15,2903.6,1227.6
OD005028,O02013,P0064,3,6997,0,20991.0,8973.0
OD005029,O02014,P0049,2,4908,10,8834.4,3612.4
OD005030,O02015,P0054,4,7011,0,28044.0,13480.0
OD005031,O02016,P0055,4,3114,0,12456.0,3484.0
OD005032,O02016,P0058,4,3214,20,10284.8,2412.8
OD005033,O02016,P0028,4,3631,10,13071.6,2735.6
OD005034,O02016,P0015,1,6239,0,6239.0,1779.0
OD005035,O02017,P0060,2,3201,10,5761.8,2733.8
OD005036,O02017,P0057,1,4846,0,4846.0,1992.0
OD005037,O02018,P0005,4,526,15,1788.4,632.4
OD005038,O02018,P0066,3,3382,0,10146.0,2919.0
OD005039,O02019,P0046,2,10496,20,16793.6,6979.6
OD005040,O02019,P0005,2,526,0,1052.0,474.0
OD005041,O02020,P0063,2,5568,10,10022.4,3798.4
OD005042,O02021,P0052,4,1682,15,5718.8,1854.8
OD005043,O02022,P0065,3,1750,20,4200.0,558.0
OD005044,O02022,P0059,2,7607,0,15214.0,7934.0
OD005045,O02023,P0071,2,8287,15,14087.9,2817.9
OD005046,O02024,P0043,1,3251,20,2600.8,-104.2
OD005047,O02025,P0013,1,1311,15,1114.35,513.35
OD005048,O02025,P0002,2,8892,15,15116.4,5626.4
OD005049,O02025,P0061,2,6727,15,11435.9,2211.9
OD005050,O02025,P0017,2,10962,0,21924.0,11914.0
OD005051,O02026,P0044,4,1630,5,6194.0,1242.0
OD005052,O02026,P0080,1,13672,10,12304.8,5422.8
OD005053,O02027,P0013,3,1311,10,3539.7,1736.7
OD005054,O02028,P0017,3,10962,15,27953.1,12938.1
OD005055,O02028,P0069,1,6924,0,6924.0,1219.0
OD005056,O02028,P0007,1,9936,20,7948.8,1755.8
OD005057,O02029,P0033,3,5694,15,14519.7,1127.7
OD005058,O02029,P0044,4,1630,15,5542.0,590.0
OD005059,O02029,P0008,3,9277,10,25047.9,5814.9
OD005060,O02030,P0056,3,14270,15,36388.5,16723.5
OD005061,O02030,P0012,3,2280,5,6498.0,1629.0
OD005062,O02031,P0057,2,4846,10,8722.8,3014.8
OD005063,O02031,P0030,1,10331,20,8264.8,2359.8
OD005064,O02031,P0048,4,3582,10,12895.2,5043.2
OD005065,O02032,P0032,3,11145,25,25076.25,6452.25
OD005066,O02032,P0011,2,7617,10,13710.6,3768.6
OD005067,O02032,P0009,4,4834,0,19336.0,6320.0
OD005068,O02033,P0005,4,526,0,2104.0,948.0
OD005069,O02033,P0059,1,7607,15,6465.95,2825.95
OD005070,O02034,P0057,4,4846,5,18414.8,6998.8
OD005071,O02034,P0037,1,4495,0,4495.0,1931.0
OD005072,O02034,P0030,4,10331,5,39257.8,15637.8
OD005073,O02034,P0047,1,4367,5,4148.65,1034.65
OD005074,O02035,P0070,2,9093,10,16367.4,4679.4
OD005075,O02036,P0007,1,9936,10,8942.4,2749.4
OD005076,O02036,P0025,3,6585,0,19755.0,8670.0
OD005077,O02036,P0042,1,8402,0,8402.0,2690.0
OD005078,O02037,P0030,2,10331,5,19628.9,7818.9
OD005079,O02037,P0073,3,3981,15,10151.55,2951.55
OD005080,O02038,P0075,1,2498,5,2373.1,1039.1
OD005081,O02039,P0045,3,8473,20,20335.2,1573.2
OD005082,O02039,P0007,4,9936,20,31795.2,7023.2
OD005083,O02040,P0018,1,8947,5,8499.65,2438.65
OD005084,O02040,P0031,4,14006,10,50421.6,24585.6
OD005085,O02040,P0073,4,3981,5,15127.8,5527.8
OD005086,O02040,P0077,1,3416,15,2903.6,1227.6
OD005087,O02041,P0064,2,6997,10,12594.6,4582.6
OD005088,O02041,P0031,1,14006,0,14006.0,7547.0
OD005089,O02041,P0050,3,791,10,2135.7,836.7
OD005090,O02041,P0032,4,11145,25,33435.0,8603.0
OD005091,O02042,P0057,3,4846,5,13811.1,5249.1
OD005092,O02042,P0074,4,4472,5,16993.6,4353.6
OD005093,O02043,P0034,3,8273,20,19855.2,286.2
OD005094,O02043,P0082,4,2255,20,7216.0,2560.0
OD005095,O02043,P0052,3,1682,15,4289.1,1391.1
OD005096,O02044,P0011,2,7617,5,14472.3,4530.3
OD005097,O02044,P0069,3,6924,20,16617.6,-497.4
OD005098,O02044,P0043,1,3251,15,2763.35,58.35
OD005099,O02044,P0071,2,8287,0,16574.0,5304.0
OD005100,O02045,P0007,4,9936,5,37756.8,12984.8
OD005101,O02045,P0032,3,11145,5,31763.25,13139.25
OD005102,O02045,P0012,4,2280,5,8664.0,2172.0
OD005103,O02045,P0017,4,10962,15,37270.8,17250.8
OD005104,O02046,P0045,3,8473,25,19064.25,302.25
OD005105,O02046,P0033,3,5694,10,15373.8,1981.8
OD005106,O02047,P0055,1,3114,20,2491.2,248.2
OD005107,O02048,P0006,2,5410,20,8656.0,2020.0
OD005108,O02048,P0027,2,4363,15,7417.1,567.1
OD005109,O02048,P0078,1,2727,20,2181.6,458.6
OD005110,O02048,P0060,2,3201,15,5441.7,2413.7
OD005111,O02049,P0026,3,9610,10,25947.0,7305.0
OD005112,O02049,P0008,2,9277,0,18554.0,5732.0
OD005113,O02050,P0052,2,1682,15,2859.4,927.4
OD005114,O02051,P0069,1,6924,10,6231.6,526.6
OD005115,O02052,P0032,3,11145,0,33435.0,14811.0
OD005116,O02052,P0059,4,7607,10,27385.2,12825.2
OD005117,O02053,P0060,1,3201,0,3201.0,1687.0
OD005118,O02053,P0041,3,8569,10,23136.3,8721.3
OD005119,O02053,P0012,1,2280,0,2280.0,657.0
OD005120,O02053,P0023,4,12189,10,43880.4,21504.4
OD005121,O02054,P0041,4,8569,15,29134.6,9914.6
OD005122,O02055,P0013,1,1311,15,1114.35,513.35
OD005123,O02055,P0016,2,7194,5,13668.6,6420.6
OD005124,O02055,P0052,4,1682,15,5718.8,1854.8
OD005125,O02056,P0010,3,6288,20,15091.2,2788.2
OD005126,O02057,P0014,1,10018,10,9016.2,3663.2
OD005127,O02057,P0031,1,14006,5,13305.7,6846.7
OD005128,O02057,P0022,3,5467,15,13940.85,6383.85
OD005129,O02057,P0063,4,5568,10,20044.8,7596.8
OD005130,O02058,P0052,1,1682,0,1682.0,716.0
OD005131,O02058,P0010,4,6288,5,23894.4,7490.4
OD005132,O02058,P0076,3,7205,15,18372.75,4623.75
OD005133,O02058,P0078,4,2727,20,8726.4,1834.4
OD005134,O02059,P0007,1,9936,15,8445.6,2252.6
OD005135,O02059,P0040,1,6601,0,6601.0,2602.0
OD005136,O02060,P0038,4,5709,15,19410.6,7414.6
OD005137,O02060,P0019,1,6155,10,5539.5,2628.5
OD005138,O02060,P0020,1,1983,0,1983.0,418.0
OD005139,O02061,P0024,1,9546,15,8114.1,3188.1
OD005140,O02062,P0025,4,6585,20,21072.0,6292.0
OD005141,O02062,P0038,3,5709,10,15414.3,6417.3
OD005142,O02063,P0048,3,3582,0,10746.0,4857.0
OD005143,O02063,P0050,1,791,0,791.0,358.0
OD005144,O02063,P0042,4,8402,15,28566.8,5718.8
OD005145,O02064,P0074,4,4472,10,16099.2,3459.2
OD005146,O02064,P0034,1,8273,0,8273.0,1750.0
OD005147,O02064,P0047,3,4367,15,11135.85,1793.85
OD005148,O02065,P0010,2,6288,15,10689.6,2487.6
OD005149,O02065,P0057,3,4846,20,11630.4,3068.4
OD005150,O02065,P0009,2,4834,20,7734.4,1226.4
OD005151,O02066,P0051,1,8105,15,6889.25,2343.25
OD005152,O02066,P0008,1,9277,10,8349.3,1938.3
OD005153,O02067,P0051,4,8105,10,29178.0,10994.0
OD005154,O02067,P0042,4,8402,15,28566.8,5718.8
OD005155,O02067,P0032,4,11145,20,35664.0,10832.0
OD005156,O02067,P0082,2,2255,15,3833.5,1505.5
OD005157,O02068,P0008,3,9277,15,23656.35,4423.35
OD005158,O02069,P0082,2,2255,0,4510.0,2182.0
OD005159,O02069,P0010,3,6288,5,17920.8,5617.8
OD005160,O02069,P0064,3,6997,25,15743.25,3725.25
OD005161,O02069,P0042,2,8402,15,14283.4,2859.4
OD005162,O02070,P0034,3,8273,5,23578.05,4009.05
OD005163,O02070,P0008,4,9277,5,35252.6,9608.6
OD005164,O02070,P0012,3,2280,0,6840.0,1971.0
OD005165,O02070,P0035,3,3553,10,9593.1,1343.1
OD005166,O02071,P0031,4,14006,10,50421.6,24585.6
OD005167,O02071,P0068,4,375,15,1275.0,75.0
OD005168,O02071,P0067,2,3128,20,5004.8,532.8
OD005169,O02071,P0034,3,8273,20,19855.2,286.2
OD005170,O02072,P0033,2,5694,10,10249.2,1321.2
OD005171,O02072,P0058,3,3214,15,8195.7,2291.7
OD005172,O02072,P0065,2,1750,0,3500.0,1072.0
OD005173,O02073,P0082,1,2255,25,1691.25,527.25
OD005174,O02073,P0018,2,8947,25,13420.5,1298.5
OD005175,O02073,P0001,2,8847,25,13270.5,3590.5
OD005176,O02074,P0056,4,14270,5,54226.0,28006.0
OD005177,O02075,P0076,1,7205,0,7205.0,2622.0
OD005178,O02075,P0019,2,6155,10,11079.0,5257.0
OD005179,O02075,P0060,1,3201,10,2880.9,1366.9
OD005180,O02075,P0025,4,6585,15,22389.0,7609.0
OD005181,O02076,P0032,1,11145,15,9473.25,3265.25
OD005182,O02076,P0025,1,6585,5,6255.75,2560.75
OD005183,O02077,P0024,1,9546,5,9068.7,4142.7
OD005184,O02077,P0060,4,3201,15,10883.4,4827.4
OD005185,O02077,P0071,1,8287,15,7043.95,1408.95
OD005186,O02078,P0048,4,3582,10,12895.2,5043.2
OD005187,O02078,P0073,2,3981,5,7563.9,2763.9
OD005188,O02079,P0052,4,1682,25,5046.0,1182.0
OD005189,O02079,P0082,4,2255,10,8118.0,3462.0
OD005190,O02080,P0070,2,9093,20,14548.8,2860.8
OD005191,O02080,P0008,1,9277,10,8349.3,1938.3
OD005192,O02081,P0041,2,8569,15,14567.3,4957.3
OD005193,O02082,P0030,1,10331,20,8264.8,2359.8
OD005194,O02082,P0032,4,11145,0,44580.0,19748.0
OD005195,O02082,P0053,2,500,5,950.0,486.0
OD005196,O02083,P0045,2,8473,20,13556.8,1048.8
OD005197,O02083,P0059,2,7607,10,13692.6,6412.6
OD005198,O02084,P0070,1,9093,10,8183.7,2339.7
OD005199,O02084,P0027,2,4363,10,7853.4,1003.4
OD005200,O02084,P0055,4,3114,10,11210.4,2238.4
OD005201,O02085,P0006,3,5410,15,13795.5,3841.5
OD005202,O02085,P0013,4,1311,5,4981.8,2577.8
OD005203,O02085,P0039,3,7839,5,22341.15,6132.15
OD005204,O02085,P0081,4,4694,20,15020.8,4684.8
OD005205,O02086,P0047,2,4367,20,6987.2,759.2
OD005206,O02087,P0073,1,3981,5,3781.95,1381.95
OD005207,O02087,P0056,3,14270,15,36388.5,16723.5
OD005208,O02087,P0005,2,526,25,789.0,211.0
OD005209,O02088,P0055,2,3114,15,5293.8,807.8
OD005210,O02089,P0060,3,3201,20,7682.4,3140.4
OD005211,O02089,P0050,3,791,25,1779.75,480.75
OD005212,O02089,P0007,1,9936,5,9439.2,3246.2
OD005213,O02089,P0046,3,10496,10,28339.2,13618.2
OD005214,O02090,P0018,2,8947,10,16104.6,3982.6
OD005215,O02090,P0008,4,9277,15,31541.8,5897.8
OD005216,O02090,P0068,2,375,15,637.5,37.5
OD005217,O02091,P0016,2,7194,5,13668.6,6420.6
OD005218,O02091,P0038,2,5709,0,11418.0,5420.0
OD005219,O02092,P0003,3,319,15,813.45,27.45
OD005220,O02092,P0063,3,5568,0,16704.0,7368.0
OD005221,O02092,P0047,2,4367,20,6987.2,759.2
OD005222,O02093,P0054,1,7011,10,6309.9,2668.9
OD005223,O02093,P0073,3,3981,20,9554.4,2354.4
OD005224,O02094,P0031,2,14006,5,26611.4,13693.4
OD005225,O02094,P0076,4,7205,0,28820.0,10488.0
OD005226,O02094,P0047,3,4367,0,13101.0,3759.0
OD005227,O02094,P0057,2,4846,20,7753.6,2045.6
OD005228,O02095,P0060,4,3201,0,12804.0,6748.0
OD005229,O02095,P0003,3,319,15,813.45,27.45
OD005230,O02095,P0018,4,8947,20,28630.4,4386.4
OD005231,O02096,P0052,1,1682,15,1429.7,463.7
OD005232,O02096,P0021,1,12927,10,11634.3,5696.3
OD005233,O02097,P0042,1,8402,10,7561.8,1849.8
OD005234,O02097,P0021,1,12927,10,11634.3,5696.3
OD005235,O02097,P0004,3,3517,5,10023.45,2439.45
OD005236,O02097,P0071,2,8287,10,14916.6,3646.6
OD005237,O02098,P0032,3,11145,25,25076.25,6452.25
OD005238,O02098,P0061,1,6727,20,5381.6,769.6
OD005239,O02098,P0053,4,500,10,1800.0,872.0
OD005240,O02099,P0050,1,791,10,711.9,278.9
OD005241,O02099,P0033,3,5694,5,16227.9,2835.9
OD005242,O02099,P0058,3,3214,10,8677.8,2773.8
OD005243,O02100,P0073,1,3981,10,3582.9,1182.9
OD005244,O02100,P0053,2,500,10,900.0,436.0
OD005245,O02101,P0034,3,8273,20,19855.2,286.2
OD005246,O02102,P0028,3,3631,15,9259.05,1507.05
OD005247,O02102,P0017,4,10962,10,39463.2,19443.2
OD005248,O02102,P0066,1,3382,5,3212.9,803.9
OD005249,O02102,P0014,1,10018,20,8014.4,2661.4
OD005250,O02103,P0074,2,4472,15,7602.4,1282.4
OD005251,O02103,P0071,3,8287,5,23617.95,6712.95
OD005252,O02103,P0080,1,13672,10,12304.8,5422.8
OD005253,O02104,P0067,3,3128,0,9384.0,2676.0
OD005254,O02105,P0067,1,3128,0,3128.0,892.0
OD005255,O02105,P0081,4,4694,20,15020.8,4684.8
OD005256,O02106,P0026,1,9610,20,7688.0,1474.0
OD005257,O02106,P0028,4,3631,0,14524.0,4188.0
OD005258,O02106,P0017,2,10962,15,18635.4,8625.4
OD005259,O02106,P0014,2,10018,20,16028.8,5322.8
OD005260,O02107,P0022,2,5467,20,8747.2,3709.2
OD005261,O02107,P0055,4,3114,10,11210.4,2238.4
OD005262,O02107,P0051,1,8105,15,6889.25,2343.25
OD005263,O02107,P0067,1,3128,0,3128.0,892.0
OD005264,O02108,P0058,2,3214,10,5785.2,1849.2
OD005265,O02108,P0033,1,5694,0,5694.0,1230.0
OD005266,O02108,P0081,2,4694,25,7041.0,1873.0
OD005267,O02109,P0004,1,3517,10,3165.3,637.3
OD005268,O02109,P0051,2,8105,0,16210.0,7118.0
OD005269,O02110,P0025,4,6585,15,22389.0,7609.0
OD005270,O02110,P0057,2,4846,5,9207.4,3499.4
OD005271,O02110,P0067,3,3128,5,8914.8,2206.8
OD005272,O02110,P0039,3,7839,10,21165.3,4956.3
OD005273,O02111,P0052,2,1682,20,2691.2,759.2
OD005274,O02111,P0044,4,1630,15,5542.0,590.0
OD005275,O02111,P0051,2,8105,15,13778.5,4686.5
OD005276,O02111,P0032,1,11145,10,10030.5,3822.5
OD005277,O02112,P0060,4,3201,5,12163.8,6107.8
OD005278,O02112,P0019,1,6155,10,5539.5,2628.5
OD005279,O02113,P0043,4,3251,10,11703.6,883.6
OD005280,O02113,P0069,4,6924,5,26311.2,3491.2
OD005281,O02114,P0001,4,8847,15,30079.8,10719.8
OD005282,O02114,P0058,4,3214,15,10927.6,3055.6
OD005283,O02115,P0045,1,8473,15,7202.05,948.05
OD005284,O02116,P0030,2,10331,5,19628.9,7818.9
OD005285,O02116,P0046,2,10496,5,19942.4,10128.4
OD005286,O02117,P0014,4,10018,10,36064.8,14652.8
OD005287,O02117,P0033,4,5694,20,18220.8,364.8
OD005288,O02118,P0032,1,11145,15,9473.25,3265.25
OD005289,O02118,P0067,1,3128,10,2815.2,579.2
OD005290,O02119,P0010,2,6288,10,11318.4,3116.4
OD005291,O02119,P0003,2,319,0,638.0,114.0
OD005292,O02120,P0064,2,6997,15,11894.9,3882.9
OD005293,O02120,P0018,3,8947,10,24156.9,5973.9
OD005294,O02121,P0080,3,13672,20,32812.8,12166.8
OD005295,O02121,P0008,1,9277,15,7885.45,1474.45
OD005296,O02121,P0075,1,2498,25,1873.5,539.5
OD005297,O02122,P0071,4,8287,15,28175.8,5635.8
OD005298,O02122,P0082,4,2255,20,7216.0,2560.0
OD005299,O02122,P0042,1,8402,0,8402.0,2690.0
OD005300,O02123,P0066,4,3382,10,12175.2,2539.2
OD005301,O02123,P0042,2,8402,20,13443.2,2019.2
OD005302,O02123,P0055,3,3114,10,8407.8,1678.8
OD005303,O02124,P0051,3,8105,10,21883.5,8245.5
OD005304,O02124,P0061,4,6727,10,24217.2,5769.2
OD005305,O02124,P0053,4,500,0,2000.0,1072.0
OD005306,O02125,P0019,2,6155,15,10463.5,4641.5
OD005307,O02126,P0008,1,9277,15,7885.45,1474.45
OD005308,O02126,P0058,4,3214,20,10284.8,2412.8
OD005309,O02126,P0067,4,3128,5,11886.4,2942.4
OD005310,O02127,P0006,2,5410,5,10279.0,3643.0
OD005311,O02128,P0059,4,7607,25,22821.0,8261.0
OD005312,O02128,P0012,4,2280,5,8664.0,2172.0
OD005313,O02128,P0079,2,11587,15,19697.9,8831.9
OD005314,O02129,P0001,2,8847,10,15924.6,6244.6
OD005315,O02129,P0049,4,4908,20,15705.6,5261.6
OD005316,O02130,P0067,3,3128,5,8914.8,2206.8
OD005317,O02130,P0076,1,7205,20,5764.0,1181.0
OD005318,O02131,P0030,2,10331,20,16529.6,4719.6
OD005319,O02131,P0017,4,10962,10,39463.2,19443.2
OD005320,O02131,P0075,2,2498,5,4746.2,2078.2
OD005321,O02132,P0012,1,2280,5,2166.0,543.0
OD005322,O02133,P0013,4,1311,25,3933.0,1529.0
OD005323,O02133,P0031,1,14006,10,12605.4,6146.4
OD005324,O02133,P0023,2,12189,10,21940.2,10752.2
OD005325,O02134,P0047,4,4367,20,13974.4,1518.4
OD005326,O02135,P0005,3,526,20,1262.4,395.4
OD005327,O02136,P0003,2,319,10,574.2,50.2
OD005328,O02136,P0074,3,4472,10,12074.4,2594.4
OD005329,O02136,P0059,4,7607,15,25863.8,11303.8
OD005330,O02136,P0075,1,2498,25,1873.5,539.5
OD005331,O02137,P0013,1,1311,10,1179.9,578.9
OD005332,O02137,P0028,2,3631,10,6535.8,1367.8
OD005333,O02138,P0002,4,8892,0,35568.0,16588.0
OD005334,O02138,P0042,4,8402,5,31927.6,9079.6
OD005335,O02138,P0080,3,13672,0,41016.0,20370.0
OD005336,O02138,P0054,4,7011,15,23837.4,9273.4
OD005337,O02139,P0021,2,12927,15,21975.9,10099.9
OD005338,O02140,P0035,3,3553,5,10126.05,1876.05
OD005339,O02140,P0045,1,8473,15,7202.05,948.05
OD005340,O02141,P0005,1,526,15,447.1,158.1
OD005341,O02141,P0070,3,9093,10,24551.1,7019.1
OD005342,O02141,P0026,4,9610,10,34596.0,9740.0
OD005343,O02141,P0042,1,8402,0,8402.0,2690.0
OD005344,O02142,P0061,3,6727,5,19171.95,5335.95
OD005345,O02142,P0009,4,4834,15,16435.6,3419.6
OD005346,O02142,P0056,3,14270,5,40669.5,21004.5
OD005347,O02143,P0025,4,6585,0,26340.0,11560.0
OD005348,O02144,P0051,1,8105,0,8105.0,3559.0
OD005349,O02144,P0064,2,6997,0,13994.0,5982.0
OD005350,O02145,P0032,1,11145,25,8358.75,2150.75
OD005351,O02146,P0060,3,3201,25,7202.25,2660.25
OD005352,O02146,P0059,2,7607,20,12171.2,4891.2
OD005353,O02146,P0020,2,1983,5,3767.7,637.7
OD005354,O02147,P0044,2,1630,15,2771.0,295.0
OD005355,O02148,P0017,4,10962,0,43848.0,23828.0
OD005356,O02148,P0063,2,5568,10,10022.4,3798.4
OD005357,O02149,P0042,4,8402,10,30247.2,7399.2
OD005358,O02150,P0007,1,9936,15,8445.6,2252.6
OD005359,O02151,P0001,2,8847,20,14155.2,4475.2
OD005360,O02151,P0037,3,4495,10,12136.5,4444.5
OD005361,O02151,P0057,2,4846,20,7753.6,2045.6
OD005362,O02152,P0042,2,8402,20,13443.2,2019.2
OD005363,O02152,P0052,1,1682,5,1597.9,631.9
OD005364,O02152,P0056,1,14270,5,13556.5,7001.5
OD005365,O02153,P0059,1,7607,10,6846.3,3206.3
OD005366,O02154,P0066,1,3382,10,3043.8,634.8
OD005367,O02154,P0046,2,10496,10,18892.8,9078.8
OD005368,O02154,P0016,3,7194,5,20502.9,9630.9
OD005369,O02154,P0029,3,8916,25,20061.0,1845.0
OD005370,O02155,P0028,1,3631,20,2904.8,320.8
OD005371,O02155,P0037,4,4495,20,14384.0,4128.0
OD005372,O02155,P0040,4,6601,15,22443.4,6447.4
OD005373,O02156,P0012,1,2280,5,2166.0,543.0
OD005374,O02156,P0020,2,1983,0,3966.0,836.0
OD005375,O02156,P0011,1,7617,25,5712.75,741.75
OD005376,O02157,P0035,4,3553,25,10659.0,-341.0
OD005377,O02157,P0070,1,9093,0,9093.0,3249.0
OD005378,O02157,P0020,4,1983,10,7138.8,878.8
OD005379,O02158,P0060,3,3201,15,8162.55,3620.55
OD005380,O02158,P0040,3,6601,10,17822.7,5825.7
OD005381,O02159,P0028,3,3631,20,8714.4,962.4
OD005382,O02160,P0054,1,7011,15,5959.35,2318.35
OD005383,O02160,P0055,3,3114,0,9342.0,2613.0
OD005384,O02161,P0058,3,3214,5,9159.9,3255.9
OD005385,O02162,P0026,4,9610,10,34596.0,9740.0
OD005386,O02162,P0074,3,4472,15,11403.6,1923.6
OD005387,O02162,P0045,4,8473,0,33892.0,8876.0
OD005388,O02163,P0072,3,10954,5,31218.9,15651.9
OD005389,O02164,P0059,4,7607,20,24342.4,9782.4
OD005390,O02164,P0008,4,9277,15,31541.8,5897.8
OD005391,O02165,P0031,4,14006,5,53222.8,27386.8
OD005392,O02166,P0041,1,8569,20,6855.2,2050.2
OD005393,O02166,P0023,1,12189,15,10360.65,4766.65
OD005394,O02167,P0054,4,7011,15,23837.4,9273.4
OD005395,O02167,P0078,3,2727,10,7362.9,2193.9
OD005396,O02167,P0022,4,5467,15,18587.8,8511.8
OD005397,O02168,P0006,2,5410,10,9738.0,3102.0
OD005398,O02169,P0074,4,4472,25,13416.0,776.0
OD005399,O02169,P0050,3,791,15,2017.05,718.05
OD005400,O02169,P0034,4,8273,10,29782.8,3690.8
OD005401,O02169,P0078,2,2727,10,4908.6,1462.6
OD005402,O02170,P0047,1,4367,20,3493.6,379.6
OD005403,O02171,P0029,4,8916,0,35664.0,11376.0
OD005404,O02171,P0005,3,526,0,1578.0,711.0
OD005405,O02172,P0031,3,14006,5,39917.1,20540.1
OD005406,O02173,P0047,3,4367,10,11790.9,2448.9
OD005407,O02173,P0077,4,3416,10,12297.6,5593.6
OD005408,O02173,P0071,4,8287,20,26518.4,3978.4
OD005409,O02174,P0042,4,8402,10,30247.2,7399.2
OD005410,O02174,P0043,4,3251,10,11703.6,883.6
OD005411,O02174,P0026,1,9610,20,7688.0,1474.0
OD005412,O02174,P0069,4,6924,10,24926.4,2106.4
OD005413,O02175,P0003,3,319,15,813.45,27.45
OD005414,O02176,P0044,1,1630,15,1385.5,147.5
OD005415,O02177,P0015,2,6239,20,9982.4,1062.4
OD005416,O02177,P0070,4,9093,20,29097.6,5721.6
OD005417,O02177,P0069,2,6924,15,11770.8,360.8
OD005418,O02178,P0035,4,3553,20,11369.6,369.6
OD005419,O02178,P0006,2,5410,0,10820.0,4184.0
OD005420,O02179,P0067,3,3128,25,7038.0,330.0
OD005421,O02180,P0044,3,1630,15,4156.5,442.5
OD005422,O02180,P0056,1,14270,0,14270.0,7715.0
OD005423,O02180,P0055,2,3114,10,5605.2,1119.2
OD005424,O02180,P0042,2,8402,5,15963.8,4539.8
OD005425,O02181,P0022,2,5467,5,10387.3,5349.3
OD005426,O02181,P0035,1,3553,15,3020.05,270.05
OD005427,O02181,P0068,3,375,25,843.75,-56.25
OD005428,O02182,P0018,4,8947,5,33998.6,9754.6
OD005429,O02182,P0022,1,5467,25,4100.25,1581.25
OD005430,O02183,P0066,1,3382,15,2874.7,465.7
OD005431,O02183,P0008,1,9277,15,7885.45,1474.45
OD005432,O02183,P0073,3,3981,0,11943.0,4743.0
OD005433,O02184,P0017,3,10962,10,29597.4,14582.4
OD005434,O02184,P0033,3,5694,10,15373.8,1981.8
OD005435,O02184,P0050,3,791,10,2135.7,836.7
OD005436,O02184,P0028,4,3631,10,13071.6,2735.6
OD005437,O02185,P0064,1,6997,5,6647.15,2641.15
OD005438,O02185,P0016,1,7194,5,6834.3,3210.3
OD005439,O02185,P0063,1,5568,5,5289.6,2177.6
OD005440,O02185,P0031,3,14006,0,42018.0,22641.0
OD005441,O02186,P0025,3,6585,5,18767.25,7682.25
OD005442,O02186,P0062,4,6552,20,20966.4,5662.4
OD005443,O02186,P0013,1,1311,25,983.25,382.25
OD005444,O02187,P0080,4,13672,10,49219.2,21691.2
OD005445,O02188,P0068,1,375,10,337.5,37.5
OD005446,O02188,P0044,4,1630,10,5868.0,916.0
OD005447,O02188,P0040,1,6601,20,5280.8,1281.8
OD005448,O02188,P0063,4,5568,20,17817.6,5369.6
OD005449,O02189,P0082,3,2255,0,6765.0,3273.0
OD005450,O02189,P0068,3,375,10,1012.5,112.5
OD005451,O02189,P0014,2,10018,15,17030.6,6324.6
OD005452,O02189,P0011,1,7617,15,6474.45,1503.45
OD005453,O02190,P0061,1,6727,10,6054.3,1442.3
OD005454,O02191,P0007,4,9936,15,33782.4,9010.4
OD005455,O02191,P0011,1,7617,5,7236.15,2265.15
OD005456,O02191,P0001,2,8847,10,15924.6,6244.6
OD005457,O02191,P0005,1,526,10,473.4,184.4
OD005458,O02192,P0026,2,9610,5,18259.0,5831.0
OD005459,O02192,P0023,2,12189,10,21940.2,10752.2
OD005460,O02192,P0050,4,791,10,2847.6,1115.6
OD005461,O02192,P0030,4,10331,20,33059.2,9439.2
OD005462,O02193,P0063,1,5568,5,5289.6,2177.6
OD005463,O02193,P0059,4,7607,10,27385.2,12825.2
OD005464,O02193,P0003,3,319,10,861.3,75.3
OD005465,O02193,P0075,1,2498,20,1998.4,664.4
OD005466,O02194,P0076,4,7205,15,24497.0,6165.0
OD005467,O02194,P0017,3,10962,25,24664.5,9649.5
OD005468,O02194,P0031,4,14006,20,44819.2,18983.2
OD005469,O02195,P0073,2,3981,0,7962.0,3162.0
OD005470,O02195,P0067,1,3128,20,2502.4,266.4
OD005471,O02195,P0005,4,526,5,1998.8,842.8
OD005472,O02196,P0035,4,3553,0,14212.0,3212.0
OD005473,O02196,P0075,1,2498,0,2498.0,1164.0
OD005474,O02196,P0081,3,4694,0,14082.0,6330.0
OD005475,O02196,P0078,4,2727,10,9817.2,2925.2
OD005476,O02197,P0080,3,13672,10,36914.4,16268.4
OD005477,O02197,P0019,4,6155,0,24620.0,12976.0
OD005478,O02197,P0024,1,9546,10,8591.4,3665.4
OD005479,O02198,P0036,3,8476,20,20342.4,6398.4
OD005480,O02198,P0062,3,6552,5,18673.2,7195.2
OD005481,O02198,P0061,1,6727,10,6054.3,1442.3
OD005482,O02199,P0009,3,4834,25,10876.5,1114.5
OD005483,O02199,P0005,1,526,5,499.7,210.7
OD005484,O02199,P0001,4,8847,15,30079.8,10719.8
OD005485,O02200,P0042,4,8402,15,28566.8,5718.8
OD005486,O02200,P0024,4,9546,10,34365.6,14661.6
OD005487,O02200,P0082,2,2255,5,4284.5,1956.5
OD005488,O02200,P0062,4,6552,10,23587.2,8283.2
OD005489,O02201,P0076,4,7205,15,24497.0,6165.0
OD005490,O02201,P0063,1,5568,15,4732.8,1620.8
OD005491,O02201,P0032,3,11145,0,33435.0,14811.0
OD005492,O02202,P0048,1,3582,0,3582.0,1619.0
OD005493,O02202,P0041,1,8569,15,7283.65,2478.65
OD005494,O02203,P0009,4,4834,10,17402.4,4386.4
OD005495,O02203,P0067,4,3128,20,10009.6,1065.6
OD005496,O02203,P0024,2,9546,0,19092.0,9240.0
OD005497,O02203,P0042,2,8402,5,15963.8,4539.8
OD005498,O02204,P0070,3,9093,10,24551.1,7019.1
OD005499,O02204,P0029,4,8916,15,30314.4,6026.4
OD005500,O02205,P0080,2,13672,5,25976.8,12212.8
OD005501,O02205,P0053,3,500,0,1500.0,804.0
OD005502,O02205,P0078,4,2727,5,10362.6,3470.6
OD005503,O02206,P0065,2,1750,0,3500.0,1072.0
OD005504,O02206,P0038,1,5709,15,4852.65,1853.65
OD005505,O02206,P0070,4,9093,10,32734.8,9358.8
OD005506,O02206,P0048,2,3582,20,5731.2,1805.2
OD005507,O02207,P0052,3,1682,5,4793.7,1895.7
OD005508,O02207,P0038,1,5709,10,5138.1,2139.1
OD005509,O02208,P0015,4,6239,15,21212.6,3372.6
OD005510,O02208,P0061,3,6727,5,19171.95,5335.95
OD005511,O02208,P0064,2,6997,10,12594.6,4582.6
OD005512,O02209,P0081,2,4694,10,8449.2,3281.2
OD005513,O02210,P0030,3,10331,10,27893.7,10178.7
OD005514,O02210,P0019,2,6155,0,12310.0,6488.0
OD005515,O02211,P0057,3,4846,15,12357.3,3795.3
OD005516,O02211,P0009,2,4834,0,9668.0,3160.0
OD005517,O02211,P0080,1,13672,10,12304.8,5422.8
OD005518,O02212,P0069,1,6924,5,6577.8,872.8
OD005519,O02212,P0014,2,10018,0,20036.0,9330.0
OD005520,O02212,P0066,1,3382,15,2874.7,465.7
OD005521,O02213,P0033,3,5694,10,15373.8,1981.8
OD005522,O02213,P0007,1,9936,10,8942.4,2749.4
OD005523,O02213,P0010,4,6288,10,22636.8,6232.8
OD005524,O02214,P0028,2,3631,0,7262.0,2094.0
OD005525,O02215,P0025,4,6585,5,25023.0,10243.0
OD005526,O02215,P0079,1,11587,10,10428.3,4995.3
OD005527,O02216,P0038,2,5709,0,11418.0,5420.0
OD005528,O02216,P0043,3,3251,20,7802.4,-312.6
OD005529,O02216,P0067,3,3128,15,7976.4,1268.4
OD005530,O02216,P0045,1,8473,15,7202.05,948.05
OD005531,O02217,P0065,2,1750,0,3500.0,1072.0
OD005532,O02218,P0020,1,1983,20,1586.4,21.4
OD005533,O02218,P0070,3,9093,25,20459.25,2927.25
OD005534,O02219,P0022,4,5467,15,18587.8,8511.8
OD005535,O02220,P0051,2,8105,10,14589.0,5497.0
OD005536,O02221,P0010,2,6288,5,11947.2,3745.2
OD005537,O02221,P0036,2,8476,0,16952.0,7656.0
OD005538,O02221,P0046,4,10496,20,33587.2,13959.2
OD005539,O02221,P0078,2,2727,10,4908.6,1462.6
OD005540,O02222,P0058,1,3214,20,2571.2,603.2
OD005541,O02222,P0062,1,6552,15,5569.2,1743.2
OD005542,O02222,P0081,4,4694,15,15959.6,5623.6
OD005543,O02222,P0041,4,8569,0,34276.0,15056.0
OD005544,O02223,P0001,4,8847,10,31849.2,12489.2
OD005545,O02223,P0019,2,6155,10,11079.0,5257.0
OD005546,O02224,P0004,1,3517,5,3341.15,813.15
OD005547,O02225,P0026,4,9610,15,32674.0,7818.0
OD005548,O02226,P0034,3,8273,5,23578.05,4009.05
OD005549,O02226,P0074,4,4472,20,14310.4,1670.4
OD005550,O02226,P0070,3,9093,15,23187.15,5655.15
OD005551,O02226,P0063,2,5568,5,10579.2,4355.2
OD005552,O02227,P0040,3,6601,15,16832.55,4835.55
OD005553,O02227,P0075,1,2498,0,2498.0,1164.0
OD005554,O02227,P0012,2,2280,0,4560.0,1314.0
OD005555,O02227,P0059,4,7607,25,22821.0,8261.0
OD005556,O02228,P0047,4,4367,10,15721.2,3265.2
OD005557,O02228,P0030,4,10331,0,41324.0,17704.0
OD005558,O02228,P0009,1,4834,20,3867.2,613.2
OD005559,O02229,P0005,2,526,15,894.2,316.2
OD005560,O02229,P0066,3,3382,5,9638.7,2411.7
OD005561,O02229,P0074,2,4472,20,7155.2,835.2
OD005562,O02229,P0075,2,2498,15,4246.6,1578.6
OD005563,O02230,P0047,4,4367,10,15721.2,3265.2
OD005564,O02230,P0004,4,3517,10,12661.2,2549.2
OD005565,O02231,P0020,2,1983,5,3767.7,637.7
OD005566,O02231,P0025,3,6585,15,16791.75,5706.75
OD005567,O02232,P0054,4,7011,10,25239.6,10675.6
OD005568,O02233,P0079,4,11587,5,44030.6,22298.6
OD005569,O02234,P0078,1,2727,20,2181.6,458.6
OD005570,O02234,P0071,1,8287,10,7458.3,1823.3
OD005571,O02234,P0055,1,3114,10,2802.6,559.6
OD005572,O02235,P0033,1,5694,10,5124.6,660.6
OD005573,O02236,P0027,2,4363,10,7853.4,1003.4
OD005574,O02236,P0074,4,4472,15,15204.8,2564.8
OD005575,O02236,P0079,3,11587,15,29546.85,13247.85
OD005576,O02237,P0059,4,7607,20,24342.4,9782.4
OD005577,O02237,P0023,2,12189,5,23159.1,11971.1
OD005578,O02237,P0021,3,12927,20,31024.8,13210.8
OD005579,O02237,P0024,1,9546,5,9068.7,4142.7
OD005580,O02238,P0050,3,791,5,2254.35,955.35
OD005581,O02238,P0045,3,8473,15,21606.15,2844.15
OD005582,O02238,P0049,1,4908,15,4171.8,1560.8
OD005583,O02239,P0022,1,5467,5,5193.65,2674.65
OD005584,O02239,P0004,4,3517,5,13364.6,3252.6
OD005585,O02239,P0075,2,2498,20,3996.8,1328.8
OD005586,O02239,P0029,2,8916,15,15157.2,3013.2
OD005587,O02240,P0043,2,3251,5,6176.9,766.9
OD005588,O02241,P0055,3,3114,5,8874.9,2145.9
OD005589,O02241,P0034,4,8273,10,29782.8,3690.8
OD005590,O02241,P0036,4,8476,0,33904.0,15312.0
OD005591,O02241,P0031,1,14006,5,13305.7,6846.7
OD005592,O02242,P0030,1,10331,15,8781.35,2876.35
OD005593,O02242,P0025,3,6585,20,15804.0,4719.0
OD005594,O02242,P0016,3,7194,10,19423.8,8551.8
OD005595,O02242,P0057,3,4846,20,11630.4,3068.4
OD005596,O02243,P0081,4,4694,10,16898.4,6562.4
OD005597,O02243,P0001,1,8847,5,8404.65,3564.65
OD005598,O02244,P0024,2,9546,0,19092.0,9240.0
OD005599,O02245,P0056,3,14270,15,36388.5,16723.5
OD005600,O02246,P0044,1,1630,15,1385.5,147.5
OD005601,O02246,P0019,3,6155,10,16618.5,7885.5
OD005602,O02246,P0007,3,9936,5,28317.6,9738.6
OD005603,O02247,P0035,4,3553,15,12080.2,1080.2
OD005604,O02247,P0014,1,10018,20,8014.4,2661.4
OD005605,O02248,P0024,4,9546,10,34365.6,14661.6
OD005606,O02248,P0055,1,3114,0,3114.0,871.0
OD005607,O02249,P0070,3,9093,5,25915.05,8383.05
OD005608,O02250,P0039,3,7839,15,19989.45,3780.45
OD005609,O02250,P0074,1,4472,15,3801.2,641.2
OD005610,O02250,P0027,1,4363,15,3708.55,283.55
OD005611,O02251,P0072,4,10954,15,37243.6,16487.6
OD005612,O02251,P0003,1,319,5,303.05,41.05
OD005613,O02251,P0074,4,4472,20,14310.4,1670.4
OD005614,O02252,P0059,2,7607,0,15214.0,7934.0
OD005615,O02252,P0054,1,7011,20,5608.8,1967.8
OD005616,O02253,P0067,1,3128,5,2971.6,735.6
OD005617,O02253,P0068,1,375,20,300.0,0.0
OD005618,O02253,P0077,1,3416,15,2903.6,1227.6
OD005619,O02254,P0007,3,9936,5,28317.6,9738.6
OD005620,O02255,P0011,1,7617,5,7236.15,2265.15
OD005621,O02255,P0044,1,1630,10,1467.0,229.0
OD005622,O02255,P0049,2,4908,10,8834.4,3612.4
OD005623,O02256,P0029,2,8916,5,16940.4,4796.4
OD005624,O02257,P0018,2,8947,5,16999.3,4877.3
OD005625,O02257,P0081,4,4694,15,15959.6,5623.6
OD005626,O02257,P0038,4,5709,0,22836.0,10840.0
OD005627,O02257,P0010,2,6288,20,10060.8,1858.8
OD005628,O02258,P0021,4,12927,20,41366.4,17614.4
OD005629,O02258,P0026,2,9610,5,18259.0,5831.0
OD005630,O02259,P0050,4,791,15,2689.4,957.4
OD005631,O02259,P0026,2,9610,5,18259.0,5831.0
OD005632,O02260,P0012,1,2280,5,2166.0,543.0
OD005633,O02260,P0009,4,4834,15,16435.6,3419.6
OD005634,O02260,P0019,4,6155,15,20927.0,9283.0
OD005635,O02261,P0024,1,9546,0,9546.0,4620.0
OD005636,O02261,P0028,1,3631,5,3449.45,865.45
OD005637,O02261,P0057,4,4846,15,16476.4,5060.4
OD005638,O02262,P0034,4,8273,15,28128.2,2036.2
OD005639,O02263,P0061,1,6727,0,6727.0,2115.0
OD005640,O02264,P0044,1,1630,5,1548.5,310.5
OD005641,O02265,P0013,3,1311,20,3146.4,1343.4
OD005642,O02265,P0027,3,4363,15,11125.65,850.65
OD005643,O02266,P0034,2,8273,10,14891.4,1845.4
OD005644,O02266,P0074,1,4472,15,3801.2,641.2
OD005645,O02266,P0052,2,1682,0,3364.0,1432.0
OD005646,O02267,P0001,2,8847,20,14155.2,4475.2
OD005647,O02267,P0065,4,1750,20,5600.0,744.0
OD005648,O02267,P0030,3,10331,5,29443.35,11728.35
OD005649,O02267,P0033,4,5694,15,19359.6,1503.6
OD005650,O02268,P0074,4,4472,0,17888.0,5248.0
OD005651,O02268,P0077,4,3416,15,11614.4,4910.4
OD005652,O02268,P0076,2,7205,5,13689.5,4523.5
OD005653,O02269,P0004,4,3517,5,13364.6,3252.6
OD005654,O02269,P0077,1,3416,10,3074.4,1398.4
OD005655,O02270,P0059,3,7607,20,18256.8,7336.8
OD005656,O02270,P0021,3,12927,0,38781.0,20967.0
OD005657,O02271,P0059,2,7607,20,12171.2,4891.2
OD005658,O02271,P0063,2,5568,15,9465.6,3241.6
OD005659,O02272,P0046,4,10496,20,33587.2,13959.2
OD005660,O02272,P0007,3,9936,10,26827.2,8248.2
OD005661,O02273,P0056,4,14270,15,48518.0,22298.0
OD005662,O02273,P0016,3,7194,25,16186.5,5314.5
OD005663,O02273,P0072,2,10954,0,21908.0,11530.0
OD005664,O02273,P0077,2,3416,10,6148.8,2796.8
OD005665,O02274,P0012,1,2280,20,1824.0,201.0
OD005666,O02275,P0042,1,8402,20,6721.6,1009.6
OD005667,O02275,P0001,3,8847,20,21232.8,6712.8
OD005668,O02275,P0024,1,9546,15,8114.1,3188.1
OD005669,O02275,P0076,4,7205,15,24497.0,6165.0
OD005670,O02276,P0052,3,1682,15,4289.1,1391.1
OD005671,O02276,P0064,2,6997,0,13994.0,5982.0
OD005672,O02276,P0013,4,1311,20,4195.2,1791.2
OD005673,O02277,P0039,1,7839,10,7055.1,1652.1
OD005674,O02277,P0076,1,7205,10,6484.5,1901.5
OD005675,O02278,P0056,1,14270,25,10702.5,4147.5
OD005676,O02278,P0058,1,3214,10,2892.6,924.6
OD005677,O02278,P0054,4,7011,20,22435.2,7871.2
OD005678,O02279,P0046,4,10496,5,39884.8,20256.8
OD005679,O02280,P0048,1,3582,10,3223.8,1260.8
OD005680,O02280,P0054,4,7011,10,25239.6,10675.6
OD005681,O02280,P0005,3,526,20,1262.4,395.4
OD005682,O02281,P0027,1,4363,0,4363.0,938.0
OD005683,O02282,P0036,3,8476,15,21613.8,7669.8
OD005684,O02283,P0003,1,319,5,303.05,41.05
OD005685,O02283,P0018,1,8947,5,8499.65,2438.65
OD005686,O02283,P0016,2,7194,10,12949.2,5701.2
OD005687,O02284,P0030,1,10331,25,7748.25,1843.25
OD005688,O02285,P0003,3,319,20,765.6,-20.4
OD005689,O02286,P0002,2,8892,0,17784.0,8294.0
OD005690,O02286,P0015,1,6239,5,5927.05,1467.05
OD005691,O02286,P0073,3,3981,20,9554.4,2354.4
OD005692,O02286,P0005,3,526,0,1578.0,711.0
OD005693,O02287,P0016,1,7194,10,6474.6,2850.6
OD005694,O02287,P0038,2,5709,15,9705.3,3707.3
OD005695,O02287,P0060,3,3201,10,8642.7,4100.7
OD005696,O02287,P0032,1,11145,5,10587.75,4379.75
OD005697,O02288,P0004,2,3517,20,5627.2,571.2
OD005698,O02289,P0057,4,4846,20,15507.2,4091.2
OD005699,O02289,P0060,2,3201,15,5441.7,2413.7
OD005700,O02289,P0025,3,6585,0,19755.0,8670.0
OD005701,O02290,P0079,2,11587,0,23174.0,12308.0
OD005702,O02290,P0021,1,12927,15,10987.95,5049.95
OD005703,O02290,P0049,3,4908,20,11779.2,3946.2
OD005704,O02290,P0036,3,8476,10,22885.2,8941.2
OD005705,O02291,P0060,1,3201,5,3040.95,1526.95
OD005706,O02291,P0078,2,2727,0,5454.0,2008.0
OD005707,O02292,P0054,4,7011,20,22435.2,7871.2
OD005708,O02292,P0076,1,7205,5,6844.75,2261.75
OD005709,O02293,P0045,2,8473,0,16946.0,4438.0
OD005710,O02293,P0025,3,6585,20,15804.0,4719.0
OD005711,O02294,P0059,2,7607,0,15214.0,7934.0
OD005712,O02295,P0057,1,4846,0,4846.0,1992.0
OD005713,O02295,P0050,1,791,15,672.35,239.35
OD005714,O02295,P0056,1,14270,0,14270.0,7715.0
OD005715,O02296,P0009,1,4834,15,4108.9,854.9
OD005716,O02296,P0048,4,3582,10,12895.2,5043.2
OD005717,O02296,P0022,4,5467,0,21868.0,11792.0
OD005718,O02296,P0036,3,8476,10,22885.2,8941.2
OD005719,O02297,P0001,3,8847,5,25213.95,10693.95
OD005720,O02297,P0031,2,14006,0,28012.0,15094.0
OD005721,O02297,P0052,4,1682,10,6055.2,2191.2
OD005722,O02297,P0079,2,11587,5,22015.3,11149.3
OD005723,O02298,P0006,2,5410,5,10279.0,3643.0
OD005724,O02298,P0014,3,10018,15,25545.9,9486.9
OD005725,O02298,P0074,4,4472,15,15204.8,2564.8
OD005726,O02299,P0054,1,7011,15,5959.35,2318.35
OD005727,O02299,P0006,4,5410,20,17312.0,4040.0
OD005728,O02299,P0002,4,8892,10,32011.2,13031.2
OD005729,O02299,P0047,2,4367,20,6987.2,759.2
OD005730,O02300,P0047,3,4367,0,13101.0,3759.0
OD005731,O02300,P0005,1,526,15,447.1,158.1
OD005732,O02301,P0054,4,7011,15,23837.4,9273.4
OD005733,O02301,P0064,1,6997,20,5597.6,1591.6
OD005734,O02302,P0068,1,375,10,337.5,37.5
OD005735,O02302,P0045,1,8473,15,7202.05,948.05
OD005736,O02302,P0064,1,6997,25,5247.75,1241.75
OD005737,O02303,P0036,3,8476,10,22885.2,8941.2
OD005738,O02303,P0056,3,14270,0,42810.0,23145.0
OD005739,O02303,P0026,3,9610,10,25947.0,7305.0
OD005740,O02304,P0064,4,6997,0,27988.0,11964.0
OD005741,O02304,P0040,2,6601,0,13202.0,5204.0
OD005742,O02305,P0014,4,10018,0,40072.0,18660.0
OD005743,O02305,P0001,3,8847,15,22559.85,8039.85
OD005744,O02305,P0004,3,3517,5,10023.45,2439.45
OD005745,O02305,P0007,4,9936,25,29808.0,5036.0
OD005746,O02306,P0041,3,8569,10,23136.3,8721.3
OD005747,O02306,P0033,3,5694,0,17082.0,3690.0
OD005748,O02307,P0055,1,3114,20,2491.2,248.2
OD005749,O02308,P0009,4,4834,10,17402.4,4386.4
OD005750,O02309,P0034,3,8273,10,22337.1,2768.1
OD005751,O02309,P0011,3,7617,15,19423.35,4510.35
OD005752,O02309,P0055,3,3114,15,7940.7,1211.7
OD005753,O02309,P0044,3,1630,15,4156.5,442.5
OD005754,O02310,P0018,3,8947,20,21472.8,3289.8
OD005755,O02310,P0042,1,8402,10,7561.8,1849.8
OD005756,O02310,P0066,3,3382,15,8624.1,1397.1
OD005757,O02311,P0043,2,3251,10,5851.8,441.8
OD005758,O02311,P0079,3,11587,0,34761.0,18462.0
OD005759,O02312,P0024,4,9546,20,30547.2,10843.2
OD005760,O02312,P0081,3,4694,20,11265.6,3513.6
OD005761,O02312,P0004,4,3517,5,13364.6,3252.6
OD005762,O02312,P0070,3,9093,20,21823.2,4291.2
OD005763,O02313,P0082,1,2255,5,2142.25,978.25
OD005764,O02313,P0032,1,11145,5,10587.75,4379.75
OD005765,O02313,P0020,3,1983,25,4461.75,-233.25
OD005766,O02313,P0068,2,375,0,750.0,150.0
OD005767,O02314,P0008,2,9277,5,17626.3,4804.3
OD005768,O02314,P0011,2,7617,5,14472.3,4530.3
OD005769,O02314,P0003,3,319,5,909.15,123.15
OD005770,O02315,P0007,3,9936,15,25336.8,6757.8
OD005771,O02315,P0011,4,7617,20,24374.4,4490.4
OD005772,O02316,P0012,2,2280,10,4104.0,858.0
OD005773,O02317,P0028,3,3631,15,9259.05,1507.05
OD005774,O02317,P0073,1,3981,25,2985.75,585.75
OD005775,O02317,P0033,1,5694,0,5694.0,1230.0
OD005776,O02318,P0081,4,4694,5,17837.2,7501.2
OD005777,O02319,P0018,1,8947,20,7157.6,1096.6
OD005778,O02319,P0075,3,2498,15,6369.9,2367.9
OD005779,O02319,P0003,2,319,10,574.2,50.2
OD005780,O02319,P0038,4,5709,20,18268.8,6272.8
OD005781,O02320,P0058,3,3214,15,8195.7,2291.7
OD005782,O02320,P0021,4,12927,0,51708.0,27956.0
OD005783,O02320,P0017,2,10962,0,21924.0,11914.0
OD005784,O02321,P0078,4,2727,10,9817.2,2925.2
OD005785,O02321,P0068,2,375,0,750.0,150.0
OD005786,O02321,P0025,4,6585,15,22389.0,7609.0
OD005787,O02321,P0063,3,5568,10,15033.6,5697.6
OD005788,O02322,P0049,3,4908,10,13251.6,5418.6
OD005789,O02322,P0078,2,2727,10,4908.6,1462.6
OD005790,O02322,P0004,1,3517,10,3165.3,637.3
OD005791,O02323,P0062,3,6552,10,17690.4,6212.4
OD005792,O02324,P0051,4,8105,5,30799.0,12615.0
OD005793,O02324,P0003,4,319,15,1084.6,36.6
OD005794,O02324,P0043,3,3251,5,9265.35,1150.35
OD005795,O02325,P0018,2,8947,10,16104.6,3982.6
OD005796,O02325,P0038,1,5709,10,5138.1,2139.1
OD005797,O02325,P0073,2,3981,5,7563.9,2763.9
OD005798,O02325,P0052,4,1682,10,6055.2,2191.2
OD005799,O02326,P0017,2,10962,0,21924.0,11914.0
OD005800,O02326,P0015,2,6239,10,11230.2,2310.2
OD005801,O02326,P0053,4,500,0,2000.0,1072.0
OD005802,O02326,P0025,3,6585,15,16791.75,5706.75
OD005803,O02327,P0064,1,6997,15,5947.45,1941.45
OD005804,O02328,P0075,4,2498,10,8992.8,3656.8
OD005805,O02328,P0009,4,4834,15,16435.6,3419.6
OD005806,O02329,P0008,2,9277,10,16698.6,3876.6
OD005807,O02330,P0037,4,4495,10,16182.0,5926.0
OD005808,O02330,P0068,2,375,15,637.5,37.5
OD005809,O02330,P0078,2,2727,20,4363.2,917.2
OD005810,O02331,P0034,4,8273,20,26473.6,381.6
OD005811,O02332,P0023,1,12189,10,10970.1,5376.1
OD005812,O02332,P0071,2,8287,5,15745.3,4475.3
OD005813,O02332,P0016,4,7194,15,24459.6,9963.6
OD005814,O02333,P0013,4,1311,25,3933.0,1529.0
OD005815,O02333,P0046,3,10496,25,23616.0,8895.0
OD005816,O02333,P0029,2,8916,25,13374.0,1230.0
OD005817,O02333,P0068,1,375,5,356.25,56.25
OD005818,O02334,P0035,2,3553,20,5684.8,184.8
OD005819,O02335,P0052,1,1682,10,1513.8,547.8
OD005820,O02336,P0022,1,5467,15,4646.95,2127.95
OD005821,O02336,P0005,1,526,10,473.4,184.4
OD005822,O02337,P0065,4,1750,5,6650.0,1794.0
OD005823,O02338,P0037,2,4495,15,7641.5,2513.5
OD005824,O02339,P0059,4,7607,15,25863.8,11303.8
OD005825,O02339,P0074,2,4472,10,8049.6,1729.6
OD005826,O02340,P0001,1,8847,15,7519.95,2679.95
OD005827,O02341,P0061,2,6727,10,12108.6,2884.6
OD005828,O02341,P0035,4,3553,20,11369.6,369.6
OD005829,O02342,P0038,3,5709,5,16270.65,7273.65
OD005830,O02343,P0045,1,8473,5,8049.35,1795.35
OD005831,O02343,P0002,1,8892,10,8002.8,3257.8
OD005832,O02344,P0036,4,8476,10,30513.6,11921.6
OD005833,O02345,P0013,1,1311,10,1179.9,578.9
OD005834,O02345,P0009,1,4834,0,4834.0,1580.0
OD005835,O02345,P0037,2,4495,25,6742.5,1614.5
OD005836,O02346,P0068,2,375,0,750.0,150.0
OD005837,O02346,P0022,4,5467,25,16401.0,6325.0
OD005838,O02347,P0053,4,500,10,1800.0,872.0
OD005839,O02347,P0063,1,5568,5,5289.6,2177.6
OD005840,O02347,P0055,2,3114,20,4982.4,496.4
OD005841,O02347,P0041,1,8569,5,8140.55,3335.55
OD005842,O02348,P0009,2,4834,20,7734.4,1226.4
OD005843,O02348,P0003,3,319,10,861.3,75.3
OD005844,O02348,P0042,1,8402,20,6721.6,1009.6
OD005845,O02348,P0021,3,12927,20,31024.8,13210.8
OD005846,O02349,P0010,2,6288,10,11318.4,3116.4
OD005847,O02350,P0013,2,1311,5,2490.9,1288.9
OD005848,O02350,P0056,2,14270,10,25686.0,12576.0
OD005849,O02350,P0082,2,2255,5,4284.5,1956.5
OD005850,O02351,P0068,4,375,15,1275.0,75.0
OD005851,O02352,P0028,3,3631,10,9803.7,2051.7
OD005852,O02352,P0067,2,3128,20,5004.8,532.8
OD005853,O02352,P0019,4,6155,5,23389.0,11745.0
OD005854,O02353,P0030,2,10331,0,20662.0,8852.0
OD005855,O02353,P0074,4,4472,20,14310.4,1670.4
OD005856,O02353,P0018,2,8947,10,16104.6,3982.6
OD005857,O02353,P0004,3,3517,20,8440.8,856.8
OD005858,O02354,P0060,3,3201,0,9603.0,5061.0
OD005859,O02354,P0056,4,14270,0,57080.0,30860.0
OD005860,O02354,P0023,1,12189,0,12189.0,6595.0
OD005861,O02354,P0067,2,3128,5,5943.2,1471.2
OD005862,O02355,P0042,4,8402,20,26886.4,4038.4
OD005863,O02355,P0024,1,9546,10,8591.4,3665.4
OD005864,O02356,P0008,4,9277,20,29686.4,4042.4
OD005865,O02356,P0011,3,7617,20,18280.8,3367.8
OD005866,O02356,P0031,1,14006,15,11905.1,5446.1
OD005867,O02356,P0040,3,6601,0,19803.0,7806.0
OD005868,O02357,P0061,2,6727,15,11435.9,2211.9
OD005869,O02357,P0006,1,5410,5,5139.5,1821.5
OD005870,O02358,P0075,2,2498,5,4746.2,2078.2
OD005871,O02358,P0032,4,11145,10,40122.0,15290.0
OD005872,O02359,P0018,4,8947,15,30419.8,6175.8
OD005873,O02359,P0032,3,11145,10,30091.5,11467.5
OD005874,O02359,P0027,4,4363,5,16579.4,2879.4
OD005875,O02360,P0025,1,6585,10,5926.5,2231.5
OD005876,O02360,P0048,4,3582,15,12178.8,4326.8
OD005877,O02361,P0005,3,526,15,1341.3,474.3
OD005878,O02361,P0052,2,1682,0,3364.0,1432.0
OD005879,O02361,P0064,4,6997,20,22390.4,6366.4
OD005880,O02361,P0045,4,8473,20,27113.6,2097.6
OD005881,O02362,P0001,1,8847,20,7077.6,2237.6
OD005882,O02362,P0005,4,526,20,1683.2,527.2
OD005883,O02362,P0068,4,375,20,1200.0,0.0
OD005884,O02362,P0025,3,6585,10,17779.5,6694.5
OD005885,O02363,P0062,3,6552,25,14742.0,3264.0
OD005886,O02363,P0028,4,3631,10,13071.6,2735.6
OD005887,O02363,P0082,3,2255,0,6765.0,3273.0
OD005888,O02363,P0034,4,8273,5,31437.4,5345.4
OD005889,O02364,P0081,3,4694,5,13377.9,5625.9
OD005890,O02364,P0063,4,5568,5,21158.4,8710.4
OD005891,O02364,P0065,1,1750,10,1575.0,361.0
OD005892,O02365,P0018,2,8947,20,14315.2,2193.2
OD005893,O02366,P0066,1,3382,15,2874.7,465.7
OD005894,O02366,P0063,2,5568,0,11136.0,4912.0
OD005895,O02367,P0050,1,791,10,711.9,278.9
OD005896,O02367,P0012,1,2280,0,2280.0,657.0
OD005897,O02367,P0060,1,3201,0,3201.0,1687.0
OD005898,O02368,P0023,1,12189,15,10360.65,4766.65
OD005899,O02369,P0035,4,3553,10,12790.8,1790.8
OD005900,O02369,P0040,1,6601,5,6270.95,2271.95
OD005901,O02369,P0016,3,7194,5,20502.9,9630.9
OD005902,O02370,P0075,4,2498,0,9992.0,4656.0
OD005903,O02370,P0057,4,4846,10,17445.6,6029.6
OD005904,O02370,P0002,2,8892,0,17784.0,8294.0
OD005905,O02371,P0080,3,13672,0,41016.0,20370.0
OD005906,O02371,P0024,4,9546,10,34365.6,14661.6
OD005907,O02371,P0001,3,8847,0,26541.0,12021.0
OD005908,O02372,P0053,1,500,5,475.0,243.0
OD005909,O02372,P0049,1,4908,10,4417.2,1806.2
OD005910,O02373,P0031,4,14006,10,50421.6,24585.6
OD005911,O02373,P0029,3,8916,15,22735.8,4519.8
OD005912,O02374,P0042,2,8402,15,14283.4,2859.4
OD005913,O02374,P0013,2,1311,5,2490.9,1288.9
OD005914,O02374,P0048,3,3582,0,10746.0,4857.0
OD005915,O02374,P0027,3,4363,10,11780.1,1505.1
OD005916,O02375,P0015,1,6239,5,5927.05,1467.05
OD005917,O02376,P0049,4,4908,10,17668.8,7224.8
OD005918,O02377,P0055,2,3114,10,5605.2,1119.2
OD005919,O02378,P0071,2,8287,5,15745.3,4475.3
OD005920,O02378,P0019,2,6155,0,12310.0,6488.0
OD005921,O02378,P0077,3,3416,0,10248.0,5220.0
OD005922,O02379,P0051,3,8105,0,24315.0,10677.0
OD005923,O02379,P0034,3,8273,0,24819.0,5250.0
OD005924,O02379,P0043,3,3251,5,9265.35,1150.35
OD005925,O02380,P0041,1,8569,5,8140.55,3335.55
OD005926,O02380,P0075,4,2498,25,7494.0,2158.0
OD005927,O02380,P0021,3,12927,20,31024.8,13210.8
OD005928,O02380,P0061,3,6727,15,17153.85,3317.85
OD005929,O02381,P0070,1,9093,15,7729.05,1885.05
OD005930,O02381,P0033,3,5694,5,16227.9,2835.9
OD005931,O02381,P0072,1,10954,10,9858.6,4669.6
OD005932,O02381,P0056,1,14270,0,14270.0,7715.0
OD005933,O02382,P0059,1,7607,20,6085.6,2445.6
OD005934,O02382,P0012,4,2280,5,8664.0,2172.0
OD005935,O02382,P0077,3,3416,10,9223.2,4195.2
OD005936,O02383,P0004,2,3517,10,6330.6,1274.6
OD005937,O02383,P0058,1,3214,20,2571.2,603.2
OD005938,O02383,P0065,1,1750,20,1400.0,186.0
OD005939,O02384,P0012,4,2280,20,7296.0,804.0
OD005940,O02384,P0073,3,3981,10,10748.7,3548.7
OD005941,O02384,P0021,2,12927,5,24561.3,12685.3
OD005942,O02385,P0017,3,10962,15,27953.1,12938.1
OD005943,O02385,P0048,4,3582,15,12178.8,4326.8
OD005944,O02386,P0072,3,10954,15,27932.7,12365.7
OD005945,O02387,P0004,1,3517,5,3341.15,813.15
OD005946,O02387,P0035,1,3553,10,3197.7,447.7
OD005947,O02387,P0081,1,4694,20,3755.2,1171.2
OD005948,O02387,P0020,3,1983,0,5949.0,1254.0
OD005949,O02388,P0030,4,10331,0,41324.0,17704.0
OD005950,O02388,P0054,2,7011,10,12619.8,5337.8
OD005951,O02389,P0064,1,6997,20,5597.6,1591.6
OD005952,O02389,P0018,2,8947,25,13420.5,1298.5
OD005953,O02390,P0036,4,8476,20,27123.2,8531.2
OD005954,O02391,P0006,4,5410,15,18394.0,5122.0
OD005955,O02391,P0049,4,4908,15,16687.2,6243.2
OD005956,O02391,P0051,1,8105,20,6484.0,1938.0
OD005957,O02391,P0007,4,9936,15,33782.4,9010.4
OD005958,O02392,P0073,3,3981,10,10748.7,3548.7
OD005959,O02392,P0071,2,8287,5,15745.3,4475.3
OD005960,O02392,P0023,4,12189,5,46318.2,23942.2
OD005961,O02392,P0082,2,2255,10,4059.0,1731.0
OD005962,O02393,P0043,4,3251,10,11703.6,883.6
OD005963,O02394,P0030,2,10331,10,18595.8,6785.8
OD005964,O02394,P0060,3,3201,5,9122.85,4580.85
OD005965,O02394,P0046,4,10496,20,33587.2,13959.2
OD005966,O02395,P0016,2,7194,20,11510.4,4262.4
OD005967,O02396,P0046,4,10496,15,35686.4,16058.4
OD005968,O02396,P0056,3,14270,10,38529.0,18864.0
OD005969,O02397,P0034,3,8273,10,22337.1,2768.1
OD005970,O02397,P0025,1,6585,20,5268.0,1573.0
OD005971,O02397,P0013,4,1311,10,4719.6,2315.6
OD005972,O02398,P0059,4,7607,20,24342.4,9782.4
OD005973,O02399,P0040,2,6601,15,11221.7,3223.7
OD005974,O02400,P0038,1,5709,15,4852.65,1853.65
OD005975,O02400,P0075,3,2498,15,6369.9,2367.9
OD005976,O02401,P0032,3,11145,0,33435.0,14811.0
OD005977,O02401,P0035,4,3553,0,14212.0,3212.0
OD005978,O02402,P0077,3,3416,20,8198.4,3170.4
OD005979,O02403,P0062,3,6552,10,17690.4,6212.4
OD005980,O02403,P0071,3,8287,5,23617.95,6712.95
OD005981,O02403,P0037,3,4495,20,10788.0,3096.0
OD005982,O02404,P0013,1,1311,15,1114.35,513.35
OD005983,O02404,P0055,4,3114,5,11833.2,2861.2
OD005984,O02405,P0070,3,9093,25,20459.25,2927.25
OD005985,O02405,P0047,2,4367,15,7423.9,1195.9
OD005986,O02406,P0015,3,6239,10,16845.3,3465.3
OD005987,O02406,P0031,1,14006,25,10504.5,4045.5
OD005988,O02407,P0007,2,9936,10,17884.8,5498.8
OD005989,O02407,P0077,4,3416,10,12297.6,5593.6
OD005990,O02407,P0030,2,10331,0,20662.0,8852.0
OD005991,O02408,P0019,2,6155,15,10463.5,4641.5
OD005992,O02408,P0069,1,6924,20,5539.2,-165.8
OD005993,O02409,P0058,1,3214,15,2731.9,763.9
OD005994,O02409,P0001,4,8847,5,33618.6,14258.6
OD005995,O02409,P0027,3,4363,5,12434.55,2159.55
OD005996,O02409,P0032,3,11145,20,26748.0,8124.0
OD005997,O02410,P0082,1,2255,10,2029.5,865.5
OD005998,O02410,P0007,3,9936,0,29808.0,11229.0
OD005999,O02410,P0067,4,3128,10,11260.8,2316.8
OD006000,O02411,P0079,2,11587,20,18539.2,7673.2
OD006001,O02411,P0038,4,5709,15,19410.6,7414.6
OD006002,O02411,P0016,3,7194,10,19423.8,8551.8
OD006003,O02411,P0020,4,1983,15,6742.2,482.2
OD006004,O02412,P0053,4,500,5,1900.0,972.0
OD006005,O02412,P0077,1,3416,0,3416.0,1740.0
OD006006,O02412,P0011,1,7617,25,5712.75,741.75
OD006007,O02413,P0063,2,5568,15,9465.6,3241.6
OD006008,O02413,P0035,4,3553,15,12080.2,1080.2
OD006009,O02414,P0017,2,10962,15,18635.4,8625.4
OD006010,O02414,P0015,4,6239,5,23708.2,5868.2
OD006011,O02415,P0074,4,4472,10,16099.2,3459.2
OD006012,O02415,P0058,4,3214,10,11570.4,3698.4
OD006013,O02416,P0002,3,8892,5,25342.2,11107.2
OD006014,O02416,P0047,1,4367,0,4367.0,1253.0
OD006015,O02416,P0071,4,8287,5,31490.6,8950.6
OD006016,O02416,P0043,1,3251,10,2925.9,220.9
OD006017,O02417,P0078,2,2727,20,4363.2,917.2
OD006018,O02418,P0054,3,7011,15,17878.05,6955.05
OD006019,O02418,P0008,2,9277,5,17626.3,4804.3
OD006020,O02418,P0018,4,8947,5,33998.6,9754.6
OD006021,O02419,P0042,1,8402,25,6301.5,589.5
OD006022,O02419,P0054,1,7011,15,5959.35,2318.35
OD006023,O02419,P0057,4,4846,15,16476.4,5060.4
OD006024,O02419,P0010,1,6288,5,5973.6,1872.6
OD006025,O02420,P0068,3,375,5,1068.75,168.75
OD006026,O02420,P0016,3,7194,0,21582.0,10710.0
OD006027,O02420,P0054,2,7011,20,11217.6,3935.6
OD006028,O02420,P0072,3,10954,20,26289.6,10722.6
OD006029,O02421,P0064,1,6997,5,6647.15,2641.15
OD006030,O02421,P0051,3,8105,5,23099.25,9461.25
OD006031,O02421,P0008,2,9277,10,16698.6,3876.6
OD006032,O02421,P0009,3,4834,0,14502.0,4740.0
OD006033,O02422,P0017,1,10962,5,10413.9,5408.9
OD006034,O02422,P0031,3,14006,20,33614.4,14237.4
OD006035,O02422,P0052,4,1682,15,5718.8,1854.8
OD006036,O02422,P0074,4,4472,25,13416.0,776.0
OD006037,O02423,P0030,3,10331,15,26344.05,8629.05
OD006038,O02423,P0037,2,4495,5,8540.5,3412.5
OD006039,O02423,P0033,2,5694,20,9110.4,182.4
OD006040,O02423,P0071,4,8287,15,28175.8,5635.8
OD006041,O02424,P0059,3,7607,0,22821.0,11901.0
OD006042,O02424,P0028,3,3631,10,9803.7,2051.7
OD006043,O02425,P0039,4,7839,0,31356.0,9744.0
OD006044,O02425,P0046,2,10496,20,16793.6,6979.6
OD006045,O02425,P0074,2,4472,5,8496.8,2176.8
OD006046,O02425,P0065,3,1750,15,4462.5,820.5
OD006047,O02426,P0008,3,9277,20,22264.8,3031.8
OD006048,O02426,P0076,4,7205,5,27379.0,9047.0
OD006049,O02427,P0070,1,9093,10,8183.7,2339.7
OD006050,O02427,P0053,4,500,20,1600.0,672.0
OD006051,O02428,P0010,2,6288,0,12576.0,4374.0
OD006052,O02428,P0070,1,9093,10,8183.7,2339.7
OD006053,O02429,P0047,1,4367,5,4148.65,1034.65
OD006054,O02430,P0070,4,9093,15,30916.2,7540.2
OD006055,O02430,P0081,2,4694,0,9388.0,4220.0
OD006056,O02430,P0021,3,12927,10,34902.9,17088.9
OD006057,O02430,P0069,3,6924,20,16617.6,-497.4
OD006058,O02431,P0001,2,8847,15,15039.9,5359.9
OD006059,O02431,P0038,4,5709,10,20552.4,8556.4
OD006060,O02432,P0047,1,4367,5,4148.65,1034.65
OD006061,O02432,P0020,1,1983,5,1883.85,318.85
OD006062,O02433,P0075,1,2498,20,1998.4,664.4
OD006063,O02434,P0079,2,11587,15,19697.9,8831.9
OD006064,O02435,P0006,2,5410,0,10820.0,4184.0
OD006065,O02436,P0077,4,3416,20,10931.2,4227.2
OD006066,O02436,P0056,2,14270,0,28540.0,15430.0
OD006067,O02436,P0080,1,13672,25,10254.0,3372.0
OD006068,O02436,P0076,4,7205,0,28820.0,10488.0
OD006069,O02437,P0008,4,9277,10,33397.2,7753.2
OD006070,O02437,P0050,3,791,0,2373.0,1074.0
OD006071,O02437,P0052,4,1682,0,6728.0,2864.0
OD006072,O02437,P0026,1,9610,15,8168.5,1954.5
OD006073,O02438,P0049,3,4908,15,12515.4,4682.4
OD006074,O02438,P0071,4,8287,25,24861.0,2321.0
OD006075,O02438,P0066,3,3382,10,9131.4,1904.4
OD006076,O02439,P0014,3,10018,20,24043.2,7984.2
OD006077,O02439,P0042,3,8402,10,22685.4,5549.4
OD006078,O02440,P0060,2,3201,15,5441.7,2413.7
OD006079,O02441,P0019,2,6155,20,9848.0,4026.0
OD006080,O02441,P0055,4,3114,15,10587.6,1615.6
OD006081,O02441,P0070,2,9093,20,14548.8,2860.8
OD006082,O02441,P0053,4,500,5,1900.0,972.0
OD006083,O02442,P0037,3,4495,10,12136.5,4444.5
OD006084,O02443,P0015,2,6239,0,12478.0,3558.0
OD006085,O02443,P0074,1,4472,10,4024.8,864.8
OD006086,O02443,P0050,1,791,20,632.8,199.8
OD006087,O02444,P0063,2,5568,15,9465.6,3241.6
OD006088,O02444,P0008,1,9277,25,6957.75,546.75
OD006089,O02444,P0039,4,7839,15,26652.6,5040.6
OD006090,O02445,P0045,1,8473,15,7202.05,948.05
OD006091,O02445,P0033,2,5694,15,9679.8,751.8
OD006092,O02445,P0004,1,3517,10,3165.3,637.3
OD006093,O02445,P0002,1,8892,0,8892.0,4147.0
OD006094,O02446,P0079,1,11587,20,9269.6,3836.6
OD006095,O02446,P0063,2,5568,0,11136.0,4912.0
OD006096,O02446,P0006,4,5410,25,16230.0,2958.0
OD006097,O02446,P0048,4,3582,20,11462.4,3610.4
OD006098,O02447,P0066,1,3382,25,2536.5,127.5
OD006099,O02448,P0013,4,1311,15,4457.4,2053.4
OD006100,O02448,P0014,2,10018,0,20036.0,9330.0
OD006101,O02448,P0039,1,7839,5,7447.05,2044.05
OD006102,O02449,P0074,3,4472,5,12745.2,3265.2
OD006103,O02449,P0005,2,526,10,946.8,368.8
OD006104,O02449,P0047,1,4367,5,4148.65,1034.65
OD006105,O02450,P0018,2,8947,10,16104.6,3982.6
OD006106,O02450,P0070,3,9093,20,21823.2,4291.2
OD006107,O02451,P0072,4,10954,15,37243.6,16487.6
OD006108,O02451,P0048,3,3582,10,9671.4,3782.4
OD006109,O02451,P0076,3,7205,5,20534.25,6785.25
OD006110,O02451,P0071,4,8287,5,31490.6,8950.6
OD006111,O02452,P0026,2,9610,5,18259.0,5831.0
OD006112,O02452,P0056,4,14270,15,48518.0,22298.0
OD006113,O02453,P0043,3,3251,15,8290.05,175.05
OD006114,O02453,P0063,2,5568,0,11136.0,4912.0
OD006115,O02453,P0024,1,9546,20,7636.8,2710.8
OD006116,O02454,P0078,1,2727,0,2727.0,1004.0
OD006117,O02454,P0060,1,3201,0,3201.0,1687.0
OD006118,O02454,P0059,1,7607,20,6085.6,2445.6
OD006119,O02454,P0049,4,4908,15,16687.2,6243.2
OD006120,O02455,P0013,3,1311,20,3146.4,1343.4
OD006121,O02455,P0031,4,14006,0,56024.0,30188.0
OD006122,O02456,P0066,3,3382,0,10146.0,2919.0
OD006123,O02457,P0065,3,1750,10,4725.0,1083.0
OD006124,O02458,P0045,2,8473,0,16946.0,4438.0
OD006125,O02458,P0020,4,1983,20,6345.6,85.6
OD006126,O02458,P0041,1,8569,10,7712.1,2907.1
OD006127,O02459,P0021,3,12927,15,32963.85,15149.85
OD006128,O02459,P0058,3,3214,15,8195.7,2291.7
OD006129,O02460,P0001,1,8847,15,7519.95,2679.95
OD006130,O02461,P0050,1,791,10,711.9,278.9
OD006131,O02461,P0021,3,12927,5,36841.95,19027.95
OD006132,O02461,P0048,4,3582,5,13611.6,5759.6
OD006133,O02462,P0001,4,8847,0,35388.0,16028.0
OD006134,O02463,P0030,1,10331,5,9814.45,3909.45
OD006135,O02464,P0013,4,1311,15,4457.4,2053.4
OD006136,O02465,P0047,1,4367,0,4367.0,1253.0
OD006137,O02465,P0020,4,1983,20,6345.6,85.6
OD006138,O02465,P0052,3,1682,15,4289.1,1391.1
OD006139,O02466,P0056,1,14270,0,14270.0,7715.0
OD006140,O02466,P0007,3,9936,5,28317.6,9738.6
OD006141,O02466,P0082,2,2255,10,4059.0,1731.0
OD006142,O02467,P0002,2,8892,15,15116.4,5626.4
OD006143,O02467,P0055,3,3114,20,7473.6,744.6
OD006144,O02468,P0060,1,3201,15,2720.85,1206.85
OD006145,O02468,P0004,3,3517,5,10023.45,2439.45
OD006146,O02468,P0051,1,8105,5,7699.75,3153.75
OD006147,O02469,P0074,2,4472,25,6708.0,388.0
OD006148,O02469,P0078,4,2727,5,10362.6,3470.6
OD006149,O02469,P0006,3,5410,15,13795.5,3841.5
OD006150,O02469,P0020,1,1983,0,1983.0,418.0
OD006151,O02470,P0067,1,3128,15,2658.8,422.8
OD006152,O02470,P0082,1,2255,5,2142.25,978.25
OD006153,O02470,P0001,1,8847,15,7519.95,2679.95
OD006154,O02471,P0075,1,2498,5,2373.1,1039.1
OD006155,O02472,P0072,1,10954,20,8763.2,3574.2
OD006156,O02472,P0012,1,2280,5,2166.0,543.0
OD006157,O02472,P0004,1,3517,5,3341.15,813.15
OD006158,O02473,P0005,2,526,0,1052.0,474.0
OD006159,O02473,P0016,4,7194,10,25898.4,11402.4
OD006160,O02473,P0067,2,3128,5,5943.2,1471.2
OD006161,O02474,P0018,3,8947,15,22814.85,4631.85
OD006162,O02474,P0056,3,14270,5,40669.5,21004.5
OD006163,O02475,P0035,2,3553,5,6750.7,1250.7
OD006164,O02475,P0056,2,14270,0,28540.0,15430.0
OD006165,O02475,P0059,3,7607,5,21679.95,10759.95
OD006166,O02476,P0039,1,7839,10,7055.1,1652.1
OD006167,O02476,P0027,2,4363,15,7417.1,567.1
OD006168,O02477,P0079,2,11587,10,20856.6,9990.6
OD006169,O02477,P0032,3,11145,15,28419.75,9795.75
OD006170,O02477,P0058,4,3214,5,12213.2,4341.2
OD006171,O02478,P0078,1,2727,20,2181.6,458.6
OD006172,O02478,P0001,4,8847,25,26541.0,7181.0
OD006173,O02479,P0075,4,2498,5,9492.4,4156.4
OD006174,O02480,P0012,3,2280,20,5472.0,603.0
OD006175,O02480,P0003,4,319,10,1148.4,100.4
OD006176,O02480,P0042,4,8402,15,28566.8,5718.8
OD006177,O02480,P0025,3,6585,10,17779.5,6694.5
OD006178,O02481,P0077,4,3416,5,12980.8,6276.8
OD006179,O02481,P0072,3,10954,20,26289.6,10722.6
OD006180,O02482,P0017,3,10962,10,29597.4,14582.4
OD006181,O02482,P0012,2,2280,5,4332.0,1086.0
OD006182,O02482,P0063,3,5568,0,16704.0,7368.0
OD006183,O02483,P0024,3,9546,20,22910.4,8132.4
OD006184,O02483,P0042,2,8402,20,13443.2,2019.2
OD006185,O02484,P0073,2,3981,5,7563.9,2763.9
OD006186,O02484,P0018,2,8947,0,17894.0,5772.0
OD006187,O02484,P0054,4,7011,20,22435.2,7871.2
OD006188,O02485,P0078,2,2727,10,4908.6,1462.6
OD006189,O02485,P0065,1,1750,5,1662.5,448.5
OD006190,O02486,P0076,2,7205,15,12248.5,3082.5
OD006191,O02487,P0062,2,6552,20,10483.2,2831.2
OD006192,O02487,P0021,2,12927,5,24561.3,12685.3
OD006193,O02487,P0044,1,1630,15,1385.5,147.5
OD006194,O02488,P0075,3,2498,25,5620.5,1618.5
OD006195,O02489,P0029,2,8916,5,16940.4,4796.4
OD006196,O02490,P0074,2,4472,10,8049.6,1729.6
OD006197,O02490,P0042,2,8402,0,16804.0,5380.0
OD006198,O02490,P0010,2,6288,0,12576.0,4374.0
OD006199,O02491,P0003,2,319,0,638.0,114.0
OD006200,O02491,P0030,2,10331,5,19628.9,7818.9
OD006201,O02491,P0022,4,5467,5,20774.6,10698.6
OD006202,O02492,P0045,2,8473,20,13556.8,1048.8
OD006203,O02492,P0082,4,2255,0,9020.0,4364.0
OD006204,O02492,P0035,2,3553,15,6040.1,540.1
OD006205,O02492,P0070,4,9093,15,30916.2,7540.2
OD006206,O02493,P0045,2,8473,10,15251.4,2743.4
OD006207,O02493,P0071,3,8287,20,19888.8,2983.8
OD006208,O02493,P0063,4,5568,20,17817.6,5369.6
OD006209,O02494,P0062,2,6552,10,11793.6,4141.6
OD006210,O02494,P0044,1,1630,10,1467.0,229.0
OD006211,O02494,P0021,2,12927,5,24561.3,12685.3
OD006212,O02495,P0010,3,6288,10,16977.6,4674.6
OD006213,O02495,P0054,2,7011,20,11217.6,3935.6
OD006214,O02496,P0032,2,11145,15,18946.5,6530.5
OD006215,O02496,P0048,1,3582,10,3223.8,1260.8
OD006216,O02496,P0040,1,6601,15,5610.85,1611.85
OD006217,O02497,P0021,4,12927,5,49122.6,25370.6
OD006218,O02497,P0036,2,8476,0,16952.0,7656.0
OD006219,O02497,P0061,3,6727,20,16144.8,2308.8
OD006220,O02498,P0018,1,8947,10,8052.3,1991.3
OD006221,O02499,P0043,2,3251,25,4876.5,-533.5
OD006222,O02500,P0042,2,8402,20,13443.2,2019.2
OD006223,O02500,P0078,3,2727,0,8181.0,3012.0
OD006224,O02501,P0025,1,6585,5,6255.75,2560.75
OD006225,O02501,P0058,3,3214,20,7713.6,1809.6
OD006226,O02501,P0048,4,3582,10,12895.2,5043.2
OD006227,O02501,P0055,3,3114,15,7940.7,1211.7
OD006228,O02502,P0022,3,5467,20,13120.8,5563.8
OD006229,O02502,P0015,2,6239,20,9982.4,1062.4
OD006230,O02503,P0065,1,1750,20,1400.0,186.0
OD006231,O02503,P0041,4,8569,0,34276.0,15056.0
OD006232,O02504,P0020,3,1983,15,5056.65,361.65
OD006233,O02504,P0048,3,3582,5,10208.7,4319.7
OD006234,O02505,P0053,3,500,5,1425.0,729.0
OD006235,O02505,P0035,3,3553,15,9060.15,810.15
OD006236,O02506,P0010,4,6288,0,25152.0,8748.0
OD006237,O02507,P0034,4,8273,5,31437.4,5345.4
OD006238,O02508,P0017,2,10962,5,20827.8,10817.8
OD006239,O02508,P0076,2,7205,10,12969.0,3803.0
OD006240,O02508,P0039,3,7839,15,19989.45,3780.45
OD006241,O02508,P0073,4,3981,15,13535.4,3935.4
OD006242,O02509,P0075,1,2498,0,2498.0,1164.0
OD006243,O02509,P0067,3,3128,10,8445.6,1737.6
OD006244,O02509,P0010,4,6288,25,18864.0,2460.0
OD006245,O02509,P0015,4,6239,5,23708.2,5868.2
OD006246,O02510,P0020,4,1983,5,7535.4,1275.4
OD006247,O02510,P0054,1,7011,20,5608.8,1967.8
OD006248,O02510,P0047,1,4367,10,3930.3,816.3
OD006249,O02511,P0019,2,6155,15,10463.5,4641.5
OD006250,O02511,P0060,4,3201,5,12163.8,6107.8
OD006251,O02511,P0017,3,10962,5,31241.7,16226.7
OD006252,O02511,P0081,4,4694,20,15020.8,4684.8
OD006253,O02512,P0019,1,6155,15,5231.75,2320.75
OD006254,O02512,P0039,4,7839,5,29788.2,8176.2
OD006255,O02512,P0058,4,3214,15,10927.6,3055.6
OD006256,O02512,P0054,2,7011,25,10516.5,3234.5
OD006257,O02513,P0043,4,3251,20,10403.2,-416.8
OD006258,O02514,P0052,3,1682,5,4793.7,1895.7
OD006259,O02514,P0082,1,2255,20,1804.0,640.0
OD006260,O02514,P0020,4,1983,10,7138.8,878.8
OD006261,O02514,P0055,4,3114,0,12456.0,3484.0
OD006262,O02515,P0027,2,4363,15,7417.1,567.1
OD006263,O02515,P0058,2,3214,15,5463.8,1527.8
OD006264,O02515,P0014,2,10018,15,17030.6,6324.6
OD006265,O02516,P0040,4,6601,20,21123.2,5127.2
OD006266,O02516,P0038,2,5709,15,9705.3,3707.3
OD006267,O02516,P0047,3,4367,10,11790.9,2448.9
OD006268,O02517,P0007,2,9936,15,16891.2,4505.2
OD006269,O02517,P0064,3,6997,20,16792.8,4774.8
OD006270,O02517,P0044,2,1630,15,2771.0,295.0
OD006271,O02518,P0038,2,5709,15,9705.3,3707.3
OD006272,O02518,P0026,3,9610,10,25947.0,7305.0
OD006273,O02519,P0059,3,7607,15,19397.85,8477.85
OD006274,O02519,P0055,1,3114,0,3114.0,871.0
OD006275,O02520,P0060,1,3201,0,3201.0,1687.0
OD006276,O02520,P0008,4,9277,5,35252.6,9608.6
OD006277,O02521,P0001,2,8847,15,15039.9,5359.9
OD006278,O02521,P0012,4,2280,15,7752.0,1260.0
OD006279,O02521,P0069,2,6924,0,13848.0,2438.0
OD006280,O02522,P0019,1,6155,5,5847.25,2936.25
OD006281,O02522,P0070,3,9093,10,24551.1,7019.1
OD006282,O02522,P0074,1,4472,15,3801.2,641.2
OD006283,O02522,P0032,3,11145,10,30091.5,11467.5
OD006284,O02523,P0001,2,8847,0,17694.0,8014.0
OD006285,O02523,P0024,1,9546,0,9546.0,4620.0
OD006286,O02523,P0076,2,7205,10,12969.0,3803.0
OD006287,O02524,P0047,2,4367,5,8297.3,2069.3
OD006288,O02525,P0015,1,6239,0,6239.0,1779.0
OD006289,O02525,P0079,3,11587,0,34761.0,18462.0
OD006290,O02525,P0050,2,791,0,1582.0,716.0
OD006291,O02526,P0045,1,8473,10,7625.7,1371.7
OD006292,O02526,P0022,2,5467,5,10387.3,5349.3
OD006293,O02526,P0082,3,2255,20,5412.0,1920.0
OD006294,O02526,P0008,3,9277,15,23656.35,4423.35
OD006295,O02527,P0051,2,8105,10,14589.0,5497.0
OD006296,O02528,P0074,2,4472,0,8944.0,2624.0
OD006297,O02528,P0024,1,9546,5,9068.7,4142.7
OD006298,O02528,P0073,1,3981,15,3383.85,983.85
OD006299,O02528,P0049,2,4908,5,9325.2,4103.2
OD006300,O02529,P0037,2,4495,5,8540.5,3412.5
OD006301,O02530,P0011,1,7617,5,7236.15,2265.15
OD006302,O02531,P0080,4,13672,5,51953.6,24425.6
OD006303,O02532,P0011,2,7617,10,13710.6,3768.6
OD006304,O02532,P0007,2,9936,15,16891.2,4505.2
OD006305,O02532,P0051,3,8105,10,21883.5,8245.5
OD006306,O02532,P0077,4,3416,10,12297.6,5593.6
OD006307,O02533,P0036,2,8476,15,14409.2,5113.2
OD006308,O02533,P0037,1,4495,0,4495.0,1931.0
OD006309,O02533,P0005,4,526,5,1998.8,842.8
OD006310,O02533,P0009,1,4834,5,4592.3,1338.3
OD006311,O02534,P0066,3,3382,20,8116.8,889.8
OD006312,O02534,P0019,3,6155,10,16618.5,7885.5
OD006313,O02534,P0038,1,5709,10,5138.1,2139.1
OD006314,O02534,P0030,3,10331,10,27893.7,10178.7
OD006315,O02535,P0039,2,7839,10,14110.2,3304.2
OD006316,O02536,P0009,3,4834,15,12326.7,2564.7
OD006317,O02536,P0051,4,8105,15,27557.0,9373.0
OD006318,O02537,P0013,4,1311,20,4195.2,1791.2
OD006319,O02537,P0024,1,9546,5,9068.7,4142.7
OD006320,O02538,P0073,2,3981,5,7563.9,2763.9
OD006321,O02538,P0003,1,319,15,271.15,9.15
OD006322,O02538,P0045,2,8473,5,16098.7,3590.7
OD006323,O02539,P0061,3,6727,10,18162.9,4326.9
OD006324,O02539,P0023,4,12189,0,48756.0,26380.0
OD006325,O02540,P0045,1,8473,25,6354.75,100.75
OD006326,O02540,P0005,1,526,5,499.7,210.7
OD006327,O02540,P0019,2,6155,10,11079.0,5257.0
OD006328,O02540,P0056,4,14270,10,51372.0,25152.0
OD006329,O02541,P0027,1,4363,0,4363.0,938.0
OD006330,O02541,P0037,3,4495,15,11462.25,3770.25
OD006331,O02541,P0048,2,3582,5,6805.8,2879.8
OD006332,O02541,P0055,1,3114,10,2802.6,559.6
OD006333,O02542,P0054,4,7011,15,23837.4,9273.4
OD006334,O02542,P0003,2,319,25,478.5,-45.5
OD006335,O02542,P0033,4,5694,5,21637.2,3781.2
OD006336,O02542,P0068,2,375,5,712.5,112.5
OD006337,O02543,P0010,1,6288,10,5659.2,1558.2
OD006338,O02544,P0032,3,11145,5,31763.25,13139.25
OD006339,O02544,P0065,4,1750,15,5950.0,1094.0
OD006340,O02544,P0054,1,7011,15,5959.35,2318.35
OD006341,O02545,P0052,4,1682,25,5046.0,1182.0
OD006342,O02545,P0056,4,14270,5,54226.0,28006.0
OD006343,O02545,P0019,2,6155,10,11079.0,5257.0
OD006344,O02546,P0004,3,3517,15,8968.35,1384.35
OD006345,O02546,P0040,1,6601,15,5610.85,1611.85
OD006346,O02547,P0067,3,3128,10,8445.6,1737.6
OD006347,O02547,P0010,2,6288,15,10689.6,2487.6
OD006348,O02548,P0033,3,5694,25,12811.5,-580.5
OD006349,O02549,P0019,3,6155,5,17541.75,8808.75
OD006350,O02549,P0051,1,8105,10,7294.5,2748.5
OD006351,O02549,P0031,4,14006,15,47620.4,21784.4
OD006352,O02550,P0049,1,4908,15,4171.8,1560.8
OD006353,O02550,P0050,4,791,20,2531.2,799.2
OD006354,O02550,P0019,3,6155,15,15695.25,6962.25
OD006355,O02551,P0075,4,2498,10,8992.8,3656.8
OD006356,O02551,P0068,2,375,15,637.5,37.5
OD006357,O02552,P0011,3,7617,15,19423.35,4510.35
OD006358,O02552,P0039,3,7839,5,22341.15,6132.15
OD006359,O02552,P0040,3,6601,20,15842.4,3845.4
OD006360,O02553,P0005,2,526,25,789.0,211.0
OD006361,O02553,P0071,4,8287,5,31490.6,8950.6
OD006362,O02553,P0062,2,6552,20,10483.2,2831.2
OD006363,O02553,P0080,2,13672,15,23242.4,9478.4
OD006364,O02554,P0074,3,4472,5,12745.2,3265.2
OD006365,O02555,P0051,4,8105,25,24315.0,6131.0
OD006366,O02555,P0040,2,6601,5,12541.9,4543.9
OD006367,O02555,P0067,4,3128,0,12512.0,3568.0
OD006368,O02556,P0003,2,319,0,638.0,114.0
OD006369,O02556,P0057,1,4846,5,4603.7,1749.7
OD006370,O02557,P0068,1,375,5,356.25,56.25
OD006371,O02557,P0051,4,8105,20,25936.0,7752.0
OD006372,O02557,P0039,2,7839,5,14894.1,4088.1
OD006373,O02557,P0034,2,8273,10,14891.4,1845.4
OD006374,O02558,P0008,4,9277,10,33397.2,7753.2
OD006375,O02558,P0025,3,6585,0,19755.0,8670.0
OD006376,O02559,P0043,1,3251,5,3088.45,383.45
OD006377,O02559,P0075,4,2498,15,8493.2,3157.2
OD006378,O02559,P0034,4,8273,20,26473.6,381.6
OD006379,O02559,P0029,2,8916,10,16048.8,3904.8
OD006380,O02560,P0082,2,2255,20,3608.0,1280.0
OD006381,O02561,P0073,3,3981,10,10748.7,3548.7
OD006382,O02561,P0020,2,1983,5,3767.7,637.7
OD006383,O02561,P0043,2,3251,5,6176.9,766.9
OD006384,O02562,P0010,1,6288,15,5344.8,1243.8
OD006385,O02562,P0057,4,4846,15,16476.4,5060.4
OD006386,O02563,P0052,2,1682,10,3027.6,1095.6
OD006387,O02564,P0046,1,10496,5,9971.2,5064.2
OD006388,O02564,P0064,3,6997,20,16792.8,4774.8
OD006389,O02564,P0001,4,8847,25,26541.0,7181.0
OD006390,O02564,P0044,3,1630,10,4401.0,687.0
OD006391,O02565,P0017,2,10962,5,20827.8,10817.8
OD006392,O02565,P0029,2,8916,5,16940.4,4796.4
OD006393,O02566,P0034,2,8273,15,14064.1,1018.1
OD006394,O02566,P0019,1,6155,20,4924.0,2013.0
OD006395,O02566,P0027,3,4363,0,13089.0,2814.0
OD006396,O02567,P0029,2,8916,10,16048.8,3904.8
OD006397,O02568,P0007,3,9936,10,26827.2,8248.2
OD006398,O02568,P0022,1,5467,5,5193.65,2674.65
OD006399,O02568,P0031,3,14006,10,37816.2,18439.2
OD006400,O02568,P0009,4,4834,10,17402.4,4386.4
OD006401,O02569,P0056,1,14270,20,11416.0,4861.0
OD006402,O02570,P0056,2,14270,15,24259.0,11149.0
OD006403,O02570,P0080,3,13672,10,36914.4,16268.4
OD006404,O02570,P0044,3,1630,15,4156.5,442.5
OD006405,O02570,P0046,2,10496,15,17843.2,8029.2
OD006406,O02571,P0010,1,6288,15,5344.8,1243.8
OD006407,O02571,P0039,1,7839,15,6663.15,1260.15
OD006408,O02571,P0053,2,500,0,1000.0,536.0
OD006409,O02572,P0018,2,8947,5,16999.3,4877.3
OD006410,O02572,P0046,3,10496,5,29913.6,15192.6
OD006411,O02572,P0051,1,8105,20,6484.0,1938.0
OD006412,O02572,P0062,1,6552,15,5569.2,1743.2
OD006413,O02573,P0043,2,3251,20,5201.6,-208.4
OD006414,O02573,P0071,3,8287,0,24861.0,7956.0
OD006415,O02573,P0061,3,6727,20,16144.8,2308.8
OD006416,O02574,P0077,4,3416,10,12297.6,5593.6
OD006417,O02574,P0064,4,6997,0,27988.0,11964.0
OD006418,O02574,P0028,3,3631,10,9803.7,2051.7
OD006419,O02575,P0064,4,6997,15,23789.8,7765.8
OD006420,O02575,P0039,2,7839,10,14110.2,3304.2
OD006421,O02576,P0022,4,5467,10,19681.2,9605.2
OD006422,O02576,P0046,4,10496,15,35686.4,16058.4
OD006423,O02576,P0023,1,12189,5,11579.55,5985.55
OD006424,O02577,P0074,1,4472,10,4024.8,864.8
OD006425,O02578,P0041,4,8569,20,27420.8,8200.8
OD006426,O02578,P0044,1,1630,20,1304.0,66.0
OD006427,O02578,P0056,2,14270,20,22832.0,9722.0
OD006428,O02578,P0005,3,526,5,1499.1,632.1
OD006429,O02579,P0030,3,10331,20,24794.4,7079.4
OD006430,O02579,P0065,3,1750,5,4987.5,1345.5
OD006431,O02579,P0005,4,526,10,1893.6,737.6
OD006432,O02579,P0057,2,4846,10,8722.8,3014.8
OD006433,O02580,P0013,1,1311,10,1179.9,578.9
OD006434,O02580,P0079,1,11587,15,9848.95,4415.95
OD006435,O02580,P0030,3,10331,5,29443.35,11728.35
OD006436,O02581,P0003,3,319,15,813.45,27.45
OD006437,O02581,P0078,4,2727,25,8181.0,1289.0
OD006438,O02581,P0051,1,8105,5,7699.75,3153.75
OD006439,O02581,P0037,3,4495,15,11462.25,3770.25
OD006440,O02582,P0029,1,8916,10,8024.4,1952.4
OD006441,O02582,P0039,2,7839,5,14894.1,4088.1
OD006442,O02582,P0079,1,11587,0,11587.0,6154.0
OD006443,O02583,P0016,3,7194,15,18344.7,7472.7
OD006444,O02584,P0004,2,3517,10,6330.6,1274.6
OD006445,O02584,P0062,1,6552,25,4914.0,1088.0
OD006446,O02584,P0026,2,9610,15,16337.0,3909.0
OD006447,O02585,P0054,3,7011,5,19981.35,9058.35
OD006448,O02585,P0037,3,4495,10,12136.5,4444.5
OD006449,O02586,P0044,4,1630,15,5542.0,590.0
OD006450,O02587,P0008,4,9277,20,29686.4,4042.4
OD006451,O02588,P0028,1,3631,25,2723.25,139.25
OD006452,O02588,P0062,3,6552,5,18673.2,7195.2
OD006453,O02588,P0027,4,4363,0,17452.0,3752.0
OD006454,O02589,P0066,4,3382,5,12851.6,3215.6
OD006455,O02589,P0043,3,3251,0,9753.0,1638.0
OD006456,O02590,P0010,3,6288,0,18864.0,6561.0
OD006457,O02590,P0006,2,5410,15,9197.0,2561.0
OD006458,O02590,P0008,3,9277,5,26439.45,7206.45
OD006459,O02591,P0015,3,6239,10,16845.3,3465.3
OD006460,O02591,P0021,1,12927,0,12927.0,6989.0
OD006461,O02591,P0017,4,10962,5,41655.6,21635.6
OD006462,O02591,P0005,1,526,15,447.1,158.1
OD006463,O02592,P0068,1,375,10,337.5,37.5
OD006464,O02592,P0020,1,1983,10,1784.7,219.7
OD006465,O02593,P0066,4,3382,20,10822.4,1186.4
OD006466,O02593,P0022,4,5467,10,19681.2,9605.2
OD006467,O02593,P0008,1,9277,0,9277.0,2866.0
OD006468,O02593,P0046,2,10496,15,17843.2,8029.2
OD006469,O02594,P0011,4,7617,5,28944.6,9060.6
OD006470,O02594,P0080,4,13672,10,49219.2,21691.2
OD006471,O02594,P0075,2,2498,15,4246.6,1578.6
OD006472,O02595,P0003,1,319,25,239.25,-22.75
OD006473,O02595,P0051,2,8105,15,13778.5,4686.5
OD006474,O02595,P0014,3,10018,0,30054.0,13995.0
OD006475,O02596,P0059,4,7607,10,27385.2,12825.2
OD006476,O02596,P0012,4,2280,0,9120.0,2628.0
OD006477,O02596,P0042,1,8402,10,7561.8,1849.8
OD006478,O02597,P0035,4,3553,15,12080.2,1080.2
OD006479,O02597,P0052,4,1682,10,6055.2,2191.2
OD006480,O02597,P0073,3,3981,5,11345.85,4145.85
OD006481,O02598,P0002,3,8892,5,25342.2,11107.2
OD006482,O02599,P0081,3,4694,10,12673.8,4921.8
OD006483,O02599,P0010,3,6288,10,16977.6,4674.6
OD006484,O02599,P0014,1,10018,25,7513.5,2160.5
OD006485,O02599,P0002,3,8892,15,22674.6,8439.6
OD006486,O02600,P0011,3,7617,10,20565.9,5652.9
OD006487,O02600,P0058,3,3214,15,8195.7,2291.7
OD006488,O02601,P0030,2,10331,10,18595.8,6785.8
OD006489,O02601,P0007,4,9936,5,37756.8,12984.8
OD006490,O02601,P0078,4,2727,15,9271.8,2379.8
OD006491,O02601,P0045,2,8473,5,16098.7,3590.7
OD006492,O02602,P0053,2,500,10,900.0,436.0
OD006493,O02602,P0073,1,3981,5,3781.95,1381.95
OD006494,O02603,P0037,3,4495,15,11462.25,3770.25
OD006495,O02603,P0073,3,3981,5,11345.85,4145.85
OD006496,O02604,P0013,4,1311,5,4981.8,2577.8
OD006497,O02605,P0022,4,5467,10,19681.2,9605.2
OD006498,O02605,P0079,3,11587,15,29546.85,13247.85
OD006499,O02605,P0032,2,11145,20,17832.0,5416.0
OD006500,O02606,P0018,1,8947,10,8052.3,1991.3
OD006501,O02607,P0017,1,10962,5,10413.9,5408.9
OD006502,O02608,P0032,2,11145,10,20061.0,7645.0
OD006503,O02608,P0065,1,1750,15,1487.5,273.5
OD006504,O02608,P0004,1,3517,10,3165.3,637.3
OD006505,O02609,P0001,2,8847,20,14155.2,4475.2
OD006506,O02609,P0026,3,9610,10,25947.0,7305.0
OD006507,O02609,P0024,2,9546,5,18137.4,8285.4
OD006508,O02609,P0023,1,12189,10,10970.1,5376.1
OD006509,O02610,P0042,4,8402,5,31927.6,9079.6
OD006510,O02610,P0060,4,3201,0,12804.0,6748.0
OD006511,O02610,P0007,2,9936,25,14904.0,2518.0
OD006512,O02611,P0060,1,3201,10,2880.9,1366.9
OD006513,O02611,P0020,3,1983,15,5056.65,361.65
OD006514,O02611,P0065,3,1750,15,4462.5,820.5
OD006515,O02611,P0004,4,3517,10,12661.2,2549.2
OD006516,O02612,P0027,2,4363,25,6544.5,-305.5
OD006517,O02613,P0034,3,8273,0,24819.0,5250.0
OD006518,O02613,P0030,4,10331,20,33059.2,9439.2
OD006519,O02613,P0078,1,2727,5,2590.65,867.65
OD006520,O02614,P0013,3,1311,10,3539.7,1736.7
OD006521,O02614,P0060,1,3201,5,3040.95,1526.95
OD006522,O02615,P0021,3,12927,5,36841.95,19027.95
OD006523,O02615,P0041,4,8569,5,32562.2,13342.2
OD006524,O02615,P0071,4,8287,10,29833.2,7293.2
OD006525,O02616,P0056,4,14270,0,57080.0,30860.0
OD006526,O02617,P0062,3,6552,5,18673.2,7195.2
OD006527,O02618,P0023,2,12189,10,21940.2,10752.2
OD006528,O02618,P0002,3,8892,15,22674.6,8439.6
OD006529,O02618,P0065,4,1750,10,6300.0,1444.0
OD006530,O02619,P0064,4,6997,10,25189.2,9165.2
OD006531,O02620,P0024,1,9546,15,8114.1,3188.1
OD006532,O02621,P0030,1,10331,25,7748.25,1843.25
OD006533,O02621,P0017,3,10962,10,29597.4,14582.4
OD006534,O02622,P0025,2,6585,10,11853.0,4463.0
OD006535,O02622,P0024,3,9546,20,22910.4,8132.4
OD006536,O02622,P0010,4,6288,25,18864.0,2460.0
OD006537,O02623,P0074,1,4472,15,3801.2,641.2
OD006538,O02623,P0038,4,5709,25,17127.0,5131.0
OD006539,O02623,P0073,2,3981,10,7165.8,2365.8
OD006540,O02623,P0077,2,3416,0,6832.0,3480.0
OD006541,O02624,P0016,2,7194,15,12229.8,4981.8
OD006542,O02624,P0011,2,7617,5,14472.3,4530.3
OD006543,O02624,P0008,1,9277,5,8813.15,2402.15
OD006544,O02624,P0058,3,3214,10,8677.8,2773.8
OD006545,O02625,P0019,3,6155,5,17541.75,8808.75
OD006546,O02626,P0005,2,526,20,841.6,263.6
OD006547,O02626,P0020,3,1983,20,4759.2,64.2
OD006548,O02626,P0023,4,12189,5,46318.2,23942.2
OD006549,O02627,P0042,4,8402,20,26886.4,4038.4
OD006550,O02627,P0020,4,1983,10,7138.8,878.8
OD006551,O02627,P0011,2,7617,20,12187.2,2245.2
OD006552,O02627,P0079,1,11587,5,11007.65,5574.65
OD006553,O02628,P0069,3,6924,10,18694.8,1579.8
OD006554,O02629,P0036,1,8476,15,7204.6,2556.6
OD006555,O02629,P0016,3,7194,5,20502.9,9630.9
OD006556,O02629,P0010,1,6288,10,5659.2,1558.2
OD006557,O02630,P0053,3,500,10,1350.0,654.0
OD006558,O02631,P0078,3,2727,15,6953.85,1784.85
OD006559,O02632,P0078,4,2727,25,8181.0,1289.0
OD006560,O02633,P0012,1,2280,25,1710.0,87.0
OD006561,O02633,P0007,3,9936,5,28317.6,9738.6
OD006562,O02633,P0022,4,5467,20,17494.4,7418.4
OD006563,O02633,P0051,2,8105,20,12968.0,3876.0
OD006564,O02634,P0074,2,4472,10,8049.6,1729.6
OD006565,O02635,P0030,3,10331,20,24794.4,7079.4
OD006566,O02636,P0067,3,3128,20,7507.2,799.2
OD006567,O02636,P0027,1,4363,20,3490.4,65.4
OD006568,O02636,P0068,1,375,10,337.5,37.5
OD006569,O02636,P0051,1,8105,5,7699.75,3153.75
OD006570,O02637,P0054,4,7011,0,28044.0,13480.0
OD006571,O02638,P0017,4,10962,5,41655.6,21635.6
OD006572,O02639,P0059,1,7607,5,7226.65,3586.65
OD006573,O02640,P0035,4,3553,5,13501.4,2501.4
OD006574,O02640,P0014,3,10018,5,28551.3,12492.3
OD006575,O02640,P0046,1,10496,10,9446.4,4539.4
OD006576,O02640,P0074,2,4472,15,7602.4,1282.4
OD006577,O02641,P0026,4,9610,0,38440.0,13584.0
OD006578,O02641,P0058,3,3214,5,9159.9,3255.9
OD006579,O02642,P0079,2,11587,0,23174.0,12308.0
OD006580,O02642,P0005,4,526,10,1893.6,737.6
OD006581,O02642,P0002,2,8892,15,15116.4,5626.4
OD006582,O02642,P0078,3,2727,10,7362.9,2193.9
OD006583,O02643,P0023,3,12189,0,36567.0,19785.0
OD006584,O02644,P0030,3,10331,10,27893.7,10178.7
OD006585,O02644,P0061,4,6727,10,24217.2,5769.2
OD006586,O02645,P0024,4,9546,15,32456.4,12752.4
OD006587,O02646,P0036,2,8476,10,15256.8,5960.8
OD006588,O02646,P0058,1,3214,20,2571.2,603.2
OD006589,O02647,P0081,2,4694,10,8449.2,3281.2
OD006590,O02647,P0073,3,3981,15,10151.55,2951.55
OD006591,O02647,P0019,4,6155,15,20927.0,9283.0
OD006592,O02647,P0041,1,8569,5,8140.55,3335.55
OD006593,O02648,P0066,2,3382,20,5411.2,593.2
OD006594,O02649,P0016,1,7194,15,6114.9,2490.9
OD006595,O02649,P0040,4,6601,5,25083.8,9087.8
OD006596,O02650,P0062,2,6552,10,11793.6,4141.6
OD006597,O02650,P0054,3,7011,10,18929.7,8006.7
OD006598,O02650,P0050,4,791,15,2689.4,957.4
OD006599,O02650,P0071,2,8287,10,14916.6,3646.6
OD006600,O02651,P0059,2,7607,10,13692.6,6412.6
OD006601,O02651,P0007,3,9936,0,29808.0,11229.0
OD006602,O02652,P0043,1,3251,10,2925.9,220.9
OD006603,O02652,P0015,4,6239,20,19964.8,2124.8
OD006604,O02653,P0034,1,8273,5,7859.35,1336.35
OD006605,O02654,P0004,2,3517,0,7034.0,1978.0
OD006606,O02654,P0031,2,14006,0,28012.0,15094.0
OD006607,O02655,P0071,4,8287,25,24861.0,2321.0
OD006608,O02655,P0029,4,8916,5,33880.8,9592.8
OD006609,O02656,P0001,4,8847,10,31849.2,12489.2
OD006610,O02656,P0008,2,9277,5,17626.3,4804.3
OD006611,O02656,P0079,3,11587,20,27808.8,11509.8
OD006612,O02656,P0032,3,11145,10,30091.5,11467.5
OD006613,O02657,P0049,1,4908,0,4908.0,2297.0
OD006614,O02657,P0057,2,4846,25,7269.0,1561.0
OD006615,O02657,P0066,3,3382,20,8116.8,889.8
OD006616,O02658,P0041,2,8569,25,12853.5,3243.5
OD006617,O02658,P0012,4,2280,15,7752.0,1260.0
OD006618,O02658,P0076,4,7205,20,23056.0,4724.0
OD006619,O02658,P0069,1,6924,20,5539.2,-165.8
OD006620,O02659,P0052,1,1682,20,1345.6,379.6
OD006621,O02659,P0026,2,9610,10,17298.0,4870.0
OD006622,O02659,P0027,1,4363,15,3708.55,283.55
OD006623,O02659,P0050,3,791,0,2373.0,1074.0
OD006624,O02660,P0002,2,8892,5,16894.8,7404.8
OD006625,O02660,P0032,2,11145,0,22290.0,9874.0
OD006626,O02660,P0025,4,6585,25,19755.0,4975.0
OD006627,O02661,P0046,2,10496,20,16793.6,6979.6
OD006628,O02661,P0014,1,10018,0,10018.0,4665.0
OD006629,O02661,P0027,1,4363,5,4144.85,719.85
OD006630,O02661,P0012,3,2280,25,5130.0,261.0
OD006631,O02662,P0051,4,8105,10,29178.0,10994.0
OD006632,O02662,P0042,3,8402,10,22685.4,5549.4
OD006633,O02663,P0043,1,3251,10,2925.9,220.9
OD006634,O02664,P0039,4,7839,10,28220.4,6608.4
OD006635,O02664,P0014,1,10018,0,10018.0,4665.0
OD006636,O02664,P0030,4,10331,20,33059.2,9439.2
OD006637,O02664,P0036,4,8476,15,28818.4,10226.4
OD006638,O02665,P0037,3,4495,20,10788.0,3096.0
OD006639,O02665,P0066,1,3382,10,3043.8,634.8
OD006640,O02666,P0019,3,6155,15,15695.25,6962.25
OD006641,O02666,P0017,3,10962,20,26308.8,11293.8
OD006642,O02666,P0048,2,3582,5,6805.8,2879.8
OD006643,O02667,P0037,1,4495,20,3596.0,1032.0
OD006644,O02667,P0021,4,12927,20,41366.4,17614.4
OD006645,O02668,P0068,4,375,0,1500.0,300.0
OD006646,O02669,P0074,3,4472,10,12074.4,2594.4
OD006647,O02669,P0065,2,1750,20,2800.0,372.0
OD006648,O02669,P0075,3,2498,10,6744.6,2742.6
OD006649,O02670,P0026,4,9610,15,32674.0,7818.0
OD006650,O02670,P0047,1,4367,15,3711.95,597.95
OD006651,O02670,P0046,2,10496,20,16793.6,6979.6
OD006652,O02671,P0031,3,14006,15,35715.3,16338.3
OD006653,O02671,P0005,3,526,15,1341.3,474.3
OD006654,O02672,P0026,3,9610,15,24505.5,5863.5
OD006655,O02673,P0010,1,6288,15,5344.8,1243.8
OD006656,O02673,P0076,3,7205,5,20534.25,6785.25
OD006657,O02673,P0072,3,10954,20,26289.6,10722.6
OD006658,O02673,P0023,2,12189,20,19502.4,8314.4
OD006659,O02674,P0073,2,3981,15,6767.7,1967.7
OD006660,O02674,P0069,1,6924,5,6577.8,872.8
OD006661,O02675,P0048,3,3582,5,10208.7,4319.7
OD006662,O02675,P0028,3,3631,15,9259.05,1507.05
OD006663,O02676,P0044,3,1630,20,3912.0,198.0
OD006664,O02676,P0063,2,5568,5,10579.2,4355.2
OD006665,O02676,P0007,4,9936,20,31795.2,7023.2
OD006666,O02677,P0010,2,6288,5,11947.2,3745.2
OD006667,O02677,P0022,3,5467,10,14760.9,7203.9
OD006668,O02678,P0051,2,8105,15,13778.5,4686.5
OD006669,O02679,P0026,2,9610,15,16337.0,3909.0
OD006670,O02679,P0068,3,375,10,1012.5,112.5
OD006671,O02680,P0046,4,10496,15,35686.4,16058.4
OD006672,O02680,P0031,2,14006,0,28012.0,15094.0
OD006673,O02681,P0051,4,8105,10,29178.0,10994.0
OD006674,O02682,P0012,4,2280,15,7752.0,1260.0
OD006675,O02682,P0054,3,7011,15,17878.05,6955.05
OD006676,O02683,P0026,4,9610,5,36518.0,11662.0
OD006677,O02683,P0037,1,4495,10,4045.5,1481.5
OD006678,O02684,P0013,1,1311,10,1179.9,578.9
OD006679,O02684,P0075,4,2498,0,9992.0,4656.0
OD006680,O02684,P0033,4,5694,5,21637.2,3781.2
OD006681,O02684,P0050,1,791,15,672.35,239.35
OD006682,O02685,P0032,2,11145,10,20061.0,7645.0
OD006683,O02685,P0006,1,5410,5,5139.5,1821.5
OD006684,O02686,P0030,4,10331,15,35125.4,11505.4
OD006685,O02686,P0038,4,5709,10,20552.4,8556.4
OD006686,O02687,P0030,3,10331,25,23244.75,5529.75
OD006687,O02687,P0023,1,12189,20,9751.2,4157.2
OD006688,O02687,P0044,3,1630,10,4401.0,687.0
OD006689,O02687,P0021,3,12927,0,38781.0,20967.0
OD006690,O02688,P0036,3,8476,10,22885.2,8941.2
OD006691,O02688,P0064,4,6997,10,25189.2,9165.2
OD006692,O02688,P0062,1,6552,5,6224.4,2398.4
OD006693,O02688,P0043,3,3251,10,8777.7,662.7
OD006694,O02689,P0020,2,1983,10,3569.4,439.4
OD006695,O02690,P0045,3,8473,15,21606.15,2844.15
OD006696,O02690,P0019,4,6155,20,19696.0,8052.0
OD006697,O02690,P0072,1,10954,0,10954.0,5765.0
OD006698,O02691,P0073,2,3981,15,6767.7,1967.7
OD006699,O02692,P0008,2,9277,10,16698.6,3876.6
OD006700,O02692,P0045,3,8473,10,22877.1,4115.1
OD006701,O02692,P0040,2,6601,5,12541.9,4543.9
OD006702,O02692,P0078,3,2727,10,7362.9,2193.9
OD006703,O02693,P0056,2,14270,0,28540.0,15430.0
OD006704,O02694,P0044,3,1630,20,3912.0,198.0
OD006705,O02694,P0033,1,5694,25,4270.5,-193.5
OD006706,O02694,P0014,1,10018,0,10018.0,4665.0
OD006707,O02694,P0002,3,8892,25,20007.0,5772.0
OD006708,O02695,P0019,2,6155,25,9232.5,3410.5
OD006709,O02696,P0006,4,5410,0,21640.0,8368.0
OD006710,O02696,P0082,2,2255,5,4284.5,1956.5
OD006711,O02697,P0068,3,375,10,1012.5,112.5
OD006712,O02698,P0058,2,3214,10,5785.2,1849.2
OD006713,O02699,P0071,4,8287,5,31490.6,8950.6
OD006714,O02699,P0035,1,3553,15,3020.05,270.05
OD006715,O02700,P0053,1,500,10,450.0,218.0
OD006716,O02701,P0035,4,3553,5,13501.4,2501.4
OD006717,O02702,P0030,1,10331,0,10331.0,4426.0
OD006718,O02702,P0026,3,9610,5,27388.5,8746.5
OD006719,O02703,P0015,1,6239,10,5615.1,1155.1
OD006720,O02703,P0040,3,6601,5,18812.85,6815.85
OD006721,O02703,P0059,1,7607,5,7226.65,3586.65
OD006722,O02703,P0035,2,3553,5,6750.7,1250.7
OD006723,O02704,P0017,2,10962,15,18635.4,8625.4
OD006724,O02704,P0057,2,4846,10,8722.8,3014.8
OD006725,O02704,P0048,1,3582,0,3582.0,1619.0
OD006726,O02704,P0013,3,1311,5,3736.35,1933.35
OD006727,O02705,P0048,2,3582,5,6805.8,2879.8
OD006728,O02705,P0022,1,5467,15,4646.95,2127.95
OD006729,O02705,P0075,3,2498,0,7494.0,3492.0
OD006730,O02705,P0071,3,8287,15,21131.85,4226.85
OD006731,O02706,P0053,1,500,20,400.0,168.0
OD006732,O02706,P0058,1,3214,5,3053.3,1085.3
OD006733,O02706,P0042,4,8402,5,31927.6,9079.6
OD006734,O02707,P0028,2,3631,20,5809.6,641.6
OD006735,O02707,P0080,2,13672,10,24609.6,10845.6
OD006736,O02707,P0007,2,9936,15,16891.2,4505.2
OD006737,O02708,P0039,1,7839,20,6271.2,868.2
OD006738,O02709,P0036,3,8476,5,24156.6,10212.6
OD006739,O02709,P0045,3,8473,10,22877.1,4115.1
OD006740,O02709,P0009,1,4834,20,3867.2,613.2
OD006741,O02710,P0044,1,1630,5,1548.5,310.5
OD006742,O02710,P0040,3,6601,10,17822.7,5825.7
OD006743,O02711,P0074,3,4472,20,10732.8,1252.8
OD006744,O02711,P0007,2,9936,5,18878.4,6492.4
OD006745,O02711,P0005,4,526,10,1893.6,737.6
OD006746,O02711,P0060,1,3201,0,3201.0,1687.0
OD006747,O02712,P0008,4,9277,15,31541.8,5897.8
OD006748,O02712,P0067,3,3128,15,7976.4,1268.4
OD006749,O02712,P0074,4,4472,5,16993.6,4353.6
OD006750,O02712,P0064,3,6997,10,18891.9,6873.9
OD006751,O02713,P0033,4,5694,5,21637.2,3781.2
OD006752,O02714,P0060,4,3201,0,12804.0,6748.0
OD006753,O02714,P0002,2,8892,5,16894.8,7404.8
OD006754,O02714,P0047,3,4367,20,10480.8,1138.8
OD006755,O02715,P0057,2,4846,15,8238.2,2530.2
OD006756,O02715,P0058,4,3214,5,12213.2,4341.2
OD006757,O02715,P0002,1,8892,0,8892.0,4147.0
OD006758,O02715,P0049,1,4908,20,3926.4,1315.4
OD006759,O02716,P0014,2,10018,10,18032.4,7326.4
OD006760,O02716,P0032,4,11145,10,40122.0,15290.0
OD006761,O02716,P0054,3,7011,5,19981.35,9058.35
OD006762,O02716,P0079,3,11587,0,34761.0,18462.0
OD006763,O02717,P0075,4,2498,10,8992.8,3656.8
OD006764,O02718,P0031,4,14006,10,50421.6,24585.6
OD006765,O02719,P0019,2,6155,0,12310.0,6488.0
OD006766,O02719,P0056,2,14270,15,24259.0,11149.0
OD006767,O02720,P0040,4,6601,5,25083.8,9087.8
OD006768,O02720,P0037,3,4495,15,11462.25,3770.25
OD006769,O02720,P0058,3,3214,0,9642.0,3738.0
OD006770,O02721,P0052,1,1682,10,1513.8,547.8
OD006771,O02721,P0077,1,3416,10,3074.4,1398.4
OD006772,O02722,P0018,4,8947,5,33998.6,9754.6
OD006773,O02722,P0066,1,3382,20,2705.6,296.6
OD006774,O02723,P0003,4,319,15,1084.6,36.6
OD006775,O02723,P0029,4,8916,10,32097.6,7809.6
OD006776,O02723,P0035,4,3553,5,13501.4,2501.4
OD006777,O02724,P0062,1,6552,5,6224.4,2398.4
OD006778,O02725,P0033,3,5694,20,13665.6,273.6
OD006779,O02725,P0041,1,8569,15,7283.65,2478.65
OD006780,O02725,P0004,4,3517,0,14068.0,3956.0
OD006781,O02726,P0016,4,7194,5,27337.2,12841.2
OD006782,O02727,P0037,2,4495,15,7641.5,2513.5
OD006783,O02727,P0028,2,3631,10,6535.8,1367.8
OD006784,O02727,P0007,2,9936,0,19872.0,7486.0
OD006785,O02727,P0073,4,3981,20,12739.2,3139.2
OD006786,O02728,P0023,4,12189,15,41442.6,19066.6
OD006787,O02728,P0066,2,3382,15,5749.4,931.4
OD006788,O02728,P0045,3,8473,5,24148.05,5386.05
OD006789,O02729,P0055,4,3114,10,11210.4,2238.4
OD006790,O02729,P0052,4,1682,15,5718.8,1854.8
OD006791,O02729,P0001,2,8847,10,15924.6,6244.6
OD006792,O02730,P0075,4,2498,5,9492.4,4156.4
OD006793,O02731,P0021,2,12927,15,21975.9,10099.9
OD006794,O02732,P0047,3,4367,15,11135.85,1793.85
OD006795,O02732,P0002,1,8892,20,7113.6,2368.6
OD006796,O02732,P0075,2,2498,5,4746.2,2078.2
OD006797,O02732,P0071,3,8287,0,24861.0,7956.0
OD006798,O02733,P0040,1,6601,0,6601.0,2602.0
OD006799,O02733,P0041,4,8569,15,29134.6,9914.6
OD006800,O02733,P0065,2,1750,20,2800.0,372.0
OD006801,O02734,P0041,4,8569,25,25707.0,6487.0
OD006802,O02735,P0077,1,3416,20,2732.8,1056.8
OD006803,O02735,P0003,1,319,15,271.15,9.15
OD006804,O02735,P0059,4,7607,10,27385.2,12825.2
OD006805,O02735,P0027,2,4363,10,7853.4,1003.4
OD006806,O02736,P0054,1,7011,20,5608.8,1967.8
OD006807,O02737,P0071,3,8287,15,21131.85,4226.85
OD006808,O02737,P0048,3,3582,15,9134.1,3245.1
OD006809,O02737,P0021,1,12927,20,10341.6,4403.6
OD006810,O02737,P0026,1,9610,15,8168.5,1954.5
OD006811,O02738,P0037,1,4495,10,4045.5,1481.5
OD006812,O02738,P0014,2,10018,5,19034.2,8328.2
OD006813,O02739,P0067,1,3128,10,2815.2,579.2
OD006814,O02739,P0050,3,791,5,2254.35,955.35
OD006815,O02739,P0005,2,526,15,894.2,316.2
OD006816,O02740,P0055,4,3114,5,11833.2,2861.2
OD006817,O02740,P0061,2,6727,15,11435.9,2211.9
OD006818,O02741,P0016,3,7194,20,17265.6,6393.6
OD006819,O02741,P0014,4,10018,20,32057.6,10645.6
OD006820,O02741,P0041,4,8569,5,32562.2,13342.2
OD006821,O02742,P0073,4,3981,10,14331.6,4731.6
OD006822,O02743,P0027,4,4363,20,13961.6,261.6
OD006823,O02744,P0072,3,10954,0,32862.0,17295.0
OD006824,O02744,P0013,1,1311,25,983.25,382.25
OD006825,O02745,P0027,1,4363,0,4363.0,938.0
OD006826,O02745,P0066,3,3382,0,10146.0,2919.0
OD006827,O02745,P0051,1,8105,5,7699.75,3153.75
OD006828,O02745,P0063,2,5568,10,10022.4,3798.4
OD006829,O02746,P0010,3,6288,10,16977.6,4674.6
OD006830,O02746,P0039,1,7839,10,7055.1,1652.1
OD006831,O02746,P0073,1,3981,5,3781.95,1381.95
OD006832,O02746,P0015,4,6239,10,22460.4,4620.4
OD006833,O02747,P0036,4,8476,10,30513.6,11921.6
OD006834,O02747,P0009,1,4834,10,4350.6,1096.6
OD006835,O02747,P0017,1,10962,10,9865.8,4860.8
OD006836,O02748,P0014,4,10018,25,30054.0,8642.0
OD006837,O02748,P0065,1,1750,0,1750.0,536.0
OD006838,O02748,P0017,2,10962,0,21924.0,11914.0
OD006839,O02749,P0055,2,3114,15,5293.8,807.8
OD006840,O02749,P0073,2,3981,20,6369.6,1569.6
OD006841,O02749,P0024,1,9546,0,9546.0,4620.0
OD006842,O02750,P0028,3,3631,15,9259.05,1507.05
OD006843,O02750,P0005,3,526,5,1499.1,632.1
OD006844,O02751,P0010,4,6288,10,22636.8,6232.8
OD006845,O02751,P0058,3,3214,5,9159.9,3255.9
OD006846,O02751,P0050,3,791,20,1898.4,599.4
OD006847,O02752,P0018,2,8947,10,16104.6,3982.6
OD006848,O02752,P0036,4,8476,10,30513.6,11921.6
OD006849,O02752,P0082,3,2255,25,5073.75,1581.75
OD006850,O02752,P0012,1,2280,5,2166.0,543.0
OD006851,O02753,P0063,3,5568,15,14198.4,4862.4
OD006852,O02753,P0065,2,1750,5,3325.0,897.0
OD006853,O02753,P0039,2,7839,10,14110.2,3304.2
OD006854,O02753,P0015,1,6239,15,5303.15,843.15
OD006855,O02754,P0082,3,2255,25,5073.75,1581.75
OD006856,O02755,P0063,1,5568,20,4454.4,1342.4
OD006857,O02755,P0064,2,6997,20,11195.2,3183.2
OD006858,O02755,P0013,3,1311,10,3539.7,1736.7
OD006859,O02756,P0032,2,11145,5,21175.5,8759.5
OD006860,O02756,P0005,4,526,10,1893.6,737.6
OD006861,O02757,P0078,3,2727,10,7362.9,2193.9
OD006862,O02758,P0011,3,7617,5,21708.45,6795.45
OD006863,O02758,P0059,4,7607,10,27385.2,12825.2
OD006864,O02758,P0061,4,6727,20,21526.4,3078.4
OD006865,O02759,P0051,2,8105,25,12157.5,3065.5
OD006866,O02759,P0057,4,4846,10,17445.6,6029.6
OD006867,O02759,P0001,3,8847,10,23886.9,9366.9
OD006868,O02760,P0082,3,2255,5,6426.75,2934.75
OD006869,O02760,P0079,4,11587,25,34761.0,13029.0
OD006870,O02760,P0032,1,11145,20,8916.0,2708.0
OD006871,O02761,P0059,3,7607,0,22821.0,11901.0
OD006872,O02762,P0033,3,5694,15,14519.7,1127.7
OD006873,O02762,P0045,1,8473,5,8049.35,1795.35
OD006874,O02762,P0038,2,5709,15,9705.3,3707.3
OD006875,O02763,P0025,3,6585,20,15804.0,4719.0
OD006876,O02763,P0044,3,1630,0,4890.0,1176.0
OD006877,O02763,P0078,2,2727,5,5181.3,1735.3
OD006878,O02764,P0048,1,3582,5,3402.9,1439.9
OD006879,O02764,P0051,1,8105,10,7294.5,2748.5
OD006880,O02764,P0031,1,14006,10,12605.4,6146.4
OD006881,O02764,P0078,2,2727,15,4635.9,1189.9
OD006882,O02765,P0003,4,319,5,1212.2,164.2
OD006883,O02765,P0078,3,2727,20,6544.8,1375.8
OD006884,O02765,P0039,1,7839,10,7055.1,1652.1
OD006885,O02765,P0008,3,9277,5,26439.45,7206.45
OD006886,O02766,P0018,3,8947,5,25498.95,7315.95
OD006887,O02766,P0080,4,13672,0,54688.0,27160.0
OD006888,O02766,P0040,3,6601,0,19803.0,7806.0
OD006889,O02767,P0027,3,4363,0,13089.0,2814.0
OD006890,O02767,P0055,2,3114,15,5293.8,807.8
OD006891,O02767,P0021,1,12927,15,10987.95,5049.95
OD006892,O02768,P0074,1,4472,25,3354.0,194.0
OD006893,O02768,P0011,4,7617,5,28944.6,9060.6
OD006894,O02768,P0028,3,3631,15,9259.05,1507.05
OD006895,O02768,P0001,3,8847,15,22559.85,8039.85
OD006896,O02769,P0071,1,8287,10,7458.3,1823.3
OD006897,O02769,P0034,3,8273,15,21096.15,1527.15
OD006898,O02770,P0010,1,6288,10,5659.2,1558.2
OD006899,O02770,P0012,4,2280,20,7296.0,804.0
OD006900,O02770,P0015,1,6239,15,5303.15,843.15
OD006901,O02770,P0019,4,6155,0,24620.0,12976.0
OD006902,O02771,P0005,1,526,25,394.5,105.5
OD006903,O02772,P0029,1,8916,15,7578.6,1506.6
OD006904,O02772,P0023,1,12189,15,10360.65,4766.65
OD006905,O02773,P0040,4,6601,10,23763.6,7767.6
OD006906,O02773,P0059,2,7607,10,13692.6,6412.6
OD006907,O02773,P0006,4,5410,10,19476.0,6204.0
OD006908,O02773,P0076,2,7205,5,13689.5,4523.5
OD006909,O02774,P0058,4,3214,25,9642.0,1770.0
OD006910,O02774,P0002,1,8892,0,8892.0,4147.0
OD006911,O02775,P0006,1,5410,15,4598.5,1280.5
OD006912,O02776,P0036,3,8476,10,22885.2,8941.2
OD006913,O02777,P0021,3,12927,5,36841.95,19027.95
OD006914,O02777,P0020,3,1983,25,4461.75,-233.25
OD006915,O02778,P0074,1,4472,15,3801.2,641.2
OD006916,O02778,P0058,2,3214,20,5142.4,1206.4
OD006917,O02778,P0023,3,12189,5,34738.65,17956.65
OD006918,O02779,P0039,2,7839,5,14894.1,4088.1
OD006919,O02779,P0071,4,8287,10,29833.2,7293.2
OD006920,O02780,P0022,2,5467,10,9840.6,4802.6
OD006921,O02780,P0067,3,3128,20,7507.2,799.2
OD006922,O02780,P0043,1,3251,0,3251.0,546.0
OD006923,O02780,P0016,1,7194,20,5755.2,2131.2
OD006924,O02781,P0063,3,5568,5,15868.8,6532.8
OD006925,O02782,P0061,4,6727,20,21526.4,3078.4
OD006926,O02782,P0075,4,2498,10,8992.8,3656.8
OD006927,O02782,P0022,1,5467,5,5193.65,2674.65
OD006928,O02782,P0004,4,3517,20,11254.4,1142.4
OD006929,O02783,P0023,4,12189,10,43880.4,21504.4
OD006930,O02783,P0042,4,8402,10,30247.2,7399.2
OD006931,O02784,P0045,1,8473,20,6778.4,524.4
OD006932,O02784,P0025,2,6585,15,11194.5,3804.5
OD006933,O02784,P0080,3,13672,15,34863.6,14217.6
OD006934,O02784,P0017,4,10962,10,39463.2,19443.2
OD006935,O02785,P0028,2,3631,20,5809.6,641.6
OD006936,O02786,P0033,2,5694,20,9110.4,182.4
OD006937,O02786,P0034,1,8273,5,7859.35,1336.35
OD006938,O02787,P0080,2,13672,0,27344.0,13580.0
OD006939,O02788,P0029,1,8916,0,8916.0,2844.0
OD006940,O02788,P0027,4,4363,15,14834.2,1134.2
OD006941,O02788,P0080,1,13672,15,11621.2,4739.2
OD006942,O02789,P0048,4,3582,15,12178.8,4326.8
OD006943,O02789,P0074,1,4472,5,4248.4,1088.4
OD006944,O02790,P0077,3,3416,10,9223.2,4195.2
OD006945,O02790,P0072,2,10954,15,18621.8,8243.8
OD006946,O02790,P0014,3,10018,15,25545.9,9486.9
OD006947,O02790,P0071,1,8287,10,7458.3,1823.3
OD006948,O02791,P0056,4,14270,10,51372.0,25152.0
OD006949,O02791,P0033,3,5694,10,15373.8,1981.8
OD006950,O02791,P0048,4,3582,20,11462.4,3610.4
OD006951,O02792,P0069,2,6924,0,13848.0,2438.0
OD006952,O02792,P0001,1,8847,10,7962.3,3122.3
OD006953,O02792,P0008,2,9277,15,15770.9,2948.9
OD006954,O02792,P0075,2,2498,25,3747.0,1079.0
OD006955,O02793,P0028,1,3631,20,2904.8,320.8
OD006956,O02793,P0030,1,10331,10,9297.9,3392.9
OD006957,O02793,P0050,1,791,5,751.45,318.45
OD006958,O02794,P0021,3,12927,20,31024.8,13210.8
OD006959,O02794,P0045,1,8473,5,8049.35,1795.35
OD006960,O02795,P0003,2,319,15,542.3,18.3
OD006961,O02795,P0064,4,6997,25,20991.0,4967.0
OD006962,O02795,P0069,4,6924,0,27696.0,4876.0
OD006963,O02795,P0039,1,7839,0,7839.0,2436.0
OD006964,O02796,P0067,4,3128,15,10635.2,1691.2
OD006965,O02796,P0068,4,375,15,1275.0,75.0
OD006966,O02796,P0022,3,5467,10,14760.9,7203.9
OD006967,O02797,P0070,4,9093,25,27279.0,3903.0
OD006968,O02797,P0005,2,526,15,894.2,316.2
OD006969,O02797,P0048,1,3582,10,3223.8,1260.8
OD006970,O02797,P0044,4,1630,0,6520.0,1568.0
OD006971,O02798,P0033,2,5694,10,10249.2,1321.2
OD006972,O02798,P0049,4,4908,0,19632.0,9188.0
OD006973,O02799,P0045,3,8473,15,21606.15,2844.15
OD006974,O02799,P0034,4,8273,5,31437.4,5345.4
OD006975,O02800,P0059,2,7607,10,13692.6,6412.6
OD006976,O02800,P0029,4,8916,20,28531.2,4243.2
OD006977,O02800,P0018,1,8947,15,7604.95,1543.95
OD006978,O02800,P0030,4,10331,15,35125.4,11505.4
OD006979,O02801,P0047,4,4367,15,14847.8,2391.8
OD006980,O02801,P0060,4,3201,15,10883.4,4827.4
OD006981,O02801,P0022,4,5467,5,20774.6,10698.6
OD006982,O02802,P0065,4,1750,5,6650.0,1794.0
OD006983,O02802,P0010,1,6288,10,5659.2,1558.2
OD006984,O02802,P0013,1,1311,10,1179.9,578.9
OD006985,O02803,P0064,2,6997,5,13294.3,5282.3
OD006986,O02803,P0062,2,6552,10,11793.6,4141.6
OD006987,O02803,P0037,1,4495,15,3820.75,1256.75
OD006988,O02803,P0060,3,3201,15,8162.55,3620.55
OD006989,O02804,P0028,4,3631,20,11619.2,1283.2
OD006990,O02805,P0042,2,8402,10,15123.6,3699.6
OD006991,O02805,P0072,4,10954,0,43816.0,23060.0
OD006992,O02806,P0038,3,5709,10,15414.3,6417.3
OD006993,O02807,P0028,4,3631,10,13071.6,2735.6
OD006994,O02807,P0063,4,5568,15,18931.2,6483.2
OD006995,O02807,P0038,2,5709,0,11418.0,5420.0
OD006996,O02808,P0003,2,319,15,542.3,18.3
OD006997,O02808,P0047,1,4367,10,3930.3,816.3
OD006998,O02809,P0022,2,5467,20,8747.2,3709.2
OD006999,O02809,P0027,1,4363,15,3708.55,283.55
OD007000,O02810,P0033,4,5694,15,19359.6,1503.6
OD007001,O02810,P0018,3,8947,10,24156.9,5973.9
OD007002,O02810,P0006,4,5410,20,17312.0,4040.0
OD007003,O02811,P0063,1,5568,15,4732.8,1620.8
OD007004,O02811,P0080,3,13672,15,34863.6,14217.6
OD007005,O02812,P0038,2,5709,15,9705.3,3707.3
OD007006,O02812,P0047,4,4367,10,15721.2,3265.2
OD007007,O02812,P0071,3,8287,10,22374.9,5469.9
OD007008,O02812,P0051,4,8105,0,32420.0,14236.0
OD007009,O02813,P0081,2,4694,5,8918.6,3750.6
OD007010,O02813,P0071,1,8287,5,7872.65,2237.65
OD007011,O02813,P0057,3,4846,15,12357.3,3795.3
OD007012,O02813,P0017,2,10962,5,20827.8,10817.8
OD007013,O02814,P0077,1,3416,10,3074.4,1398.4
OD007014,O02815,P0020,1,1983,20,1586.4,21.4
OD007015,O02815,P0037,2,4495,0,8990.0,3862.0
OD007016,O02815,P0066,1,3382,10,3043.8,634.8
OD007017,O02816,P0078,1,2727,10,2454.3,731.3
OD007018,O02817,P0044,4,1630,20,5216.0,264.0
OD007019,O02818,P0017,4,10962,10,39463.2,19443.2
OD007020,O02818,P0066,1,3382,0,3382.0,973.0
OD007021,O02819,P0046,1,10496,5,9971.2,5064.2
OD007022,O02820,P0024,1,9546,15,8114.1,3188.1
OD007023,O02820,P0004,2,3517,5,6682.3,1626.3
OD007024,O02821,P0017,4,10962,10,39463.2,19443.2
OD007025,O02821,P0082,2,2255,10,4059.0,1731.0
OD007026,O02821,P0027,3,4363,15,11125.65,850.65
OD007027,O02822,P0065,2,1750,10,3150.0,722.0
OD007028,O02823,P0077,4,3416,15,11614.4,4910.4
OD007029,O02823,P0069,1,6924,20,5539.2,-165.8
OD007030,O02823,P0048,2,3582,10,6447.6,2521.6
OD007031,O02824,P0075,1,2498,5,2373.1,1039.1
OD007032,O02824,P0050,4,791,25,2373.0,641.0
OD007033,O02825,P0017,4,10962,20,35078.4,15058.4
OD007034,O02825,P0057,3,4846,5,13811.1,5249.1
OD007035,O02826,P0079,3,11587,10,31284.9,14985.9
OD007036,O02826,P0054,2,7011,0,14022.0,6740.0
OD007037,O02827,P0007,3,9936,0,29808.0,11229.0
OD007038,O02828,P0082,1,2255,0,2255.0,1091.0
OD007039,O02828,P0032,3,11145,15,28419.75,9795.75
OD007040,O02829,P0050,4,791,20,2531.2,799.2
OD007041,O02829,P0079,3,11587,15,29546.85,13247.85
OD007042,O02830,P0066,1,3382,10,3043.8,634.8
OD007043,O02830,P0042,1,8402,10,7561.8,1849.8
OD007044,O02830,P0078,4,2727,20,8726.4,1834.4
OD007045,O02830,P0012,2,2280,5,4332.0,1086.0
OD007046,O02831,P0081,3,4694,10,12673.8,4921.8
OD007047,O02831,P0017,3,10962,10,29597.4,14582.4
OD007048,O02831,P0043,4,3251,20,10403.2,-416.8
OD007049,O02831,P0005,4,526,10,1893.6,737.6
OD007050,O02832,P0061,3,6727,10,18162.9,4326.9
OD007051,O02832,P0043,4,3251,5,12353.8,1533.8
OD007052,O02832,P0053,3,500,20,1200.0,504.0
OD007053,O02833,P0041,2,8569,5,16281.1,6671.1
OD007054,O02833,P0055,1,3114,5,2958.3,715.3
OD007055,O02834,P0055,4,3114,5,11833.2,2861.2
OD007056,O02834,P0009,3,4834,0,14502.0,4740.0
OD007057,O02834,P0074,4,4472,10,16099.2,3459.2
OD007058,O02835,P0061,3,6727,10,18162.9,4326.9
OD007059,O02835,P0052,2,1682,20,2691.2,759.2
OD007060,O02836,P0065,3,1750,25,3937.5,295.5
OD007061,O02836,P0004,3,3517,10,9495.9,1911.9
OD007062,O02836,P0081,3,4694,0,14082.0,6330.0
OD007063,O02837,P0013,4,1311,0,5244.0,2840.0
OD007064,O02837,P0005,4,526,5,1998.8,842.8
OD007065,O02838,P0049,2,4908,10,8834.4,3612.4
OD007066,O02838,P0019,1,6155,15,5231.75,2320.75
OD007067,O02838,P0057,2,4846,20,7753.6,2045.6
OD007068,O02839,P0021,4,12927,10,46537.2,22785.2
OD007069,O02839,P0051,1,8105,25,6078.75,1532.75
OD007070,O02840,P0050,3,791,15,2017.05,718.05
OD007071,O02840,P0042,1,8402,20,6721.6,1009.6
OD007072,O02840,P0054,1,7011,5,6660.45,3019.45
OD007073,O02841,P0060,1,3201,0,3201.0,1687.0
OD007074,O02841,P0045,4,8473,10,30502.8,5486.8
OD007075,O02841,P0031,1,14006,15,11905.1,5446.1
OD007076,O02842,P0022,4,5467,5,20774.6,10698.6
OD007077,O02842,P0059,1,7607,10,6846.3,3206.3
OD007078,O02842,P0067,3,3128,10,8445.6,1737.6
OD007079,O02842,P0029,1,8916,20,7132.8,1060.8
OD007080,O02843,P0062,1,6552,20,5241.6,1415.6
OD007081,O02843,P0070,2,9093,10,16367.4,4679.4
OD007082,O02844,P0007,1,9936,5,9439.2,3246.2
OD007083,O02845,P0012,1,2280,10,2052.0,429.0
OD007084,O02845,P0035,1,3553,5,3375.35,625.35
OD007085,O02845,P0082,2,2255,15,3833.5,1505.5
OD007086,O02846,P0036,2,8476,0,16952.0,7656.0
OD007087,O02847,P0055,4,3114,20,9964.8,992.8
OD007088,O02847,P0069,4,6924,10,24926.4,2106.4
OD007089,O02848,P0079,1,11587,0,11587.0,6154.0
OD007090,O02848,P0017,1,10962,10,9865.8,4860.8
OD007091,O02848,P0047,3,4367,15,11135.85,1793.85
OD007092,O02848,P0059,1,7607,5,7226.65,3586.65
OD007093,O02849,P0028,4,3631,0,14524.0,4188.0
OD007094,O02849,P0006,1,5410,5,5139.5,1821.5
OD007095,O02850,P0041,2,8569,25,12853.5,3243.5
OD007096,O02850,P0048,1,3582,5,3402.9,1439.9
OD007097,O02851,P0021,4,12927,10,46537.2,22785.2
OD007098,O02851,P0061,1,6727,15,5717.95,1105.95
OD007099,O02852,P0005,1,526,20,420.8,131.8
OD007100,O02852,P0066,4,3382,20,10822.4,1186.4
OD007101,O02853,P0038,2,5709,20,9134.4,3136.4
OD007102,O02853,P0053,4,500,10,1800.0,872.0
OD007103,O02853,P0058,4,3214,10,11570.4,3698.4
OD007104,O02853,P0022,1,5467,10,4920.3,2401.3
OD007105,O02854,P0066,3,3382,15,8624.1,1397.1
OD007106,O02854,P0078,3,2727,10,7362.9,2193.9
OD007107,O02854,P0070,1,9093,15,7729.05,1885.05
OD007108,O02854,P0008,4,9277,20,29686.4,4042.4
OD007109,O02855,P0081,4,4694,15,15959.6,5623.6
OD007110,O02855,P0037,4,4495,5,17081.0,6825.0
OD007111,O02855,P0079,4,11587,10,41713.2,19981.2
OD007112,O02856,P0029,2,8916,10,16048.8,3904.8
OD007113,O02856,P0074,4,4472,15,15204.8,2564.8
OD007114,O02857,P0075,1,2498,0,2498.0,1164.0
OD007115,O02857,P0013,1,1311,0,1311.0,710.0
OD007116,O02857,P0026,1,9610,5,9129.5,2915.5
OD007117,O02858,P0013,2,1311,10,2359.8,1157.8
OD007118,O02858,P0065,4,1750,15,5950.0,1094.0
OD007119,O02858,P0041,1,8569,10,7712.1,2907.1
OD007120,O02859,P0045,3,8473,10,22877.1,4115.1
OD007121,O02859,P0043,2,3251,15,5526.7,116.7
OD007122,O02859,P0058,4,3214,15,10927.6,3055.6
OD007123,O02859,P0069,3,6924,5,19733.4,2618.4
OD007124,O02860,P0019,2,6155,5,11694.5,5872.5
OD007125,O02861,P0073,3,3981,15,10151.55,2951.55
OD007126,O02861,P0017,1,10962,15,9317.7,4312.7
OD007127,O02861,P0033,3,5694,5,16227.9,2835.9
OD007128,O02862,P0029,1,8916,10,8024.4,1952.4
OD007129,O02863,P0069,2,6924,15,11770.8,360.8
OD007130,O02863,P0072,2,10954,0,21908.0,11530.0
OD007131,O02863,P0019,3,6155,10,16618.5,7885.5
OD007132,O02863,P0015,4,6239,10,22460.4,4620.4
OD007133,O02864,P0006,3,5410,25,12172.5,2218.5
OD007134,O02864,P0027,3,4363,10,11780.1,1505.1
OD007135,O02864,P0013,1,1311,10,1179.9,578.9
OD007136,O02864,P0066,2,3382,5,6425.8,1607.8
OD007137,O02865,P0069,3,6924,20,16617.6,-497.4
OD007138,O02865,P0007,1,9936,5,9439.2,3246.2
OD007139,O02866,P0020,2,1983,25,2974.5,-155.5
OD007140,O02866,P0073,3,3981,5,11345.85,4145.85
OD007141,O02866,P0047,4,4367,15,14847.8,2391.8
OD007142,O02866,P0032,3,11145,20,26748.0,8124.0
OD007143,O02867,P0071,4,8287,0,33148.0,10608.0
OD007144,O02868,P0070,4,9093,15,30916.2,7540.2
OD007145,O02868,P0044,2,1630,10,2934.0,458.0
OD007146,O02868,P0020,2,1983,20,3172.8,42.8
OD007147,O02869,P0055,2,3114,15,5293.8,807.8
OD007148,O02870,P0054,1,7011,15,5959.35,2318.35
OD007149,O02871,P0026,4,9610,15,32674.0,7818.0
OD007150,O02871,P0053,3,500,15,1275.0,579.0
OD007151,O02872,P0056,4,14270,10,51372.0,25152.0
OD007152,O02872,P0067,4,3128,20,10009.6,1065.6
OD007153,O02873,P0055,4,3114,5,11833.2,2861.2
OD007154,O02874,P0056,3,14270,5,40669.5,21004.5
OD007155,O02874,P0059,2,7607,10,13692.6,6412.6
OD007156,O02874,P0017,3,10962,5,31241.7,16226.7
OD007157,O02874,P0013,4,1311,10,4719.6,2315.6
OD007158,O02875,P0010,4,6288,5,23894.4,7490.4
OD007159,O02875,P0047,4,4367,25,13101.0,645.0
OD007160,O02875,P0077,2,3416,15,5807.2,2455.2
OD007161,O02875,P0081,4,4694,5,17837.2,7501.2
OD007162,O02876,P0076,3,7205,5,20534.25,6785.25
OD007163,O02876,P0032,2,11145,5,21175.5,8759.5
OD007164,O02876,P0009,2,4834,15,8217.8,1709.8
OD007165,O02876,P0041,3,8569,5,24421.65,10006.65
OD007166,O02877,P0043,2,3251,10,5851.8,441.8
OD007167,O02877,P0035,1,3553,15,3020.05,270.05
OD007168,O02877,P0025,2,6585,0,13170.0,5780.0
OD007169,O02877,P0058,1,3214,25,2410.5,442.5
OD007170,O02878,P0023,3,12189,25,27425.25,10643.25
OD007171,O02878,P0025,2,6585,5,12511.5,5121.5
OD007172,O02878,P0071,2,8287,15,14087.9,2817.9
OD007173,O02879,P0053,2,500,10,900.0,436.0
OD007174,O02879,P0017,1,10962,5,10413.9,5408.9
OD007175,O02879,P0075,2,2498,10,4496.4,1828.4
OD007176,O02879,P0064,3,6997,5,19941.45,7923.45
OD007177,O02880,P0063,4,5568,10,20044.8,7596.8
OD007178,O02880,P0013,4,1311,20,4195.2,1791.2
OD007179,O02881,P0028,4,3631,15,12345.4,2009.4
OD007180,O02881,P0012,2,2280,0,4560.0,1314.0
OD007181,O02881,P0069,3,6924,5,19733.4,2618.4
OD007182,O02882,P0072,3,10954,10,29575.8,14008.8
OD007183,O02882,P0036,3,8476,20,20342.4,6398.4
OD007184,O02882,P0015,4,6239,5,23708.2,5868.2
OD007185,O02883,P0064,2,6997,10,12594.6,4582.6
OD007186,O02883,P0074,2,4472,20,7155.2,835.2
OD007187,O02884,P0063,1,5568,10,5011.2,1899.2
OD007188,O02884,P0065,4,1750,10,6300.0,1444.0
OD007189,O02884,P0011,2,7617,15,12948.9,3006.9
OD007190,O02885,P0081,4,4694,5,17837.2,7501.2
OD007191,O02885,P0040,3,6601,20,15842.4,3845.4
OD007192,O02885,P0063,1,5568,15,4732.8,1620.8
OD007193,O02885,P0027,3,4363,10,11780.1,1505.1
OD007194,O02886,P0028,1,3631,15,3086.35,502.35
OD007195,O02886,P0055,3,3114,5,8874.9,2145.9
OD007196,O02886,P0052,2,1682,15,2859.4,927.4
OD007197,O02887,P0044,4,1630,0,6520.0,1568.0
OD007198,O02887,P0053,3,500,20,1200.0,504.0
OD007199,O02888,P0067,1,3128,0,3128.0,892.0
OD007200,O02888,P0069,1,6924,10,6231.6,526.6
OD007201,O02888,P0018,4,8947,15,30419.8,6175.8
OD007202,O02888,P0029,3,8916,0,26748.0,8532.0
OD007203,O02889,P0042,1,8402,10,7561.8,1849.8
OD007204,O02889,P0060,2,3201,0,6402.0,3374.0
OD007205,O02890,P0005,2,526,25,789.0,211.0
OD007206,O02890,P0038,3,5709,5,16270.65,7273.65
OD007207,O02890,P0024,1,9546,5,9068.7,4142.7
OD007208,O02890,P0071,1,8287,15,7043.95,1408.95
OD007209,O02891,P0003,1,319,10,287.1,25.1
OD007210,O02891,P0072,3,10954,5,31218.9,15651.9
OD007211,O02891,P0052,4,1682,10,6055.2,2191.2
OD007212,O02891,P0079,1,11587,5,11007.65,5574.65
OD007213,O02892,P0036,1,8476,15,7204.6,2556.6
OD007214,O02892,P0069,2,6924,10,12463.2,1053.2
OD007215,O02892,P0035,2,3553,15,6040.1,540.1
OD007216,O02892,P0076,2,7205,25,10807.5,1641.5
OD007217,O02893,P0046,2,10496,25,15744.0,5930.0
OD007218,O02893,P0022,4,5467,0,21868.0,11792.0
OD007219,O02893,P0082,3,2255,5,6426.75,2934.75
OD007220,O02893,P0030,3,10331,0,30993.0,13278.0
OD007221,O02894,P0006,2,5410,5,10279.0,3643.0
OD007222,O02894,P0028,1,3631,5,3449.45,865.45
OD007223,O02894,P0061,3,6727,15,17153.85,3317.85
OD007224,O02894,P0077,3,3416,10,9223.2,4195.2
OD007225,O02895,P0001,2,8847,15,15039.9,5359.9
OD007226,O02896,P0082,3,2255,20,5412.0,1920.0
OD007227,O02897,P0067,2,3128,10,5630.4,1158.4
OD007228,O02897,P0007,1,9936,5,9439.2,3246.2
OD007229,O02897,P0058,4,3214,20,10284.8,2412.8
OD007230,O02898,P0030,1,10331,15,8781.35,2876.35
OD007231,O02899,P0081,2,4694,10,8449.2,3281.2
OD007232,O02900,P0054,3,7011,10,18929.7,8006.7
OD007233,O02900,P0066,4,3382,5,12851.6,3215.6
OD007234,O02901,P0069,3,6924,20,16617.6,-497.4
OD007235,O02901,P0033,4,5694,25,17082.0,-774.0
OD007236,O02901,P0057,2,4846,5,9207.4,3499.4
OD007237,O02902,P0072,1,10954,10,9858.6,4669.6
OD007238,O02902,P0040,2,6601,5,12541.9,4543.9
OD007239,O02902,P0054,1,7011,20,5608.8,1967.8
OD007240,O02902,P0066,1,3382,10,3043.8,634.8
OD007241,O02903,P0073,2,3981,15,6767.7,1967.7
OD007242,O02903,P0006,4,5410,10,19476.0,6204.0
OD007243,O02903,P0065,1,1750,20,1400.0,186.0
OD007244,O02903,P0066,4,3382,5,12851.6,3215.6
OD007245,O02904,P0063,4,5568,10,20044.8,7596.8
OD007246,O02904,P0066,2,3382,5,6425.8,1607.8
OD007247,O02904,P0001,4,8847,10,31849.2,12489.2
OD007248,O02904,P0080,3,13672,10,36914.4,16268.4
OD007249,O02905,P0046,4,10496,10,37785.6,18157.6
OD007250,O02906,P0017,1,10962,20,8769.6,3764.6
OD007251,O02906,P0058,3,3214,5,9159.9,3255.9
OD007252,O02907,P0012,1,2280,15,1938.0,315.0
OD007253,O02907,P0060,2,3201,20,5121.6,2093.6
OD007254,O02907,P0013,2,1311,10,2359.8,1157.8
OD007255,O02908,P0036,4,8476,15,28818.4,10226.4
OD007256,O02908,P0031,3,14006,5,39917.1,20540.1
OD007257,O02909,P0041,3,8569,15,21850.95,7435.95
OD007258,O02910,P0071,3,8287,25,18645.75,1740.75
OD007259,O02910,P0072,2,10954,5,20812.6,10434.6
OD007260,O02910,P0080,3,13672,5,38965.2,18319.2
OD007261,O02910,P0069,4,6924,5,26311.2,3491.2
OD007262,O02911,P0053,4,500,20,1600.0,672.0
OD007263,O02911,P0016,4,7194,15,24459.6,9963.6
OD007264,O02911,P0056,2,14270,10,25686.0,12576.0
OD007265,O02912,P0046,1,10496,15,8921.6,4014.6
OD007266,O02912,P0021,3,12927,20,31024.8,13210.8
OD007267,O02912,P0068,4,375,5,1425.0,225.0
OD007268,O02913,P0071,3,8287,10,22374.9,5469.9
OD007269,O02913,P0074,1,4472,20,3577.6,417.6
OD007270,O02914,P0044,3,1630,0,4890.0,1176.0
OD007271,O02914,P0063,3,5568,20,13363.2,4027.2
OD007272,O02914,P0024,3,9546,5,27206.1,12428.1
OD007273,O02914,P0017,1,10962,0,10962.0,5957.0
OD007274,O02915,P0044,2,1630,0,3260.0,784.0
OD007275,O02916,P0078,2,2727,10,4908.6,1462.6
OD007276,O02916,P0017,3,10962,0,32886.0,17871.0
OD007277,O02916,P0042,4,8402,15,28566.8,5718.8
OD007278,O02917,P0006,1,5410,15,4598.5,1280.5
OD007279,O02918,P0031,2,14006,5,26611.4,13693.4
OD007280,O02919,P0082,2,2255,25,3382.5,1054.5
OD007281,O02919,P0005,2,526,10,946.8,368.8
OD007282,O02919,P0076,2,7205,5,13689.5,4523.5
OD007283,O02919,P0023,2,12189,15,20721.3,9533.3
OD007284,O02920,P0026,4,9610,0,38440.0,13584.0
OD007285,O02920,P0066,3,3382,25,7609.5,382.5
OD007286,O02921,P0053,2,500,25,750.0,286.0
OD007287,O02921,P0026,1,9610,10,8649.0,2435.0
OD007288,O02921,P0076,1,7205,15,6124.25,1541.25
OD007289,O02922,P0042,2,8402,15,14283.4,2859.4
OD007290,O02922,P0058,4,3214,5,12213.2,4341.2
OD007291,O02922,P0076,2,7205,10,12969.0,3803.0
OD007292,O02922,P0021,3,12927,20,31024.8,13210.8
OD007293,O02923,P0019,1,6155,20,4924.0,2013.0
OD007294,O02923,P0024,1,9546,5,9068.7,4142.7
OD007295,O02923,P0077,1,3416,15,2903.6,1227.6
OD007296,O02923,P0044,3,1630,10,4401.0,687.0
OD007297,O02924,P0007,2,9936,10,17884.8,5498.8
OD007298,O02925,P0037,4,4495,20,14384.0,4128.0
OD007299,O02925,P0081,1,4694,0,4694.0,2110.0
OD007300,O02925,P0079,3,11587,15,29546.85,13247.85
OD007301,O02926,P0079,4,11587,20,37078.4,15346.4
OD007302,O02926,P0021,3,12927,25,29085.75,11271.75
OD007303,O02926,P0050,1,791,0,791.0,358.0
OD007304,O02926,P0043,3,3251,0,9753.0,1638.0
OD007305,O02927,P0026,2,9610,15,16337.0,3909.0
OD007306,O02927,P0023,3,12189,15,31081.95,14299.95
OD007307,O02927,P0073,1,3981,10,3582.9,1182.9
OD007308,O02928,P0019,4,6155,5,23389.0,11745.0
OD007309,O02928,P0004,3,3517,0,10551.0,2967.0
OD007310,O02929,P0070,3,9093,20,21823.2,4291.2
OD007311,O02929,P0026,2,9610,15,16337.0,3909.0
OD007312,O02930,P0046,1,10496,15,8921.6,4014.6
OD007313,O02930,P0064,3,6997,0,20991.0,8973.0
OD007314,O02930,P0013,3,1311,20,3146.4,1343.4
OD007315,O02931,P0081,3,4694,5,13377.9,5625.9
OD007316,O02931,P0012,2,2280,5,4332.0,1086.0
OD007317,O02931,P0079,1,11587,10,10428.3,4995.3
OD007318,O02932,P0077,4,3416,5,12980.8,6276.8
OD007319,O02932,P0067,1,3128,15,2658.8,422.8
OD007320,O02932,P0006,3,5410,20,12984.0,3030.0
OD007321,O02933,P0002,3,8892,0,26676.0,12441.0
OD007322,O02933,P0066,4,3382,0,13528.0,3892.0
OD007323,O02933,P0038,2,5709,10,10276.2,4278.2
OD007324,O02934,P0020,1,1983,0,1983.0,418.0
OD007325,O02934,P0028,3,3631,0,10893.0,3141.0
OD007326,O02935,P0058,4,3214,20,10284.8,2412.8
OD007327,O02935,P0010,4,6288,15,21379.2,4975.2
OD007328,O02935,P0011,1,7617,20,6093.6,1122.6
OD007329,O02935,P0039,4,7839,10,28220.4,6608.4
OD007330,O02936,P0011,2,7617,5,14472.3,4530.3
OD007331,O02936,P0024,1,9546,10,8591.4,3665.4
OD007332,O02937,P0002,2,8892,0,17784.0,8294.0
OD007333,O02937,P0027,2,4363,5,8289.7,1439.7
OD007334,O02937,P0075,3,2498,10,6744.6,2742.6
OD007335,O02937,P0028,1,3631,10,3267.9,683.9
OD007336,O02938,P0063,4,5568,20,17817.6,5369.6
OD007337,O02938,P0003,4,319,10,1148.4,100.4
OD007338,O02938,P0006,4,5410,0,21640.0,8368.0
OD007339,O02938,P0036,1,8476,15,7204.6,2556.6
OD007340,O02939,P0062,1,6552,25,4914.0,1088.0
OD007341,O02940,P0026,1,9610,10,8649.0,2435.0
OD007342,O02941,P0057,3,4846,20,11630.4,3068.4
OD007343,O02941,P0017,2,10962,20,17539.2,7529.2
OD007344,O02941,P0007,1,9936,10,8942.4,2749.4
OD007345,O02941,P0070,2,9093,10,16367.4,4679.4
OD007346,O02942,P0024,2,9546,20,15273.6,5421.6
OD007347,O02942,P0049,3,4908,10,13251.6,5418.6
OD007348,O02942,P0004,3,3517,10,9495.9,1911.9
OD007349,O02942,P0035,3,3553,10,9593.1,1343.1
OD007350,O02943,P0043,3,3251,10,8777.7,662.7
OD007351,O02944,P0037,2,4495,20,7192.0,2064.0
OD007352,O02945,P0001,3,8847,10,23886.9,9366.9
OD007353,O02945,P0021,4,12927,0,51708.0,27956.0
OD007354,O02945,P0074,2,4472,0,8944.0,2624.0
OD007355,O02945,P0058,4,3214,5,12213.2,4341.2
OD007356,O02946,P0004,3,3517,15,8968.35,1384.35
OD007357,O02947,P0030,2,10331,20,16529.6,4719.6
OD007358,O02947,P0065,4,1750,15,5950.0,1094.0
OD007359,O02948,P0080,3,13672,0,41016.0,20370.0
OD007360,O02948,P0072,4,10954,15,37243.6,16487.6
OD007361,O02949,P0043,2,3251,15,5526.7,116.7
OD007362,O02949,P0018,4,8947,20,28630.4,4386.4
OD007363,O02949,P0076,4,7205,5,27379.0,9047.0
OD007364,O02949,P0055,2,3114,0,6228.0,1742.0
OD007365,O02950,P0038,3,5709,0,17127.0,8130.0
OD007366,O02950,P0082,4,2255,15,7667.0,3011.0
OD007367,O02950,P0063,1,5568,10,5011.2,1899.2
OD007368,O02951,P0046,2,10496,15,17843.2,8029.2
OD007369,O02951,P0035,1,3553,15,3020.05,270.05
OD007370,O02951,P0016,2,7194,15,12229.8,4981.8
OD007371,O02952,P0069,1,6924,5,6577.8,872.8
OD007372,O02952,P0046,3,10496,10,28339.2,13618.2
OD007373,O02952,P0001,2,8847,10,15924.6,6244.6
OD007374,O02953,P0008,4,9277,15,31541.8,5897.8
OD007375,O02953,P0002,4,8892,0,35568.0,16588.0
OD007376,O02954,P0018,1,8947,0,8947.0,2886.0
OD007377,O02955,P0057,3,4846,10,13084.2,4522.2
OD007378,O02955,P0038,2,5709,5,10847.1,4849.1
OD007379,O02956,P0022,2,5467,5,10387.3,5349.3
OD007380,O02956,P0052,4,1682,20,5382.4,1518.4
OD007381,O02957,P0025,4,6585,20,21072.0,6292.0
OD007382,O02957,P0017,2,10962,5,20827.8,10817.8
OD007383,O02957,P0030,1,10331,10,9297.9,3392.9
OD007384,O02957,P0043,4,3251,10,11703.6,883.6
OD007385,O02958,P0042,1,8402,15,7141.7,1429.7
OD007386,O02958,P0034,3,8273,20,19855.2,286.2
OD007387,O02958,P0055,3,3114,0,9342.0,2613.0
OD007388,O02959,P0079,2,11587,10,20856.6,9990.6
OD007389,O02960,P0038,4,5709,0,22836.0,10840.0
OD007390,O02961,P0037,4,4495,5,17081.0,6825.0
OD007391,O02961,P0014,1,10018,0,10018.0,4665.0
OD007392,O02961,P0045,1,8473,10,7625.7,1371.7
OD007393,O02961,P0059,4,7607,10,27385.2,12825.2
OD007394,O02962,P0021,4,12927,5,49122.6,25370.6
OD007395,O02962,P0054,1,7011,15,5959.35,2318.35
OD007396,O02962,P0011,3,7617,15,19423.35,4510.35
OD007397,O02962,P0040,2,6601,25,9901.5,1903.5
OD007398,O02963,P0027,2,4363,15,7417.1,567.1
OD007399,O02964,P0076,2,7205,0,14410.0,5244.0
OD007400,O02964,P0066,1,3382,15,2874.7,465.7
OD007401,O02964,P0024,4,9546,15,32456.4,12752.4
OD007402,O02964,P0068,1,375,20,300.0,0.0
OD007403,O02965,P0017,1,10962,10,9865.8,4860.8
OD007404,O02965,P0074,3,4472,5,12745.2,3265.2
OD007405,O02965,P0035,2,3553,15,6040.1,540.1
OD007406,O02966,P0020,2,1983,20,3172.8,42.8
OD007407,O02966,P0001,1,8847,0,8847.0,4007.0
OD007408,O02966,P0063,4,5568,10,20044.8,7596.8
OD007409,O02967,P0048,1,3582,10,3223.8,1260.8
OD007410,O02967,P0027,1,4363,20,3490.4,65.4
OD007411,O02967,P0014,4,10018,5,38068.4,16656.4
OD007412,O02968,P0028,1,3631,10,3267.9,683.9
OD007413,O02968,P0011,2,7617,15,12948.9,3006.9
OD007414,O02969,P0044,2,1630,5,3097.0,621.0
OD007415,O02970,P0033,2,5694,0,11388.0,2460.0
OD007416,O02971,P0011,3,7617,5,21708.45,6795.45
OD007417,O02972,P0025,1,6585,5,6255.75,2560.75
OD007418,O02972,P0032,3,11145,20,26748.0,8124.0
OD007419,O02972,P0015,1,6239,10,5615.1,1155.1
OD007420,O02972,P0021,2,12927,5,24561.3,12685.3
OD007421,O02973,P0006,2,5410,0,10820.0,4184.0
OD007422,O02974,P0075,4,2498,15,8493.2,3157.2
OD007423,O02975,P0067,1,3128,15,2658.8,422.8
OD007424,O02975,P0027,3,4363,20,10471.2,196.2
OD007425,O02975,P0003,1,319,15,271.15,9.15
OD007426,O02976,P0006,2,5410,5,10279.0,3643.0
OD007427,O02977,P0012,4,2280,20,7296.0,804.0
OD007428,O02977,P0032,3,11145,10,30091.5,11467.5
OD007429,O02978,P0028,1,3631,5,3449.45,865.45
OD007430,O02978,P0012,2,2280,0,4560.0,1314.0
OD007431,O02978,P0029,2,8916,10,16048.8,3904.8
OD007432,O02978,P0076,4,7205,5,27379.0,9047.0
OD007433,O02979,P0028,2,3631,10,6535.8,1367.8
OD007434,O02979,P0064,2,6997,5,13294.3,5282.3
OD007435,O02979,P0023,2,12189,10,21940.2,10752.2
OD007436,O02979,P0018,4,8947,10,32209.2,7965.2
OD007437,O02980,P0031,4,14006,0,56024.0,30188.0
OD007438,O02980,P0043,4,3251,5,12353.8,1533.8
OD007439,O02980,P0023,3,12189,5,34738.65,17956.65
OD007440,O02981,P0070,1,9093,5,8638.35,2794.35
OD007441,O02981,P0032,1,11145,5,10587.75,4379.75
OD007442,O02982,P0078,1,2727,10,2454.3,731.3
OD007443,O02982,P0032,1,11145,15,9473.25,3265.25
OD007444,O02983,P0042,4,8402,15,28566.8,5718.8
OD007445,O02983,P0013,2,1311,0,2622.0,1420.0
OD007446,O02984,P0057,2,4846,0,9692.0,3984.0
OD007447,O02985,P0047,2,4367,10,7860.6,1632.6
OD007448,O02986,P0028,4,3631,10,13071.6,2735.6
OD007449,O02986,P0052,2,1682,5,3195.8,1263.8
OD007450,O02986,P0072,3,10954,20,26289.6,10722.6
OD007451,O02986,P0054,4,7011,10,25239.6,10675.6
OD007452,O02987,P0005,4,526,10,1893.6,737.6
OD007453,O02987,P0077,1,3416,15,2903.6,1227.6
OD007454,O02987,P0055,4,3114,10,11210.4,2238.4
OD007455,O02988,P0011,4,7617,10,27421.2,7537.2
OD007456,O02989,P0016,1,7194,0,7194.0,3570.0
OD007457,O02989,P0005,2,526,10,946.8,368.8
OD007458,O02990,P0014,1,10018,20,8014.4,2661.4
OD007459,O02991,P0052,1,1682,25,1261.5,295.5
OD007460,O02992,P0006,1,5410,5,5139.5,1821.5
OD007461,O02993,P0024,2,9546,10,17182.8,7330.8
OD007462,O02993,P0003,2,319,5,606.1,82.1
OD007463,O02993,P0035,3,3553,15,9060.15,810.15
OD007464,O02994,P0076,3,7205,10,19453.5,5704.5
OD007465,O02994,P0024,1,9546,5,9068.7,4142.7
OD007466,O02994,P0013,3,1311,25,2949.75,1146.75
OD007467,O02995,P0012,3,2280,20,5472.0,603.0
OD007468,O02995,P0022,4,5467,10,19681.2,9605.2
OD007469,O02996,P0006,4,5410,20,17312.0,4040.0
OD007470,O02996,P0075,4,2498,15,8493.2,3157.2
OD007471,O02997,P0067,1,3128,15,2658.8,422.8
OD007472,O02997,P0072,3,10954,20,26289.6,10722.6
OD007473,O02998,P0011,2,7617,10,13710.6,3768.6
OD007474,O02998,P0049,2,4908,25,7362.0,2140.0
OD007475,O02999,P0038,4,5709,20,18268.8,6272.8
OD007476,O02999,P0072,1,10954,25,8215.5,3026.5
OD007477,O02999,P0005,1,526,5,499.7,210.7
OD007478,O02999,P0054,3,7011,5,19981.35,9058.35
OD007479,O03000,P0011,4,7617,10,27421.2,7537.2
OD007480,O03000,P0042,1,8402,0,8402.0,2690.0
OD007481,O03000,P0073,3,3981,0,11943.0,4743.0
OD007482,O03001,P0010,3,6288,15,16034.4,3731.4
OD007483,O03001,P0067,1,3128,10,2815.2,579.2
OD007484,O03001,P0016,4,7194,20,23020.8,8524.8
OD007485,O03001,P0052,4,1682,5,6391.6,2527.6
OD007486,O03002,P0020,3,1983,10,5354.1,659.1
OD007487,O03002,P0040,3,6601,10,17822.7,5825.7
OD007488,O03002,P0023,4,12189,15,41442.6,19066.6
OD007489,O03003,P0030,4,10331,15,35125.4,11505.4
OD007490,O03004,P0020,2,1983,20,3172.8,42.8
OD007491,O03004,P0048,4,3582,25,10746.0,2894.0
OD007492,O03004,P0062,4,6552,5,24897.6,9593.6
OD007493,O03004,P0029,1,8916,10,8024.4,1952.4
OD007494,O03005,P0025,3,6585,5,18767.25,7682.25
OD007495,O03005,P0066,1,3382,5,3212.9,803.9
OD007496,O03006,P0051,4,8105,10,29178.0,10994.0
OD007497,O03006,P0075,4,2498,5,9492.4,4156.4
OD007498,O03006,P0056,1,14270,20,11416.0,4861.0
OD007499,O03007,P0062,1,6552,10,5896.8,2070.8
OD007500,O03007,P0050,1,791,5,751.45,318.45
OD007501,O03007,P0001,1,8847,5,8404.65,3564.65
OD007502,O03008,P0019,3,6155,5,17541.75,8808.75
OD007503,O03008,P0067,4,3128,5,11886.4,2942.4
OD007504,O03009,P0024,3,9546,15,24342.3,9564.3
OD007505,O03009,P0071,3,8287,5,23617.95,6712.95
OD007506,O03009,P0079,2,11587,20,18539.2,7673.2
OD007507,O03010,P0049,2,4908,5,9325.2,4103.2
OD007508,O03011,P0038,2,5709,10,10276.2,4278.2
OD007509,O03011,P0059,2,7607,5,14453.3,7173.3
OD007510,O03011,P0060,4,3201,5,12163.8,6107.8
OD007511,O03011,P0020,2,1983,0,3966.0,836.0
OD007512,O03012,P0061,2,6727,5,12781.3,3557.3
OD007513,O03012,P0018,3,8947,20,21472.8,3289.8
OD007514,O03013,P0067,4,3128,0,12512.0,3568.0
OD007515,O03013,P0029,3,8916,15,22735.8,4519.8
OD007516,O03014,P0049,3,4908,10,13251.6,5418.6
OD007517,O03014,P0055,3,3114,0,9342.0,2613.0
OD007518,O03014,P0078,4,2727,10,9817.2,2925.2
OD007519,O03014,P0070,2,9093,10,16367.4,4679.4
OD007520,O03015,P0048,4,3582,5,13611.6,5759.6
OD007521,O03016,P0062,2,6552,20,10483.2,2831.2
OD007522,O03016,P0004,2,3517,20,5627.2,571.2
OD007523,O03016,P0051,4,8105,20,25936.0,7752.0
OD007524,O03017,P0043,4,3251,20,10403.2,-416.8
OD007525,O03017,P0051,2,8105,0,16210.0,7118.0
OD007526,O03018,P0048,2,3582,10,6447.6,2521.6
OD007527,O03018,P0059,1,7607,20,6085.6,2445.6
OD007528,O03018,P0081,2,4694,25,7041.0,1873.0
OD007529,O03018,P0021,1,12927,15,10987.95,5049.95
OD007530,O03019,P0017,4,10962,20,35078.4,15058.4
OD007531,O03019,P0031,4,14006,0,56024.0,30188.0
OD007532,O03020,P0074,3,4472,20,10732.8,1252.8
OD007533,O03020,P0036,1,8476,0,8476.0,3828.0
OD007534,O03021,P0050,4,791,5,3005.8,1273.8
OD007535,O03022,P0071,2,8287,5,15745.3,4475.3
OD007536,O03023,P0027,3,4363,0,13089.0,2814.0
OD007537,O03023,P0001,3,8847,5,25213.95,10693.95
OD007538,O03024,P0020,2,1983,15,3371.1,241.1
OD007539,O03024,P0001,4,8847,15,30079.8,10719.8
OD007540,O03024,P0056,4,14270,25,42810.0,16590.0
OD007541,O03024,P0068,3,375,20,900.0,0.0
OD007542,O03025,P0057,1,4846,10,4361.4,1507.4
OD007543,O03025,P0008,4,9277,10,33397.2,7753.2
OD007544,O03025,P0012,2,2280,15,3876.0,630.0
OD007545,O03026,P0039,3,7839,5,22341.15,6132.15
OD007546,O03026,P0008,1,9277,5,8813.15,2402.15
OD007547,O03027,P0064,4,6997,25,20991.0,4967.0
OD007548,O03027,P0066,2,3382,0,6764.0,1946.0
OD007549,O03027,P0024,4,9546,5,36274.8,16570.8
OD007550,O03027,P0055,1,3114,10,2802.6,559.6
OD007551,O03028,P0028,4,3631,20,11619.2,1283.2
OD007552,O03028,P0077,3,3416,10,9223.2,4195.2
OD007553,O03028,P0009,3,4834,10,13051.8,3289.8
OD007554,O03028,P0039,3,7839,10,21165.3,4956.3
OD007555,O03029,P0034,1,8273,20,6618.4,95.4
OD007556,O03030,P0082,2,2255,0,4510.0,2182.0
OD007557,O03030,P0026,3,9610,10,25947.0,7305.0
OD007558,O03031,P0048,4,3582,15,12178.8,4326.8
OD007559,O03031,P0020,4,1983,5,7535.4,1275.4
OD007560,O03032,P0063,3,5568,20,13363.2,4027.2
OD007561,O03032,P0058,2,3214,10,5785.2,1849.2
OD007562,O03032,P0044,3,1630,15,4156.5,442.5
OD007563,O03032,P0067,1,3128,20,2502.4,266.4
OD007564,O03033,P0074,2,4472,10,8049.6,1729.6
OD007565,O03033,P0001,4,8847,0,35388.0,16028.0
OD007566,O03034,P0017,1,10962,5,10413.9,5408.9
OD007567,O03034,P0045,4,8473,10,30502.8,5486.8
OD007568,O03034,P0068,1,375,10,337.5,37.5
OD007569,O03034,P0073,2,3981,10,7165.8,2365.8
OD007570,O03035,P0039,1,7839,20,6271.2,868.2
OD007571,O03035,P0014,4,10018,20,32057.6,10645.6
OD007572,O03035,P0030,2,10331,5,19628.9,7818.9
OD007573,O03036,P0063,1,5568,10,5011.2,1899.2
OD007574,O03036,P0046,1,10496,0,10496.0,5589.0
OD007575,O03036,P0054,1,7011,10,6309.9,2668.9
OD007576,O03036,P0001,1,8847,10,7962.3,3122.3
OD007577,O03037,P0076,4,7205,10,25938.0,7606.0
OD007578,O03037,P0056,4,14270,0,57080.0,30860.0
OD007579,O03037,P0041,1,8569,5,8140.55,3335.55
OD007580,O03038,P0032,4,11145,5,42351.0,17519.0
OD007581,O03038,P0039,1,7839,5,7447.05,2044.05
OD007582,O03038,P0074,4,4472,10,16099.2,3459.2
OD007583,O03038,P0025,1,6585,25,4938.75,1243.75
OD007584,O03039,P0033,4,5694,0,22776.0,4920.0
OD007585,O03040,P0019,1,6155,20,4924.0,2013.0
OD007586,O03040,P0046,1,10496,5,9971.2,5064.2
OD007587,O03040,P0037,3,4495,15,11462.25,3770.25
OD007588,O03040,P0039,3,7839,25,17637.75,1428.75
OD007589,O03041,P0042,4,8402,20,26886.4,4038.4
OD007590,O03041,P0054,1,7011,5,6660.45,3019.45
OD007591,O03042,P0073,1,3981,20,3184.8,784.8
OD007592,O03043,P0058,4,3214,0,12856.0,4984.0
OD007593,O03043,P0045,1,8473,20,6778.4,524.4
OD007594,O03043,P0078,4,2727,5,10362.6,3470.6
OD007595,O03044,P0065,3,1750,5,4987.5,1345.5
OD007596,O03044,P0019,4,6155,5,23389.0,11745.0
OD007597,O03044,P0028,3,3631,15,9259.05,1507.05
OD007598,O03044,P0022,4,5467,10,19681.2,9605.2
OD007599,O03045,P0057,4,4846,25,14538.0,3122.0
OD007600,O03045,P0051,1,8105,20,6484.0,1938.0
OD007601,O03045,P0063,2,5568,15,9465.6,3241.6
OD007602,O03046,P0069,2,6924,0,13848.0,2438.0
OD007603,O03046,P0013,4,1311,10,4719.6,2315.6
OD007604,O03046,P0064,4,6997,15,23789.8,7765.8
OD007605,O03047,P0004,3,3517,25,7913.25,329.25
OD007606,O03047,P0076,4,7205,0,28820.0,10488.0
OD007607,O03048,P0080,2,13672,15,23242.4,9478.4
OD007608,O03048,P0001,4,8847,20,28310.4,8950.4
OD007609,O03048,P0043,3,3251,20,7802.4,-312.6
OD007610,O03048,P0016,3,7194,25,16186.5,5314.5
OD007611,O03049,P0004,3,3517,5,10023.45,2439.45
OD007612,O03050,P0011,1,7617,5,7236.15,2265.15
OD007613,O03050,P0082,2,2255,10,4059.0,1731.0
OD007614,O03050,P0063,1,5568,0,5568.0,2456.0
OD007615,O03051,P0042,3,8402,0,25206.0,8070.0
OD007616,O03051,P0082,4,2255,25,6765.0,2109.0
OD007617,O03051,P0047,4,4367,15,14847.8,2391.8
OD007618,O03051,P0004,1,3517,10,3165.3,637.3
OD007619,O03052,P0028,4,3631,15,12345.4,2009.4
OD007620,O03052,P0071,4,8287,0,33148.0,10608.0
OD007621,O03052,P0029,2,8916,0,17832.0,5688.0
OD007622,O03052,P0066,4,3382,0,13528.0,3892.0
OD007623,O03053,P0021,1,12927,5,12280.65,6342.65
OD007624,O03053,P0067,2,3128,15,5317.6,845.6
OD007625,O03053,P0059,3,7607,25,17115.75,6195.75
OD007626,O03054,P0010,2,6288,25,9432.0,1230.0
OD007627,O03054,P0080,4,13672,5,51953.6,24425.6
OD007628,O03054,P0074,1,4472,0,4472.0,1312.0
OD007629,O03055,P0022,2,5467,20,8747.2,3709.2
OD007630,O03055,P0074,4,4472,10,16099.2,3459.2
OD007631,O03056,P0048,1,3582,15,3044.7,1081.7
OD007632,O03057,P0074,2,4472,10,8049.6,1729.6
OD007633,O03057,P0062,3,6552,20,15724.8,4246.8
OD007634,O03057,P0075,2,2498,20,3996.8,1328.8
OD007635,O03057,P0069,3,6924,15,17656.2,541.2
OD007636,O03058,P0032,3,11145,15,28419.75,9795.75
OD007637,O03058,P0023,4,12189,10,43880.4,21504.4
OD007638,O03058,P0070,2,9093,10,16367.4,4679.4
OD007639,O03058,P0077,2,3416,20,5465.6,2113.6
OD007640,O03059,P0078,3,2727,5,7771.95,2602.95
OD007641,O03060,P0003,2,319,10,574.2,50.2
OD007642,O03061,P0061,3,6727,5,19171.95,5335.95
OD007643,O03061,P0007,2,9936,10,17884.8,5498.8
OD007644,O03062,P0048,4,3582,5,13611.6,5759.6
OD007645,O03063,P0048,4,3582,10,12895.2,5043.2
OD007646,O03063,P0050,3,791,0,2373.0,1074.0
OD007647,O03063,P0052,1,1682,20,1345.6,379.6
OD007648,O03063,P0008,1,9277,10,8349.3,1938.3
OD007649,O03064,P0058,4,3214,5,12213.2,4341.2
OD007650,O03065,P0055,4,3114,5,11833.2,2861.2
OD007651,O03065,P0011,2,7617,20,12187.2,2245.2
OD007652,O03066,P0049,2,4908,15,8343.6,3121.6
OD007653,O03066,P0048,1,3582,15,3044.7,1081.7
OD007654,O03066,P0027,3,4363,0,13089.0,2814.0
OD007655,O03067,P0020,2,1983,0,3966.0,836.0
OD007656,O03068,P0028,3,3631,25,8169.75,417.75
OD007657,O03068,P0019,4,6155,10,22158.0,10514.0
OD007658,O03069,P0054,4,7011,5,26641.8,12077.8
OD007659,O03069,P0028,1,3631,5,3449.45,865.45
OD007660,O03069,P0064,4,6997,5,26588.6,10564.6
OD007661,O03069,P0052,4,1682,15,5718.8,1854.8
OD007662,O03070,P0063,4,5568,20,17817.6,5369.6
OD007663,O03070,P0029,4,8916,10,32097.6,7809.6
OD007664,O03070,P0042,4,8402,15,28566.8,5718.8
OD007665,O03071,P0074,3,4472,25,10062.0,582.0
OD007666,O03071,P0032,2,11145,0,22290.0,9874.0
OD007667,O03071,P0011,4,7617,20,24374.4,4490.4
OD007668,O03071,P0051,3,8105,15,20667.75,7029.75
OD007669,O03072,P0033,2,5694,10,10249.2,1321.2
OD007670,O03072,P0010,4,6288,0,25152.0,8748.0
OD007671,O03073,P0066,2,3382,20,5411.2,593.2
OD007672,O03073,P0076,2,7205,5,13689.5,4523.5
OD007673,O03074,P0010,4,6288,5,23894.4,7490.4
OD007674,O03075,P0043,1,3251,20,2600.8,-104.2
OD007675,O03075,P0073,1,3981,10,3582.9,1182.9
OD007676,O03075,P0025,2,6585,20,10536.0,3146.0
OD007677,O03076,P0025,4,6585,10,23706.0,8926.0
OD007678,O03076,P0008,1,9277,15,7885.45,1474.45
OD007679,O03076,P0001,1,8847,10,7962.3,3122.3
OD007680,O03077,P0011,3,7617,5,21708.45,6795.45
OD007681,O03077,P0040,4,6601,5,25083.8,9087.8
OD007682,O03077,P0078,3,2727,10,7362.9,2193.9
OD007683,O03077,P0031,2,14006,0,28012.0,15094.0
OD007684,O03078,P0038,4,5709,5,21694.2,9698.2
OD007685,O03079,P0048,4,3582,0,14328.0,6476.0
OD007686,O03079,P0033,4,5694,5,21637.2,3781.2
OD007687,O03079,P0051,1,8105,5,7699.75,3153.75
OD007688,O03080,P0030,2,10331,0,20662.0,8852.0
OD007689,O03080,P0046,2,10496,10,18892.8,9078.8
OD007690,O03080,P0067,4,3128,15,10635.2,1691.2
OD007691,O03080,P0075,2,2498,5,4746.2,2078.2
OD007692,O03081,P0019,2,6155,20,9848.0,4026.0
OD007693,O03081,P0054,2,7011,25,10516.5,3234.5
OD007694,O03081,P0078,3,2727,15,6953.85,1784.85
OD007695,O03081,P0050,1,791,10,711.9,278.9
OD007696,O03082,P0051,1,8105,10,7294.5,2748.5
OD007697,O03082,P0008,1,9277,10,8349.3,1938.3
OD007698,O03083,P0011,3,7617,20,18280.8,3367.8
OD007699,O03083,P0075,2,2498,10,4496.4,1828.4
OD007700,O03084,P0004,4,3517,10,12661.2,2549.2
OD007701,O03084,P0025,1,6585,0,6585.0,2890.0
OD007702,O03085,P0029,4,8916,10,32097.6,7809.6
OD007703,O03086,P0007,4,9936,5,37756.8,12984.8
OD007704,O03086,P0065,1,1750,10,1575.0,361.0
OD007705,O03086,P0080,1,13672,25,10254.0,3372.0
OD007706,O03086,P0022,1,5467,0,5467.0,2948.0
OD007707,O03087,P0047,1,4367,0,4367.0,1253.0
OD007708,O03087,P0062,4,6552,15,22276.8,6972.8
OD007709,O03087,P0034,3,8273,5,23578.05,4009.05
OD007710,O03088,P0031,4,14006,15,47620.4,21784.4
OD007711,O03088,P0023,1,12189,5,11579.55,5985.55
OD007712,O03088,P0030,4,10331,20,33059.2,9439.2
OD007713,O03088,P0081,3,4694,5,13377.9,5625.9
OD007714,O03089,P0062,4,6552,5,24897.6,9593.6
OD007715,O03089,P0025,4,6585,10,23706.0,8926.0
OD007716,O03089,P0026,2,9610,20,15376.0,2948.0
OD007717,O03089,P0002,4,8892,15,30232.8,11252.8
OD007718,O03090,P0019,1,6155,5,5847.25,2936.25
OD007719,O03090,P0010,2,6288,5,11947.2,3745.2
OD007720,O03091,P0025,1,6585,5,6255.75,2560.75
OD007721,O03091,P0048,2,3582,5,6805.8,2879.8
OD007722,O03091,P0052,4,1682,20,5382.4,1518.4
OD007723,O03092,P0005,2,526,0,1052.0,474.0
OD007724,O03093,P0067,4,3128,5,11886.4,2942.4
OD007725,O03094,P0014,1,10018,10,9016.2,3663.2
OD007726,O03094,P0017,3,10962,5,31241.7,16226.7
OD007727,O03094,P0019,2,6155,5,11694.5,5872.5
OD007728,O03094,P0055,4,3114,20,9964.8,992.8
OD007729,O03095,P0011,4,7617,5,28944.6,9060.6
OD007730,O03096,P0031,2,14006,10,25210.8,12292.8
OD007731,O03096,P0035,3,3553,0,10659.0,2409.0
OD007732,O03096,P0044,4,1630,10,5868.0,916.0
OD007733,O03096,P0068,3,375,10,1012.5,112.5
OD007734,O03097,P0059,2,7607,5,14453.3,7173.3
OD007735,O03097,P0028,1,3631,15,3086.35,502.35
OD007736,O03097,P0008,3,9277,5,26439.45,7206.45
OD007737,O03097,P0021,4,12927,10,46537.2,22785.2
OD007738,O03098,P0021,1,12927,10,11634.3,5696.3
OD007739,O03098,P0049,4,4908,15,16687.2,6243.2
OD007740,O03098,P0055,2,3114,0,6228.0,1742.0
OD007741,O03099,P0045,2,8473,20,13556.8,1048.8
OD007742,O03099,P0032,4,11145,0,44580.0,19748.0
OD007743,O03099,P0016,4,7194,0,28776.0,14280.0
OD007744,O03100,P0014,3,10018,10,27048.6,10989.6
OD007745,O03100,P0023,2,12189,0,24378.0,13190.0
OD007746,O03101,P0062,4,6552,15,22276.8,6972.8
OD007747,O03102,P0031,1,14006,10,12605.4,6146.4
OD007748,O03102,P0059,2,7607,5,14453.3,7173.3
OD007749,O03102,P0038,4,5709,15,19410.6,7414.6
OD007750,O03103,P0055,2,3114,0,6228.0,1742.0
OD007751,O03104,P0077,4,3416,10,12297.6,5593.6
OD007752,O03104,P0027,2,4363,25,6544.5,-305.5
OD007753,O03104,P0078,1,2727,15,2317.95,594.95
OD007754,O03104,P0074,1,4472,15,3801.2,641.2
OD007755,O03105,P0068,3,375,5,1068.75,168.75
OD007756,O03105,P0077,4,3416,10,12297.6,5593.6
OD007757,O03105,P0061,4,6727,15,22871.8,4423.8
OD007758,O03106,P0074,2,4472,15,7602.4,1282.4
OD007759,O03107,P0029,4,8916,20,28531.2,4243.2
OD007760,O03108,P0009,2,4834,25,7251.0,743.0
OD007761,O03108,P0053,1,500,5,475.0,243.0
OD007762,O03109,P0019,1,6155,25,4616.25,1705.25
OD007763,O03109,P0079,3,11587,0,34761.0,18462.0
OD007764,O03109,P0061,4,6727,0,26908.0,8460.0
OD007765,O03109,P0032,1,11145,0,11145.0,4937.0
OD007766,O03110,P0006,3,5410,5,15418.5,5464.5
OD007767,O03110,P0021,1,12927,15,10987.95,5049.95
OD007768,O03111,P0046,4,10496,15,35686.4,16058.4
OD007769,O03111,P0013,1,1311,20,1048.8,447.8
OD007770,O03111,P0009,1,4834,15,4108.9,854.9
OD007771,O03111,P0018,2,8947,5,16999.3,4877.3
OD007772,O03112,P0055,2,3114,15,5293.8,807.8
OD007773,O03112,P0049,4,4908,20,15705.6,5261.6
OD007774,O03112,P0060,1,3201,5,3040.95,1526.95
OD007775,O03113,P0046,1,10496,15,8921.6,4014.6
OD007776,O03113,P0070,4,9093,15,30916.2,7540.2
OD007777,O03114,P0020,2,1983,25,2974.5,-155.5
OD007778,O03114,P0071,1,8287,15,7043.95,1408.95
OD007779,O03114,P0005,3,526,0,1578.0,711.0
OD007780,O03114,P0070,1,9093,10,8183.7,2339.7
OD007781,O03115,P0014,4,10018,0,40072.0,18660.0
OD007782,O03115,P0057,3,4846,10,13084.2,4522.2
OD007783,O03115,P0032,2,11145,25,16717.5,4301.5
OD007784,O03115,P0020,4,1983,10,7138.8,878.8
OD007785,O03116,P0029,1,8916,15,7578.6,1506.6
OD007786,O03116,P0023,3,12189,20,29253.6,12471.6
OD007787,O03116,P0028,1,3631,5,3449.45,865.45
OD007788,O03117,P0042,3,8402,0,25206.0,8070.0
OD007789,O03117,P0077,4,3416,20,10931.2,4227.2
OD007790,O03117,P0062,4,6552,10,23587.2,8283.2
OD007791,O03118,P0005,1,526,0,526.0,237.0
OD007792,O03118,P0064,2,6997,10,12594.6,4582.6
OD007793,O03118,P0022,3,5467,20,13120.8,5563.8
OD007794,O03119,P0056,3,14270,0,42810.0,23145.0
OD007795,O03119,P0036,1,8476,20,6780.8,2132.8
OD007796,O03119,P0071,1,8287,20,6629.6,994.6
OD007797,O03119,P0066,2,3382,10,6087.6,1269.6
OD007798,O03120,P0051,3,8105,5,23099.25,9461.25
OD007799,O03120,P0012,4,2280,0,9120.0,2628.0
OD007800,O03120,P0029,2,8916,0,17832.0,5688.0
OD007801,O03120,P0033,2,5694,20,9110.4,182.4
OD007802,O03121,P0076,3,7205,25,16211.25,2462.25
OD007803,O03121,P0028,4,3631,0,14524.0,4188.0
OD007804,O03121,P0060,1,3201,10,2880.9,1366.9
OD007805,O03122,P0024,1,9546,0,9546.0,4620.0
OD007806,O03122,P0056,1,14270,10,12843.0,6288.0
OD007807,O03122,P0006,4,5410,0,21640.0,8368.0
OD007808,O03122,P0045,3,8473,5,24148.05,5386.05
OD007809,O03123,P0067,4,3128,20,10009.6,1065.6
OD007810,O03123,P0016,1,7194,5,6834.3,3210.3
OD007811,O03123,P0034,1,8273,5,7859.35,1336.35
OD007812,O03123,P0069,2,6924,5,13155.6,1745.6
OD007813,O03124,P0036,4,8476,5,32208.8,13616.8
OD007814,O03125,P0018,3,8947,5,25498.95,7315.95
OD007815,O03126,P0074,4,4472,20,14310.4,1670.4
OD007816,O03126,P0057,2,4846,10,8722.8,3014.8
OD007817,O03126,P0028,3,3631,5,10348.35,2596.35
OD007818,O03126,P0053,2,500,10,900.0,436.0
OD007819,O03127,P0020,4,1983,20,6345.6,85.6
OD007820,O03127,P0032,4,11145,25,33435.0,8603.0
OD007821,O03127,P0049,1,4908,15,4171.8,1560.8
OD007822,O03127,P0050,1,791,10,711.9,278.9
OD007823,O03128,P0003,4,319,0,1276.0,228.0
OD007824,O03128,P0079,1,11587,15,9848.95,4415.95
OD007825,O03128,P0033,3,5694,25,12811.5,-580.5
OD007826,O03128,P0070,4,9093,20,29097.6,5721.6
OD007827,O03129,P0003,1,319,5,303.05,41.05
OD007828,O03129,P0065,2,1750,20,2800.0,372.0
OD007829,O03129,P0008,3,9277,5,26439.45,7206.45
OD007830,O03129,P0001,1,8847,0,8847.0,4007.0
OD007831,O03130,P0064,2,6997,15,11894.9,3882.9
OD007832,O03131,P0061,4,6727,0,26908.0,8460.0
OD007833,O03131,P0078,2,2727,25,4090.5,644.5
OD007834,O03132,P0070,4,9093,0,36372.0,12996.0
OD007835,O03132,P0025,3,6585,15,16791.75,5706.75
OD007836,O03133,P0042,4,8402,10,30247.2,7399.2
OD007837,O03133,P0080,3,13672,15,34863.6,14217.6
OD007838,O03133,P0053,2,500,20,800.0,336.0
OD007839,O03133,P0017,1,10962,20,8769.6,3764.6
OD007840,O03134,P0004,2,3517,20,5627.2,571.2
OD007841,O03134,P0059,4,7607,0,30428.0,15868.0
OD007842,O03135,P0061,2,6727,15,11435.9,2211.9
OD007843,O03136,P0067,4,3128,15,10635.2,1691.2
OD007844,O03136,P0010,3,6288,20,15091.2,2788.2
OD007845,O03136,P0082,1,2255,15,1916.75,752.75
OD007846,O03136,P0069,2,6924,15,11770.8,360.8
OD007847,O03137,P0077,2,3416,10,6148.8,2796.8
OD007848,O03137,P0026,3,9610,15,24505.5,5863.5
OD007849,O03138,P0009,3,4834,10,13051.8,3289.8
OD007850,O03138,P0012,2,2280,20,3648.0,402.0
OD007851,O03139,P0012,3,2280,5,6498.0,1629.0
OD007852,O03139,P0008,1,9277,0,9277.0,2866.0
OD007853,O03139,P0019,1,6155,0,6155.0,3244.0
OD007854,O03139,P0071,2,8287,10,14916.6,3646.6
OD007855,O03140,P0033,1,5694,25,4270.5,-193.5
OD007856,O03140,P0026,2,9610,20,15376.0,2948.0
OD007857,O03141,P0026,3,9610,15,24505.5,5863.5
OD007858,O03142,P0014,4,10018,15,34061.2,12649.2
OD007859,O03142,P0080,2,13672,15,23242.4,9478.4
OD007860,O03142,P0052,1,1682,10,1513.8,547.8
OD007861,O03143,P0066,1,3382,10,3043.8,634.8
OD007862,O03143,P0025,3,6585,5,18767.25,7682.25
OD007863,O03143,P0029,1,8916,5,8470.2,2398.2
OD007864,O03144,P0026,4,9610,0,38440.0,13584.0
OD007865,O03145,P0073,3,3981,5,11345.85,4145.85
OD007866,O03145,P0077,1,3416,20,2732.8,1056.8
OD007867,O03146,P0075,3,2498,0,7494.0,3492.0
OD007868,O03147,P0053,2,500,15,850.0,386.0
OD007869,O03147,P0017,3,10962,10,29597.4,14582.4
OD007870,O03147,P0010,2,6288,0,12576.0,4374.0
OD007871,O03148,P0057,3,4846,20,11630.4,3068.4
OD007872,O03148,P0079,2,11587,20,18539.2,7673.2
OD007873,O03148,P0052,2,1682,0,3364.0,1432.0
OD007874,O03148,P0060,3,3201,15,8162.55,3620.55
OD007875,O03149,P0017,2,10962,15,18635.4,8625.4
OD007876,O03150,P0001,2,8847,0,17694.0,8014.0
OD007877,O03150,P0057,1,4846,15,4119.1,1265.1
OD007878,O03150,P0048,1,3582,0,3582.0,1619.0
OD007879,O03151,P0011,3,7617,5,21708.45,6795.45
OD007880,O03151,P0043,3,3251,10,8777.7,662.7
OD007881,O03151,P0015,4,6239,20,19964.8,2124.8
OD007882,O03152,P0004,2,3517,20,5627.2,571.2
OD007883,O03152,P0071,4,8287,15,28175.8,5635.8
OD007884,O03152,P0047,2,4367,5,8297.3,2069.3
OD007885,O03153,P0065,2,1750,0,3500.0,1072.0
OD007886,O03153,P0043,4,3251,20,10403.2,-416.8
OD007887,O03153,P0005,4,526,20,1683.2,527.2
OD007888,O03153,P0050,3,791,10,2135.7,836.7
OD007889,O03154,P0045,3,8473,20,20335.2,1573.2
OD007890,O03154,P0010,4,6288,10,22636.8,6232.8
OD007891,O03155,P0008,4,9277,10,33397.2,7753.2
OD007892,O03155,P0032,4,11145,15,37893.0,13061.0
OD007893,O03156,P0030,1,10331,20,8264.8,2359.8
OD007894,O03156,P0073,2,3981,5,7563.9,2763.9
OD007895,O03156,P0025,2,6585,15,11194.5,3804.5
OD007896,O03157,P0073,4,3981,5,15127.8,5527.8
OD007897,O03158,P0066,1,3382,10,3043.8,634.8
OD007898,O03158,P0020,1,1983,5,1883.85,318.85
OD007899,O03158,P0063,4,5568,10,20044.8,7596.8
OD007900,O03159,P0057,4,4846,15,16476.4,5060.4
OD007901,O03159,P0022,1,5467,15,4646.95,2127.95
OD007902,O03159,P0056,3,14270,5,40669.5,21004.5
OD007903,O03160,P0014,2,10018,5,19034.2,8328.2
OD007904,O03160,P0048,3,3582,25,8059.5,2170.5
OD007905,O03160,P0070,3,9093,10,24551.1,7019.1
OD007906,O03160,P0067,1,3128,0,3128.0,892.0
OD007907,O03161,P0072,2,10954,10,19717.2,9339.2
OD007908,O03162,P0018,3,8947,10,24156.9,5973.9
OD007909,O03162,P0076,4,7205,20,23056.0,4724.0
OD007910,O03162,P0050,2,791,0,1582.0,716.0
OD007911,O03163,P0039,4,7839,15,26652.6,5040.6
OD007912,O03163,P0040,2,6601,25,9901.5,1903.5
OD007913,O03163,P0051,4,8105,10,29178.0,10994.0
OD007914,O03163,P0075,2,2498,15,4246.6,1578.6
OD007915,O03164,P0037,2,4495,15,7641.5,2513.5
OD007916,O03165,P0005,1,526,20,420.8,131.8
OD007917,O03165,P0061,3,6727,5,19171.95,5335.95
OD007918,O03165,P0004,1,3517,5,3341.15,813.15
OD007919,O03166,P0035,1,3553,10,3197.7,447.7
OD007920,O03166,P0001,3,8847,10,23886.9,9366.9
OD007921,O03167,P0015,4,6239,15,21212.6,3372.6
OD007922,O03167,P0051,4,8105,15,27557.0,9373.0
OD007923,O03168,P0067,1,3128,15,2658.8,422.8
OD007924,O03168,P0025,2,6585,10,11853.0,4463.0
OD007925,O03168,P0078,1,2727,20,2181.6,458.6
OD007926,O03168,P0003,1,319,20,255.2,-6.8
OD007927,O03169,P0024,1,9546,25,7159.5,2233.5
OD007928,O03169,P0053,3,500,15,1275.0,579.0
OD007929,O03170,P0026,2,9610,25,14415.0,1987.0
OD007930,O03170,P0006,4,5410,15,18394.0,5122.0
OD007931,O03170,P0059,4,7607,5,28906.6,14346.6
OD007932,O03171,P0033,4,5694,20,18220.8,364.8
OD007933,O03171,P0005,3,526,15,1341.3,474.3
OD007934,O03171,P0072,1,10954,20,8763.2,3574.2
OD007935,O03172,P0029,1,8916,0,8916.0,2844.0
OD007936,O03172,P0017,3,10962,25,24664.5,9649.5
OD007937,O03173,P0062,1,6552,20,5241.6,1415.6
OD007938,O03173,P0032,4,11145,5,42351.0,17519.0
OD007939,O03173,P0013,1,1311,25,983.25,382.25
OD007940,O03173,P0069,3,6924,20,16617.6,-497.4
OD007941,O03174,P0002,2,8892,15,15116.4,5626.4
OD007942,O03174,P0036,1,8476,0,8476.0,3828.0
OD007943,O03174,P0072,4,10954,15,37243.6,16487.6
OD007944,O03174,P0028,2,3631,20,5809.6,641.6
OD007945,O03175,P0041,3,8569,0,25707.0,11292.0
OD007946,O03175,P0034,1,8273,5,7859.35,1336.35
OD007947,O03175,P0076,1,7205,15,6124.25,1541.25
OD007948,O03176,P0028,1,3631,15,3086.35,502.35
OD007949,O03176,P0039,4,7839,20,25084.8,3472.8
OD007950,O03176,P0054,4,7011,5,26641.8,12077.8
OD007951,O03177,P0047,3,4367,5,12445.95,3103.95
OD007952,O03177,P0039,3,7839,0,23517.0,7308.0
OD007953,O03178,P0063,4,5568,10,20044.8,7596.8
OD007954,O03179,P0021,3,12927,15,32963.85,15149.85
OD007955,O03180,P0026,3,9610,15,24505.5,5863.5
OD007956,O03181,P0066,1,3382,0,3382.0,973.0
OD007957,O03181,P0045,2,8473,15,14404.1,1896.1
OD007958,O03181,P0008,3,9277,15,23656.35,4423.35
OD007959,O03182,P0040,1,6601,10,5940.9,1941.9
OD007960,O03182,P0013,3,1311,5,3736.35,1933.35
OD007961,O03183,P0073,3,3981,0,11943.0,4743.0
OD007962,O03183,P0019,3,6155,5,17541.75,8808.75
OD007963,O03183,P0009,4,4834,15,16435.6,3419.6
OD007964,O03183,P0042,3,8402,20,20164.8,3028.8
OD007965,O03184,P0039,3,7839,0,23517.0,7308.0
OD007966,O03184,P0051,3,8105,15,20667.75,7029.75
OD007967,O03184,P0004,4,3517,5,13364.6,3252.6
OD007968,O03185,P0030,1,10331,5,9814.45,3909.45
OD007969,O03185,P0029,4,8916,10,32097.6,7809.6
OD007970,O03185,P0010,1,6288,5,5973.6,1872.6
OD007971,O03186,P0025,4,6585,10,23706.0,8926.0
OD007972,O03186,P0080,1,13672,10,12304.8,5422.8
OD007973,O03186,P0003,2,319,15,542.3,18.3
OD007974,O03187,P0043,3,3251,20,7802.4,-312.6
OD007975,O03187,P0037,4,4495,15,15283.0,5027.0
OD007976,O03188,P0030,3,10331,15,26344.05,8629.05
OD007977,O03188,P0031,4,14006,0,56024.0,30188.0
OD007978,O03188,P0049,4,4908,0,19632.0,9188.0
OD007979,O03189,P0024,4,9546,15,32456.4,12752.4
OD007980,O03190,P0008,4,9277,20,29686.4,4042.4
OD007981,O03190,P0074,4,4472,20,14310.4,1670.4
OD007982,O03190,P0010,1,6288,20,5030.4,929.4
OD007983,O03190,P0064,1,6997,10,6297.3,2291.3
OD007984,O03191,P0027,4,4363,10,15706.8,2006.8
OD007985,O03191,P0082,3,2255,0,6765.0,3273.0
OD007986,O03191,P0038,4,5709,10,20552.4,8556.4
OD007987,O03191,P0050,2,791,10,1423.8,557.8
OD007988,O03192,P0040,3,6601,25,14852.25,2855.25
OD007989,O03192,P0067,1,3128,20,2502.4,266.4
OD007990,O03192,P0044,3,1630,0,4890.0,1176.0
OD007991,O03192,P0041,2,8569,20,13710.4,4100.4
OD007992,O03193,P0036,1,8476,10,7628.4,2980.4
OD007993,O03193,P0076,4,7205,10,25938.0,7606.0
OD007994,O03193,P0044,2,1630,10,2934.0,458.0
OD007995,O03194,P0066,3,3382,25,7609.5,382.5
OD007996,O03195,P0071,4,8287,20,26518.4,3978.4
OD007997,O03196,P0055,4,3114,10,11210.4,2238.4
OD007998,O03196,P0066,1,3382,10,3043.8,634.8
OD007999,O03197,P0022,1,5467,10,4920.3,2401.3
OD008000,O03197,P0080,3,13672,20,32812.8,12166.8
OD008001,O03197,P0004,3,3517,10,9495.9,1911.9
OD008002,O03197,P0075,3,2498,10,6744.6,2742.6
OD008003,O03198,P0064,3,6997,20,16792.8,4774.8
OD008004,O03198,P0010,3,6288,0,18864.0,6561.0
OD008005,O03199,P0060,1,3201,5,3040.95,1526.95
OD008006,O03199,P0064,2,6997,10,12594.6,4582.6
OD008007,O03200,P0080,4,13672,25,41016.0,13488.0
OD008008,O03200,P0077,2,3416,25,5124.0,1772.0
OD008009,O03200,P0020,4,1983,15,6742.2,482.2
OD008010,O03201,P0033,3,5694,0,17082.0,3690.0
OD008011,O03201,P0077,2,3416,15,5807.2,2455.2
OD008012,O03201,P0046,2,10496,0,20992.0,11178.0
OD008013,O03201,P0075,2,2498,15,4246.6,1578.6
OD008014,O03202,P0067,4,3128,0,12512.0,3568.0
OD008015,O03202,P0016,4,7194,20,23020.8,8524.8
OD008016,O03202,P0025,4,6585,15,22389.0,7609.0
OD008017,O03203,P0082,4,2255,0,9020.0,4364.0
OD008018,O03203,P0012,4,2280,15,7752.0,1260.0
OD008019,O03203,P0054,2,7011,10,12619.8,5337.8
OD008020,O03203,P0008,1,9277,0,9277.0,2866.0
OD008021,O03204,P0049,4,4908,15,16687.2,6243.2
OD008022,O03204,P0079,1,11587,5,11007.65,5574.65
OD008023,O03205,P0067,3,3128,10,8445.6,1737.6
OD008024,O03206,P0072,2,10954,10,19717.2,9339.2
OD008025,O03206,P0071,1,8287,10,7458.3,1823.3
OD008026,O03206,P0011,1,7617,20,6093.6,1122.6
OD008027,O03206,P0047,4,4367,5,16594.6,4138.6
OD008028,O03207,P0030,4,10331,10,37191.6,13571.6
OD008029,O03207,P0034,1,8273,15,7032.05,509.05
OD008030,O03207,P0025,1,6585,15,5597.25,1902.25
OD008031,O03208,P0011,2,7617,5,14472.3,4530.3
OD008032,O03209,P0018,4,8947,5,33998.6,9754.6
OD008033,O03209,P0021,3,12927,25,29085.75,11271.75
OD008034,O03209,P0081,1,4694,10,4224.6,1640.6
OD008035,O03210,P0027,2,4363,5,8289.7,1439.7
OD008036,O03210,P0017,1,10962,10,9865.8,4860.8
OD008037,O03210,P0036,3,8476,10,22885.2,8941.2
OD008038,O03211,P0016,1,7194,5,6834.3,3210.3
OD008039,O03211,P0009,4,4834,5,18369.2,5353.2
OD008040,O03211,P0045,2,8473,0,16946.0,4438.0
OD008041,O03212,P0030,2,10331,0,20662.0,8852.0
OD008042,O03213,P0039,1,7839,5,7447.05,2044.05
OD008043,O03213,P0082,1,2255,15,1916.75,752.75
OD008044,O03213,P0057,1,4846,25,3634.5,780.5
OD008045,O03214,P0071,1,8287,0,8287.0,2652.0
OD008046,O03214,P0008,2,9277,5,17626.3,4804.3
OD008047,O03215,P0043,4,3251,0,13004.0,2184.0
OD008048,O03216,P0022,4,5467,10,19681.2,9605.2
OD008049,O03216,P0052,2,1682,15,2859.4,927.4
OD008050,O03217,P0058,2,3214,10,5785.2,1849.2
OD008051,O03217,P0006,4,5410,15,18394.0,5122.0
OD008052,O03218,P0051,1,8105,0,8105.0,3559.0
OD008053,O03218,P0016,2,7194,5,13668.6,6420.6
OD008054,O03218,P0062,2,6552,15,11138.4,3486.4
OD008055,O03218,P0075,4,2498,10,8992.8,3656.8
OD008056,O03219,P0063,3,5568,10,15033.6,5697.6
OD008057,O03219,P0071,3,8287,20,19888.8,2983.8
OD008058,O03219,P0034,2,8273,15,14064.1,1018.1
OD008059,O03219,P0004,1,3517,20,2813.6,285.6
OD008060,O03220,P0078,3,2727,5,7771.95,2602.95
OD008061,O03220,P0066,1,3382,20,2705.6,296.6
OD008062,O03221,P0072,1,10954,5,10406.3,5217.3
OD008063,O03222,P0015,4,6239,5,23708.2,5868.2
OD008064,O03223,P0005,2,526,0,1052.0,474.0
OD008065,O03223,P0063,3,5568,10,15033.6,5697.6
OD008066,O03224,P0079,2,11587,0,23174.0,12308.0
OD008067,O03225,P0046,3,10496,15,26764.8,12043.8
OD008068,O03225,P0041,4,8569,15,29134.6,9914.6
OD008069,O03225,P0042,1,8402,10,7561.8,1849.8
OD008070,O03226,P0024,4,9546,0,38184.0,18480.0
OD008071,O03226,P0078,3,2727,25,6135.75,966.75
OD008072,O03226,P0013,3,1311,20,3146.4,1343.4
OD008073,O03227,P0074,2,4472,0,8944.0,2624.0
OD008074,O03227,P0077,1,3416,15,2903.6,1227.6
OD008075,O03227,P0030,4,10331,25,30993.0,7373.0
OD008076,O03228,P0030,3,10331,0,30993.0,13278.0
OD008077,O03228,P0004,2,3517,0,7034.0,1978.0
OD008078,O03228,P0076,3,7205,10,19453.5,5704.5
OD008079,O03229,P0017,1,10962,20,8769.6,3764.6
OD008080,O03229,P0034,2,8273,20,13236.8,190.8
OD008081,O03229,P0026,4,9610,15,32674.0,7818.0
OD008082,O03229,P0003,3,319,20,765.6,-20.4
OD008083,O03230,P0048,4,3582,15,12178.8,4326.8
OD008084,O03230,P0047,2,4367,0,8734.0,2506.0
OD008085,O03230,P0068,1,375,10,337.5,37.5
OD008086,O03231,P0006,1,5410,10,4869.0,1551.0
OD008087,O03231,P0011,2,7617,10,13710.6,3768.6
OD008088,O03231,P0082,1,2255,10,2029.5,865.5
OD008089,O03231,P0012,3,2280,0,6840.0,1971.0
OD008090,O03232,P0024,2,9546,15,16228.2,6376.2
OD008091,O03232,P0056,2,14270,10,25686.0,12576.0
OD008092,O03232,P0053,4,500,15,1700.0,772.0
OD008093,O03232,P0026,4,9610,15,32674.0,7818.0
OD008094,O03233,P0033,3,5694,15,14519.7,1127.7
OD008095,O03233,P0045,2,8473,20,13556.8,1048.8
OD008096,O03233,P0020,1,1983,25,1487.25,-77.75
OD008097,O03233,P0048,1,3582,0,3582.0,1619.0
OD008098,O03234,P0002,3,8892,10,24008.4,9773.4
OD008099,O03234,P0035,1,3553,0,3553.0,803.0
OD008100,O03234,P0052,2,1682,5,3195.8,1263.8
OD008101,O03235,P0082,2,2255,10,4059.0,1731.0
OD008102,O03235,P0047,4,4367,0,17468.0,5012.0
OD008103,O03235,P0066,1,3382,15,2874.7,465.7
OD008104,O03235,P0022,2,5467,15,9293.9,4255.9
OD008105,O03236,P0011,1,7617,5,7236.15,2265.15
OD008106,O03236,P0035,4,3553,15,12080.2,1080.2
OD008107,O03237,P0027,4,4363,20,13961.6,261.6
OD008108,O03237,P0039,3,7839,10,21165.3,4956.3
OD008109,O03237,P0042,4,8402,5,31927.6,9079.6
OD008110,O03237,P0026,2,9610,15,16337.0,3909.0
OD008111,O03238,P0021,4,12927,15,43951.8,20199.8
OD008112,O03238,P0031,3,14006,5,39917.1,20540.1
OD008113,O03239,P0038,3,5709,20,13701.6,4704.6
OD008114,O03239,P0007,1,9936,15,8445.6,2252.6
OD008115,O03239,P0076,3,7205,10,19453.5,5704.5
OD008116,O03240,P0011,1,7617,5,7236.15,2265.15
OD008117,O03240,P0014,3,10018,20,24043.2,7984.2
OD008118,O03241,P0004,3,3517,0,10551.0,2967.0
OD008119,O03242,P0028,2,3631,10,6535.8,1367.8
OD008120,O03242,P0059,3,7607,25,17115.75,6195.75
OD008121,O03243,P0021,4,12927,0,51708.0,27956.0
OD008122,O03243,P0075,2,2498,5,4746.2,2078.2
OD008123,O03243,P0044,4,1630,25,4890.0,-62.0
OD008124,O03243,P0033,2,5694,0,11388.0,2460.0
OD008125,O03244,P0061,3,6727,15,17153.85,3317.85
OD008126,O03244,P0074,1,4472,15,3801.2,641.2
OD008127,O03244,P0017,4,10962,5,41655.6,21635.6
OD008128,O03244,P0040,2,6601,5,12541.9,4543.9
OD008129,O03245,P0040,4,6601,20,21123.2,5127.2
OD008130,O03245,P0046,2,10496,5,19942.4,10128.4
OD008131,O03245,P0043,1,3251,15,2763.35,58.35
OD008132,O03245,P0013,3,1311,10,3539.7,1736.7
OD008133,O03246,P0070,1,9093,15,7729.05,1885.05
OD008134,O03247,P0072,3,10954,5,31218.9,15651.9
OD008135,O03248,P0077,1,3416,10,3074.4,1398.4
OD008136,O03248,P0010,1,6288,5,5973.6,1872.6
OD008137,O03248,P0075,4,2498,5,9492.4,4156.4
OD008138,O03249,P0048,4,3582,5,13611.6,5759.6
OD008139,O03249,P0049,4,4908,10,17668.8,7224.8
OD008140,O03249,P0009,4,4834,5,18369.2,5353.2
OD008141,O03249,P0038,3,5709,15,14557.95,5560.95
OD008142,O03250,P0052,1,1682,0,1682.0,716.0
OD008143,O03250,P0067,4,3128,10,11260.8,2316.8
OD008144,O03251,P0020,3,1983,10,5354.1,659.1
OD008145,O03251,P0003,4,319,15,1084.6,36.6
OD008146,O03251,P0053,3,500,20,1200.0,504.0
OD008147,O03252,P0064,2,6997,10,12594.6,4582.6
OD008148,O03252,P0077,3,3416,15,8710.8,3682.8
OD008149,O03253,P0073,1,3981,10,3582.9,1182.9
OD008150,O03253,P0034,3,8273,15,21096.15,1527.15
OD008151,O03253,P0020,1,1983,0,1983.0,418.0
OD008152,O03253,P0045,1,8473,20,6778.4,524.4
OD008153,O03254,P0051,4,8105,15,27557.0,9373.0
OD008154,O03255,P0062,1,6552,10,5896.8,2070.8
OD008155,O03255,P0014,1,10018,10,9016.2,3663.2
OD008156,O03255,P0057,4,4846,10,17445.6,6029.6
OD008157,O03256,P0024,2,9546,25,14319.0,4467.0
OD008158,O03256,P0015,3,6239,15,15909.45,2529.45
OD008159,O03256,P0066,1,3382,20,2705.6,296.6
OD008160,O03256,P0033,2,5694,15,9679.8,751.8
OD008161,O03257,P0014,2,10018,20,16028.8,5322.8
OD008162,O03257,P0049,2,4908,15,8343.6,3121.6
OD008163,O03258,P0010,3,6288,15,16034.4,3731.4
OD008164,O03258,P0076,1,7205,10,6484.5,1901.5
OD008165,O03259,P0035,1,3553,15,3020.05,270.05
OD008166,O03259,P0040,3,6601,20,15842.4,3845.4
OD008167,O03259,P0034,4,8273,5,31437.4,5345.4
OD008168,O03260,P0040,3,6601,20,15842.4,3845.4
OD008169,O03260,P0044,3,1630,5,4645.5,931.5
OD008170,O03260,P0025,1,6585,5,6255.75,2560.75
OD008171,O03261,P0014,2,10018,20,16028.8,5322.8
OD008172,O03261,P0076,3,7205,15,18372.75,4623.75
OD008173,O03261,P0015,1,6239,15,5303.15,843.15
OD008174,O03261,P0039,4,7839,15,26652.6,5040.6
OD008175,O03262,P0063,2,5568,15,9465.6,3241.6
OD008176,O03262,P0065,3,1750,20,4200.0,558.0
OD008177,O03263,P0022,4,5467,5,20774.6,10698.6
OD008178,O03264,P0081,3,4694,15,11969.7,4217.7
OD008179,O03264,P0030,1,10331,15,8781.35,2876.35
OD008180,O03264,P0066,1,3382,5,3212.9,803.9
OD008181,O03265,P0055,3,3114,15,7940.7,1211.7
OD008182,O03265,P0051,2,8105,20,12968.0,3876.0
OD008183,O03265,P0007,4,9936,10,35769.6,10997.6
OD008184,O03265,P0059,4,7607,5,28906.6,14346.6
OD008185,O03266,P0024,1,9546,5,9068.7,4142.7
OD008186,O03266,P0028,3,3631,15,9259.05,1507.05
OD008187,O03266,P0021,4,12927,10,46537.2,22785.2
OD008188,O03267,P0051,1,8105,10,7294.5,2748.5
OD008189,O03267,P0001,1,8847,15,7519.95,2679.95
OD008190,O03267,P0023,4,12189,15,41442.6,19066.6
OD008191,O03267,P0024,1,9546,5,9068.7,4142.7
OD008192,O03268,P0065,3,1750,5,4987.5,1345.5
OD008193,O03268,P0067,1,3128,0,3128.0,892.0
OD008194,O03269,P0054,4,7011,0,28044.0,13480.0
OD008195,O03270,P0010,2,6288,10,11318.4,3116.4
OD008196,O03270,P0068,4,375,20,1200.0,0.0
OD008197,O03270,P0045,4,8473,5,32197.4,7181.4
OD008198,O03270,P0033,3,5694,25,12811.5,-580.5
OD008199,O03271,P0014,3,10018,0,30054.0,13995.0
OD008200,O03271,P0059,3,7607,5,21679.95,10759.95
OD008201,O03271,P0076,1,7205,20,5764.0,1181.0
OD008202,O03271,P0036,2,8476,0,16952.0,7656.0
OD008203,O03272,P0047,1,4367,20,3493.6,379.6
OD008204,O03272,P0062,3,6552,20,15724.8,4246.8
OD008205,O03273,P0035,2,3553,5,6750.7,1250.7
OD008206,O03273,P0068,2,375,25,562.5,-37.5
OD008207,O03273,P0064,3,6997,5,19941.45,7923.45
OD008208,O03273,P0080,3,13672,10,36914.4,16268.4
OD008209,O03274,P0056,3,14270,10,38529.0,18864.0
OD008210,O03275,P0030,2,10331,10,18595.8,6785.8
OD008211,O03275,P0080,4,13672,10,49219.2,21691.2
OD008212,O03275,P0002,4,8892,25,26676.0,7696.0
OD008213,O03276,P0032,4,11145,10,40122.0,15290.0
OD008214,O03276,P0031,4,14006,10,50421.6,24585.6
OD008215,O03276,P0042,2,8402,10,15123.6,3699.6
OD008216,O03276,P0030,3,10331,0,30993.0,13278.0
OD008217,O03277,P0035,1,3553,10,3197.7,447.7
OD008218,O03277,P0040,2,6601,15,11221.7,3223.7
OD008219,O03278,P0079,3,11587,15,29546.85,13247.85
OD008220,O03278,P0042,4,8402,10,30247.2,7399.2
OD008221,O03278,P0055,2,3114,10,5605.2,1119.2
OD008222,O03278,P0080,1,13672,10,12304.8,5422.8
OD008223,O03279,P0050,3,791,10,2135.7,836.7
OD008224,O03279,P0081,3,4694,5,13377.9,5625.9
OD008225,O03280,P0050,1,791,25,593.25,160.25
OD008226,O03280,P0018,3,8947,15,22814.85,4631.85
OD008227,O03281,P0067,2,3128,25,4692.0,220.0
OD008228,O03281,P0074,3,4472,5,12745.2,3265.2
OD008229,O03282,P0044,2,1630,5,3097.0,621.0
OD008230,O03282,P0003,4,319,20,1020.8,-27.2
OD008231,O03282,P0033,2,5694,10,10249.2,1321.2
OD008232,O03282,P0070,4,9093,0,36372.0,12996.0
OD008233,O03283,P0064,2,6997,15,11894.9,3882.9
OD008234,O03283,P0041,3,8569,15,21850.95,7435.95
OD008235,O03283,P0040,2,6601,20,10561.6,2563.6
OD008236,O03283,P0015,1,6239,10,5615.1,1155.1
OD008237,O03284,P0075,3,2498,5,7119.3,3117.3
OD008238,O03284,P0032,2,11145,10,20061.0,7645.0
OD008239,O03284,P0031,3,14006,5,39917.1,20540.1
OD008240,O03284,P0036,1,8476,10,7628.4,2980.4
OD008241,O03285,P0067,4,3128,5,11886.4,2942.4
OD008242,O03285,P0027,1,4363,15,3708.55,283.55
OD008243,O03285,P0078,4,2727,25,8181.0,1289.0
OD008244,O03286,P0061,2,6727,20,10763.2,1539.2
OD008245,O03286,P0043,2,3251,10,5851.8,441.8
OD008246,O03286,P0075,2,2498,5,4746.2,2078.2
OD008247,O03286,P0079,1,11587,5,11007.65,5574.65
OD008248,O03287,P0038,2,5709,20,9134.4,3136.4
OD008249,O03287,P0064,3,6997,5,19941.45,7923.45
OD008250,O03287,P0026,3,9610,5,27388.5,8746.5
OD008251,O03288,P0077,2,3416,20,5465.6,2113.6
OD008252,O03288,P0006,4,5410,10,19476.0,6204.0
OD008253,O03288,P0018,2,8947,25,13420.5,1298.5
OD008254,O03289,P0054,2,7011,10,12619.8,5337.8
OD008255,O03290,P0058,1,3214,15,2731.9,763.9
OD008256,O03291,P0066,2,3382,5,6425.8,1607.8
OD008257,O03291,P0046,3,10496,20,25190.4,10469.4
OD008258,O03291,P0051,2,8105,0,16210.0,7118.0
OD008259,O03292,P0054,4,7011,5,26641.8,12077.8
OD008260,O03292,P0057,3,4846,10,13084.2,4522.2
OD008261,O03293,P0044,3,1630,5,4645.5,931.5
OD008262,O03293,P0039,2,7839,10,14110.2,3304.2
OD008263,O03293,P0007,3,9936,10,26827.2,8248.2
OD008264,O03293,P0064,1,6997,25,5247.75,1241.75
OD008265,O03294,P0006,4,5410,10,19476.0,6204.0
OD008266,O03294,P0033,4,5694,15,19359.6,1503.6
OD008267,O03294,P0018,3,8947,0,26841.0,8658.0
OD008268,O03295,P0038,3,5709,0,17127.0,8130.0
OD008269,O03295,P0077,3,3416,20,8198.4,3170.4
OD008270,O03296,P0030,1,10331,10,9297.9,3392.9
OD008271,O03297,P0036,1,8476,10,7628.4,2980.4
OD008272,O03297,P0015,4,6239,5,23708.2,5868.2
OD008273,O03297,P0068,2,375,10,675.0,75.0
OD008274,O03297,P0061,3,6727,0,20181.0,6345.0
OD008275,O03298,P0069,3,6924,10,18694.8,1579.8
OD008276,O03298,P0017,4,10962,10,39463.2,19443.2
OD008277,O03298,P0023,1,12189,15,10360.65,4766.65
OD008278,O03299,P0039,3,7839,10,21165.3,4956.3
OD008279,O03300,P0070,2,9093,5,17276.7,5588.7
OD008280,O03301,P0040,2,6601,10,11881.8,3883.8
OD008281,O03301,P0035,1,3553,0,3553.0,803.0
OD008282,O03301,P0027,2,4363,5,8289.7,1439.7
OD008283,O03301,P0016,4,7194,15,24459.6,9963.6
OD008284,O03302,P0061,1,6727,15,5717.95,1105.95
OD008285,O03302,P0039,4,7839,15,26652.6,5040.6
OD008286,O03302,P0007,1,9936,10,8942.4,2749.4
OD008287,O03303,P0080,3,13672,20,32812.8,12166.8
OD008288,O03304,P0038,1,5709,5,5423.55,2424.55
OD008289,O03304,P0005,1,526,20,420.8,131.8
OD008290,O03304,P0016,4,7194,0,28776.0,14280.0
OD008291,O03304,P0026,1,9610,0,9610.0,3396.0
OD008292,O03305,P0056,4,14270,15,48518.0,22298.0
OD008293,O03305,P0022,3,5467,20,13120.8,5563.8
OD008294,O03306,P0039,1,7839,15,6663.15,1260.15
OD008295,O03306,P0026,2,9610,0,19220.0,6792.0
OD008296,O03306,P0045,4,8473,5,32197.4,7181.4
OD008297,O03306,P0027,4,4363,10,15706.8,2006.8
OD008298,O03307,P0034,2,8273,5,15718.7,2672.7
OD008299,O03308,P0013,3,1311,10,3539.7,1736.7
OD008300,O03308,P0075,4,2498,0,9992.0,4656.0
OD008301,O03308,P0018,4,8947,5,33998.6,9754.6
OD008302,O03309,P0067,4,3128,15,10635.2,1691.2
OD008303,O03309,P0062,4,6552,20,20966.4,5662.4
OD008304,O03309,P0057,2,4846,20,7753.6,2045.6
OD008305,O03309,P0048,1,3582,20,2865.6,902.6
OD008306,O03310,P0036,4,8476,10,30513.6,11921.6
OD008307,O03310,P0057,3,4846,10,13084.2,4522.2
OD008308,O03311,P0060,4,3201,0,12804.0,6748.0
OD008309,O03311,P0059,1,7607,10,6846.3,3206.3
OD008310,O03311,P0024,1,9546,15,8114.1,3188.1
OD008311,O03312,P0003,2,319,5,606.1,82.1
OD008312,O03313,P0035,3,3553,0,10659.0,2409.0
OD008313,O03313,P0047,2,4367,10,7860.6,1632.6
OD008314,O03313,P0050,1,791,20,632.8,199.8
OD008315,O03314,P0073,4,3981,10,14331.6,4731.6
OD008316,O03314,P0080,3,13672,0,41016.0,20370.0
OD008317,O03315,P0005,1,526,5,499.7,210.7
OD008318,O03315,P0034,2,8273,5,15718.7,2672.7
OD008319,O03315,P0020,3,1983,15,5056.65,361.65
OD008320,O03315,P0024,4,9546,20,30547.2,10843.2
OD008321,O03316,P0069,3,6924,5,19733.4,2618.4
OD008322,O03316,P0047,3,4367,20,10480.8,1138.8
OD008323,O03316,P0007,2,9936,0,19872.0,7486.0
OD008324,O03316,P0070,2,9093,0,18186.0,6498.0
OD008325,O03317,P0016,2,7194,10,12949.2,5701.2
OD008326,O03318,P0050,3,791,10,2135.7,836.7
OD008327,O03318,P0013,3,1311,15,3343.05,1540.05
OD008328,O03319,P0061,2,6727,15,11435.9,2211.9
OD008329,O03319,P0050,4,791,0,3164.0,1432.0
OD008330,O03319,P0043,4,3251,10,11703.6,883.6
OD008331,O03319,P0067,2,3128,20,5004.8,532.8
OD008332,O03320,P0034,3,8273,20,19855.2,286.2
OD008333,O03320,P0069,1,6924,15,5885.4,180.4
OD008334,O03321,P0058,3,3214,5,9159.9,3255.9
OD008335,O03321,P0015,1,6239,15,5303.15,843.15
OD008336,O03322,P0037,1,4495,15,3820.75,1256.75
OD008337,O03323,P0030,4,10331,20,33059.2,9439.2
OD008338,O03323,P0055,1,3114,20,2491.2,248.2
OD008339,O03323,P0042,1,8402,15,7141.7,1429.7
OD008340,O03323,P0034,4,8273,20,26473.6,381.6
OD008341,O03324,P0068,3,375,10,1012.5,112.5
OD008342,O03325,P0022,2,5467,10,9840.6,4802.6
OD008343,O03325,P0057,4,4846,20,15507.2,4091.2
OD008344,O03325,P0001,1,8847,10,7962.3,3122.3
OD008345,O03326,P0046,3,10496,10,28339.2,13618.2
OD008346,O03326,P0051,1,8105,10,7294.5,2748.5
OD008347,O03326,P0061,4,6727,15,22871.8,4423.8
OD008348,O03326,P0008,1,9277,5,8813.15,2402.15
OD008349,O03327,P0015,1,6239,0,6239.0,1779.0
OD008350,O03327,P0004,3,3517,5,10023.45,2439.45
OD008351,O03328,P0047,2,4367,15,7423.9,1195.9
OD008352,O03328,P0075,2,2498,10,4496.4,1828.4
OD008353,O03328,P0039,4,7839,0,31356.0,9744.0
OD008354,O03328,P0018,3,8947,5,25498.95,7315.95
OD008355,O03329,P0069,1,6924,10,6231.6,526.6
OD008356,O03329,P0014,1,10018,10,9016.2,3663.2
OD008357,O03329,P0047,4,4367,0,17468.0,5012.0
OD008358,O03330,P0012,3,2280,20,5472.0,603.0
OD008359,O03330,P0070,2,9093,15,15458.1,3770.1
OD008360,O03331,P0078,3,2727,0,8181.0,3012.0
OD008361,O03331,P0063,2,5568,15,9465.6,3241.6
OD008362,O03332,P0040,3,6601,0,19803.0,7806.0
OD008363,O03332,P0032,2,11145,5,21175.5,8759.5
OD008364,O03332,P0057,2,4846,10,8722.8,3014.8
OD008365,O03333,P0055,2,3114,0,6228.0,1742.0
OD008366,O03333,P0082,4,2255,20,7216.0,2560.0
OD008367,O03333,P0049,4,4908,5,18650.4,8206.4
OD008368,O03333,P0056,2,14270,5,27113.0,14003.0
OD008369,O03334,P0021,4,12927,0,51708.0,27956.0
OD008370,O03334,P0016,3,7194,5,20502.9,9630.9
OD008371,O03334,P0029,2,8916,20,14265.6,2121.6
OD008372,O03334,P0045,3,8473,10,22877.1,4115.1
OD008373,O03335,P0063,2,5568,0,11136.0,4912.0
OD008374,O03336,P0021,1,12927,5,12280.65,6342.65
OD008375,O03336,P0033,1,5694,20,4555.2,91.2
OD008376,O03336,P0073,1,3981,5,3781.95,1381.95
OD008377,O03337,P0033,1,5694,20,4555.2,91.2
OD008378,O03338,P0079,2,11587,10,20856.6,9990.6
OD008379,O03338,P0003,1,319,15,271.15,9.15
OD008380,O03339,P0020,3,1983,10,5354.1,659.1
OD008381,O03339,P0077,1,3416,15,2903.6,1227.6
OD008382,O03339,P0079,2,11587,5,22015.3,11149.3
OD008383,O03339,P0060,4,3201,10,11523.6,5467.6
OD008384,O03340,P0026,3,9610,20,23064.0,4422.0
OD008385,O03340,P0013,3,1311,15,3343.05,1540.05
OD008386,O03340,P0017,1,10962,10,9865.8,4860.8
OD008387,O03341,P0056,4,14270,15,48518.0,22298.0
OD008388,O03342,P0033,4,5694,20,18220.8,364.8
OD008389,O03343,P0012,1,2280,15,1938.0,315.0
OD008390,O03343,P0082,3,2255,5,6426.75,2934.75
OD008391,O03343,P0072,3,10954,5,31218.9,15651.9
OD008392,O03344,P0060,4,3201,10,11523.6,5467.6
OD008393,O03344,P0030,1,10331,25,7748.25,1843.25
OD008394,O03344,P0019,4,6155,15,20927.0,9283.0
OD008395,O03344,P0027,2,4363,20,6980.8,130.8
OD008396,O03345,P0058,3,3214,5,9159.9,3255.9
OD008397,O03345,P0025,2,6585,10,11853.0,4463.0
OD008398,O03345,P0020,4,1983,10,7138.8,878.8
OD008399,O03345,P0043,4,3251,15,11053.4,233.4
OD008400,O03346,P0001,1,8847,15,7519.95,2679.95
OD008401,O03346,P0015,3,6239,20,14973.6,1593.6
OD008402,O03347,P0008,4,9277,10,33397.2,7753.2
OD008403,O03347,P0038,3,5709,10,15414.3,6417.3
OD008404,O03347,P0048,1,3582,5,3402.9,1439.9
OD008405,O03348,P0037,2,4495,15,7641.5,2513.5
OD008406,O03348,P0030,4,10331,10,37191.6,13571.6
OD008407,O03348,P0040,4,6601,15,22443.4,6447.4
OD008408,O03349,P0078,3,2727,15,6953.85,1784.85
OD008409,O03350,P0059,2,7607,15,12931.9,5651.9
OD008410,O03350,P0048,3,3582,10,9671.4,3782.4
OD008411,O03350,P0024,4,9546,10,34365.6,14661.6
OD008412,O03350,P0058,2,3214,0,6428.0,2492.0
OD008413,O03351,P0015,3,6239,15,15909.45,2529.45
OD008414,O03351,P0017,4,10962,5,41655.6,21635.6
OD008415,O03351,P0031,1,14006,0,14006.0,7547.0
OD008416,O03352,P0059,4,7607,5,28906.6,14346.6
OD008417,O03353,P0015,4,6239,10,22460.4,4620.4
OD008418,O03353,P0080,3,13672,10,36914.4,16268.4
OD008419,O03353,P0039,2,7839,5,14894.1,4088.1
OD008420,O03353,P0027,1,4363,20,3490.4,65.4
OD008421,O03354,P0055,4,3114,0,12456.0,3484.0
OD008422,O03354,P0080,1,13672,5,12988.4,6106.4
OD008423,O03354,P0073,3,3981,15,10151.55,2951.55
OD008424,O03354,P0006,4,5410,10,19476.0,6204.0
OD008425,O03355,P0035,2,3553,10,6395.4,895.4
OD008426,O03355,P0049,1,4908,15,4171.8,1560.8
OD008427,O03355,P0012,2,2280,10,4104.0,858.0
OD008428,O03356,P0047,3,4367,0,13101.0,3759.0
OD008429,O03356,P0013,4,1311,15,4457.4,2053.4
OD008430,O03356,P0007,2,9936,10,17884.8,5498.8
OD008431,O03357,P0051,4,8105,0,32420.0,14236.0
OD008432,O03357,P0081,2,4694,10,8449.2,3281.2
OD008433,O03357,P0008,1,9277,10,8349.3,1938.3
OD008434,O03357,P0053,2,500,15,850.0,386.0
OD008435,O03358,P0042,2,8402,15,14283.4,2859.4
OD008436,O03358,P0039,1,7839,15,6663.15,1260.15
OD008437,O03359,P0004,4,3517,15,11957.8,1845.8
OD008438,O03359,P0079,3,11587,5,33022.95,16723.95
OD008439,O03359,P0025,2,6585,25,9877.5,2487.5
OD008440,O03360,P0031,4,14006,5,53222.8,27386.8
OD008441,O03360,P0063,2,5568,25,8352.0,2128.0
OD008442,O03361,P0048,1,3582,0,3582.0,1619.0
OD008443,O03361,P0010,1,6288,15,5344.8,1243.8
OD008444,O03362,P0019,1,6155,20,4924.0,2013.0
OD008445,O03362,P0056,4,14270,10,51372.0,25152.0
OD008446,O03362,P0043,1,3251,20,2600.8,-104.2
OD008447,O03362,P0025,3,6585,15,16791.75,5706.75
OD008448,O03363,P0029,4,8916,0,35664.0,11376.0
OD008449,O03364,P0048,3,3582,25,8059.5,2170.5
OD008450,O03364,P0075,3,2498,0,7494.0,3492.0
OD008451,O03364,P0058,4,3214,0,12856.0,4984.0
OD008452,O03364,P0022,1,5467,10,4920.3,2401.3
OD008453,O03365,P0065,2,1750,20,2800.0,372.0
OD008454,O03365,P0034,3,8273,15,21096.15,1527.15
OD008455,O03365,P0080,1,13672,15,11621.2,4739.2
OD008456,O03365,P0001,2,8847,5,16809.3,7129.3
OD008457,O03366,P0040,3,6601,15,16832.55,4835.55
OD008458,O03367,P0064,4,6997,10,25189.2,9165.2
OD008459,O03367,P0036,2,8476,0,16952.0,7656.0
OD008460,O03367,P0042,2,8402,15,14283.4,2859.4
OD008461,O03368,P0035,2,3553,25,5329.5,-170.5
OD008462,O03368,P0067,1,3128,15,2658.8,422.8
OD008463,O03369,P0009,1,4834,20,3867.2,613.2
OD008464,O03370,P0077,4,3416,10,12297.6,5593.6
OD008465,O03370,P0046,4,10496,0,41984.0,22356.0
OD008466,O03371,P0082,1,2255,10,2029.5,865.5
OD008467,O03371,P0073,4,3981,5,15127.8,5527.8
OD008468,O03371,P0072,3,10954,0,32862.0,17295.0
OD008469,O03372,P0015,1,6239,20,4991.2,531.2
OD008470,O03373,P0022,4,5467,5,20774.6,10698.6
OD008471,O03374,P0014,1,10018,15,8515.3,3162.3
OD008472,O03374,P0015,1,6239,10,5615.1,1155.1
OD008473,O03375,P0082,3,2255,10,6088.5,2596.5
OD008474,O03375,P0056,3,14270,10,38529.0,18864.0
OD008475,O03375,P0041,1,8569,0,8569.0,3764.0
OD008476,O03376,P0016,4,7194,20,23020.8,8524.8
OD008477,O03376,P0061,1,6727,10,6054.3,1442.3
OD008478,O03377,P0002,2,8892,15,15116.4,5626.4
OD008479,O03377,P0030,1,10331,10,9297.9,3392.9
OD008480,O03377,P0009,1,4834,0,4834.0,1580.0
OD008481,O03377,P0011,2,7617,20,12187.2,2245.2
OD008482,O03378,P0038,4,5709,10,20552.4,8556.4
OD008483,O03378,P0007,2,9936,10,17884.8,5498.8
OD008484,O03379,P0034,2,8273,5,15718.7,2672.7
OD008485,O03379,P0044,1,1630,0,1630.0,392.0
OD008486,O03379,P0077,4,3416,20,10931.2,4227.2
OD008487,O03379,P0050,2,791,10,1423.8,557.8
OD008488,O03380,P0033,3,5694,0,17082.0,3690.0
OD008489,O03381,P0063,3,5568,15,14198.4,4862.4
OD008490,O03382,P0034,3,8273,5,23578.05,4009.05
OD008491,O03382,P0024,1,9546,15,8114.1,3188.1
OD008492,O03382,P0074,3,4472,10,12074.4,2594.4
OD008493,O03382,P0031,3,14006,5,39917.1,20540.1
OD008494,O03383,P0057,3,4846,10,13084.2,4522.2
OD008495,O03383,P0061,2,6727,10,12108.6,2884.6
OD008496,O03384,P0004,1,3517,5,3341.15,813.15
OD008497,O03384,P0046,2,10496,5,19942.4,10128.4
OD008498,O03384,P0010,4,6288,25,18864.0,2460.0
OD008499,O03384,P0014,2,10018,5,19034.2,8328.2
OD008500,O03385,P0048,4,3582,10,12895.2,5043.2
OD008501,O03385,P0035,2,3553,20,5684.8,184.8
OD008502,O03385,P0003,4,319,0,1276.0,228.0
OD008503,O03385,P0022,4,5467,5,20774.6,10698.6
OD008504,O03386,P0081,4,4694,5,17837.2,7501.2
OD008505,O03386,P0003,3,319,5,909.15,123.15
OD008506,O03386,P0045,3,8473,0,25419.0,6657.0
OD008507,O03386,P0066,2,3382,20,5411.2,593.2
OD008508,O03387,P0037,3,4495,25,10113.75,2421.75
OD008509,O03387,P0040,1,6601,15,5610.85,1611.85
OD008510,O03387,P0012,3,2280,5,6498.0,1629.0
OD008511,O03388,P0012,4,2280,10,8208.0,1716.0
OD008512,O03389,P0069,4,6924,0,27696.0,4876.0
OD008513,O03389,P0067,3,3128,5,8914.8,2206.8
OD008514,O03389,P0051,4,8105,10,29178.0,10994.0
OD008515,O03389,P0082,4,2255,20,7216.0,2560.0
OD008516,O03390,P0036,1,8476,15,7204.6,2556.6
OD008517,O03390,P0015,4,6239,15,21212.6,3372.6
OD008518,O03390,P0053,4,500,10,1800.0,872.0
OD008519,O03391,P0040,2,6601,0,13202.0,5204.0
OD008520,O03391,P0062,4,6552,0,26208.0,10904.0
OD008521,O03391,P0004,2,3517,15,5978.9,922.9
OD008522,O03392,P0006,4,5410,10,19476.0,6204.0
OD008523,O03392,P0069,4,6924,10,24926.4,2106.4
OD008524,O03392,P0036,3,8476,5,24156.6,10212.6
OD008525,O03392,P0075,4,2498,5,9492.4,4156.4
OD008526,O03393,P0011,3,7617,15,19423.35,4510.35
OD008527,O03393,P0018,3,8947,20,21472.8,3289.8
OD008528,O03393,P0026,1,9610,15,8168.5,1954.5
OD008529,O03393,P0068,3,375,5,1068.75,168.75
OD008530,O03394,P0072,1,10954,20,8763.2,3574.2
OD008531,O03394,P0001,1,8847,10,7962.3,3122.3
OD008532,O03395,P0008,4,9277,25,27831.0,2187.0
OD008533,O03395,P0022,2,5467,10,9840.6,4802.6
OD008534,O03395,P0039,3,7839,5,22341.15,6132.15
OD008535,O03395,P0050,3,791,10,2135.7,836.7
OD008536,O03396,P0010,4,6288,5,23894.4,7490.4
OD008537,O03396,P0071,4,8287,0,33148.0,10608.0
OD008538,O03397,P0035,3,3553,10,9593.1,1343.1
OD008539,O03397,P0028,1,3631,10,3267.9,683.9
OD008540,O03397,P0061,3,6727,20,16144.8,2308.8
OD008541,O03398,P0060,4,3201,10,11523.6,5467.6
OD008542,O03398,P0029,1,8916,10,8024.4,1952.4
OD008543,O03398,P0039,3,7839,5,22341.15,6132.15
OD008544,O03398,P0077,2,3416,20,5465.6,2113.6
OD008545,O03399,P0069,3,6924,5,19733.4,2618.4
OD008546,O03399,P0013,3,1311,15,3343.05,1540.05
OD008547,O03399,P0038,3,5709,20,13701.6,4704.6
OD008548,O03399,P0020,3,1983,10,5354.1,659.1
OD008549,O03400,P0069,1,6924,0,6924.0,1219.0
OD008550,O03400,P0075,1,2498,15,2123.3,789.3
OD008551,O03400,P0041,3,8569,10,23136.3,8721.3
OD008552,O03400,P0015,3,6239,25,14037.75,657.75
OD008553,O03401,P0011,2,7617,20,12187.2,2245.2
OD008554,O03401,P0036,3,8476,10,22885.2,8941.2
OD008555,O03401,P0034,2,8273,25,12409.5,-636.5
OD008556,O03402,P0022,2,5467,5,10387.3,5349.3
OD008557,O03402,P0012,2,2280,10,4104.0,858.0
OD008558,O03402,P0056,4,14270,15,48518.0,22298.0
OD008559,O03403,P0038,3,5709,10,15414.3,6417.3
OD008560,O03403,P0043,3,3251,20,7802.4,-312.6
OD008561,O03403,P0028,3,3631,10,9803.7,2051.7
OD008562,O03404,P0048,3,3582,10,9671.4,3782.4
OD008563,O03405,P0031,3,14006,15,35715.3,16338.3
OD008564,O03405,P0050,1,791,15,672.35,239.35
OD008565,O03405,P0041,2,8569,20,13710.4,4100.4
OD008566,O03406,P0069,4,6924,10,24926.4,2106.4
OD008567,O03406,P0056,2,14270,0,28540.0,15430.0
OD008568,O03406,P0075,1,2498,0,2498.0,1164.0
OD008569,O03406,P0026,1,9610,5,9129.5,2915.5
OD008570,O03407,P0008,1,9277,10,8349.3,1938.3
OD008571,O03407,P0021,3,12927,10,34902.9,17088.9
OD008572,O03407,P0033,1,5694,15,4839.9,375.9
OD008573,O03408,P0041,4,8569,0,34276.0,15056.0
OD008574,O03408,P0072,1,10954,0,10954.0,5765.0
OD008575,O03408,P0078,3,2727,5,7771.95,2602.95
OD008576,O03409,P0071,4,8287,15,28175.8,5635.8
OD008577,O03410,P0046,2,10496,5,19942.4,10128.4
OD008578,O03410,P0015,3,6239,0,18717.0,5337.0
OD008579,O03410,P0002,3,8892,10,24008.4,9773.4
OD008580,O03411,P0028,1,3631,20,2904.8,320.8
OD008581,O03412,P0027,1,4363,15,3708.55,283.55
OD008582,O03412,P0002,3,8892,15,22674.6,8439.6
OD008583,O03412,P0031,2,14006,5,26611.4,13693.4
OD008584,O03412,P0064,4,6997,15,23789.8,7765.8
OD008585,O03413,P0020,2,1983,0,3966.0,836.0
OD008586,O03413,P0023,1,12189,0,12189.0,6595.0
OD008587,O03413,P0039,2,7839,10,14110.2,3304.2
OD008588,O03414,P0059,3,7607,10,20538.9,9618.9
OD008589,O03414,P0057,2,4846,20,7753.6,2045.6
OD008590,O03414,P0053,3,500,20,1200.0,504.0
OD008591,O03415,P0078,2,2727,15,4635.9,1189.9
OD008592,O03416,P0042,4,8402,20,26886.4,4038.4
OD008593,O03416,P0029,4,8916,10,32097.6,7809.6
OD008594,O03417,P0050,2,791,0,1582.0,716.0
OD008595,O03417,P0016,3,7194,10,19423.8,8551.8
OD008596,O03417,P0059,2,7607,0,15214.0,7934.0
OD008597,O03417,P0080,1,13672,15,11621.2,4739.2
OD008598,O03418,P0071,1,8287,5,7872.65,2237.65
OD008599,O03418,P0081,3,4694,0,14082.0,6330.0
OD008600,O03419,P0068,3,375,15,956.25,56.25
OD008601,O03419,P0060,2,3201,15,5441.7,2413.7
OD008602,O03420,P0064,1,6997,25,5247.75,1241.75
OD008603,O03421,P0026,2,9610,25,14415.0,1987.0
OD008604,O03421,P0036,4,8476,0,33904.0,15312.0
OD008605,O03422,P0037,4,4495,5,17081.0,6825.0
OD008606,O03423,P0048,2,3582,5,6805.8,2879.8
OD008607,O03423,P0008,2,9277,25,13915.5,1093.5
OD008608,O03423,P0020,1,1983,10,1784.7,219.7
OD008609,O03423,P0065,2,1750,15,2975.0,547.0
OD008610,O03424,P0032,1,11145,0,11145.0,4937.0
OD008611,O03424,P0054,2,7011,10,12619.8,5337.8
OD008612,O03424,P0012,2,2280,5,4332.0,1086.0
OD008613,O03425,P0037,1,4495,15,3820.75,1256.75
OD008614,O03426,P0025,3,6585,10,17779.5,6694.5
OD008615,O03426,P0021,4,12927,15,43951.8,20199.8
OD008616,O03427,P0041,2,8569,10,15424.2,5814.2
OD008617,O03427,P0012,3,2280,20,5472.0,603.0
OD008618,O03428,P0004,1,3517,10,3165.3,637.3
OD008619,O03428,P0079,3,11587,10,31284.9,14985.9
OD008620,O03428,P0047,4,4367,20,13974.4,1518.4
OD008621,O03429,P0068,4,375,10,1350.0,150.0
OD008622,O03430,P0059,4,7607,5,28906.6,14346.6
OD008623,O03430,P0014,1,10018,10,9016.2,3663.2
OD008624,O03430,P0064,2,6997,5,13294.3,5282.3
OD008625,O03431,P0028,3,3631,0,10893.0,3141.0
OD008626,O03431,P0037,1,4495,10,4045.5,1481.5
OD008627,O03432,P0067,4,3128,10,11260.8,2316.8
OD008628,O03433,P0055,2,3114,5,5916.6,1430.6
OD008629,O03433,P0036,3,8476,5,24156.6,10212.6
OD008630,O03434,P0026,4,9610,20,30752.0,5896.0
OD008631,O03434,P0066,3,3382,10,9131.4,1904.4
OD008632,O03434,P0018,2,8947,25,13420.5,1298.5
OD008633,O03434,P0025,3,6585,20,15804.0,4719.0
OD008634,O03435,P0006,3,5410,15,13795.5,3841.5
OD008635,O03435,P0019,3,6155,15,15695.25,6962.25
OD008636,O03435,P0072,3,10954,5,31218.9,15651.9
OD008637,O03436,P0002,4,8892,20,28454.4,9474.4
OD008638,O03436,P0026,4,9610,0,38440.0,13584.0
OD008639,O03436,P0065,1,1750,15,1487.5,273.5
OD008640,O03437,P0075,1,2498,20,1998.4,664.4
OD008641,O03437,P0039,1,7839,0,7839.0,2436.0
OD008642,O03437,P0032,2,11145,20,17832.0,5416.0
OD008643,O03437,P0006,4,5410,5,20558.0,7286.0
OD008644,O03438,P0042,1,8402,0,8402.0,2690.0
OD008645,O03438,P0028,1,3631,15,3086.35,502.35
OD008646,O03438,P0076,2,7205,20,11528.0,2362.0
OD008647,O03438,P0058,3,3214,15,8195.7,2291.7
OD008648,O03439,P0041,2,8569,25,12853.5,3243.5
OD008649,O03439,P0015,4,6239,20,19964.8,2124.8
OD008650,O03440,P0005,2,526,5,999.4,421.4
OD008651,O03440,P0010,1,6288,5,5973.6,1872.6
OD008652,O03441,P0054,4,7011,10,25239.6,10675.6
OD008653,O03441,P0029,4,8916,20,28531.2,4243.2
OD008654,O03441,P0022,4,5467,5,20774.6,10698.6
OD008655,O03442,P0063,3,5568,25,12528.0,3192.0
OD008656,O03443,P0013,3,1311,10,3539.7,1736.7
OD008657,O03443,P0030,2,10331,5,19628.9,7818.9
OD008658,O03443,P0067,4,3128,20,10009.6,1065.6
OD008659,O03444,P0004,4,3517,0,14068.0,3956.0
OD008660,O03444,P0016,2,7194,5,13668.6,6420.6
OD008661,O03444,P0038,3,5709,10,15414.3,6417.3
OD008662,O03444,P0067,2,3128,20,5004.8,532.8
OD008663,O03445,P0010,1,6288,15,5344.8,1243.8
OD008664,O03446,P0035,4,3553,5,13501.4,2501.4
OD008665,O03446,P0027,4,4363,0,17452.0,3752.0
OD008666,O03447,P0058,4,3214,5,12213.2,4341.2
OD008667,O03448,P0018,4,8947,10,32209.2,7965.2
OD008668,O03448,P0055,4,3114,5,11833.2,2861.2
OD008669,O03448,P0035,4,3553,10,12790.8,1790.8
OD008670,O03449,P0030,2,10331,5,19628.9,7818.9
OD008671,O03449,P0063,4,5568,10,20044.8,7596.8
OD008672,O03449,P0044,2,1630,10,2934.0,458.0
OD008673,O03450,P0042,1,8402,15,7141.7,1429.7
OD008674,O03450,P0078,3,2727,15,6953.85,1784.85
OD008675,O03451,P0028,1,3631,10,3267.9,683.9
OD008676,O03451,P0065,4,1750,15,5950.0,1094.0
OD008677,O03452,P0029,4,8916,10,32097.6,7809.6
OD008678,O03453,P0011,1,7617,20,6093.6,1122.6
OD008679,O03453,P0064,1,6997,20,5597.6,1591.6
OD008680,O03453,P0062,1,6552,10,5896.8,2070.8
OD008681,O03454,P0075,4,2498,0,9992.0,4656.0
OD008682,O03454,P0081,3,4694,10,12673.8,4921.8
OD008683,O03454,P0076,1,7205,15,6124.25,1541.25
OD008684,O03455,P0029,3,8916,5,25410.6,7194.6
OD008685,O03456,P0014,4,10018,5,38068.4,16656.4
OD008686,O03457,P0012,4,2280,15,7752.0,1260.0
OD008687,O03458,P0076,2,7205,15,12248.5,3082.5
OD008688,O03458,P0046,1,10496,10,9446.4,4539.4
OD008689,O03459,P0046,1,10496,20,8396.8,3489.8
OD008690,O03460,P0065,3,1750,10,4725.0,1083.0
OD008691,O03460,P0046,1,10496,15,8921.6,4014.6
OD008692,O03460,P0043,4,3251,15,11053.4,233.4
OD008693,O03461,P0045,2,8473,25,12709.5,201.5
OD008694,O03461,P0020,3,1983,5,5651.55,956.55
OD008695,O03461,P0019,1,6155,10,5539.5,2628.5
OD008696,O03462,P0035,2,3553,20,5684.8,184.8
OD008697,O03463,P0041,3,8569,10,23136.3,8721.3
OD008698,O03463,P0072,4,10954,15,37243.6,16487.6
OD008699,O03464,P0004,4,3517,0,14068.0,3956.0
OD008700,O03464,P0068,2,375,15,637.5,37.5
OD008701,O03465,P0021,2,12927,5,24561.3,12685.3
OD008702,O03466,P0015,3,6239,10,16845.3,3465.3
OD008703,O03466,P0062,4,6552,15,22276.8,6972.8
OD008704,O03467,P0008,4,9277,10,33397.2,7753.2
OD008705,O03467,P0046,4,10496,0,41984.0,22356.0
OD008706,O03468,P0082,2,2255,25,3382.5,1054.5
OD008707,O03468,P0013,3,1311,20,3146.4,1343.4
OD008708,O03468,P0051,1,8105,0,8105.0,3559.0
OD008709,O03469,P0003,2,319,10,574.2,50.2
OD008710,O03469,P0026,1,9610,10,8649.0,2435.0
OD008711,O03469,P0037,4,4495,10,16182.0,5926.0
OD008712,O03469,P0058,2,3214,0,6428.0,2492.0
OD008713,O03470,P0077,2,3416,10,6148.8,2796.8
OD008714,O03470,P0067,4,3128,10,11260.8,2316.8
OD008715,O03471,P0056,1,14270,0,14270.0,7715.0
OD008716,O03472,P0040,4,6601,5,25083.8,9087.8
OD008717,O03473,P0021,2,12927,15,21975.9,10099.9
OD008718,O03474,P0068,4,375,5,1425.0,225.0
OD008719,O03474,P0045,3,8473,10,22877.1,4115.1
OD008720,O03474,P0014,2,10018,10,18032.4,7326.4
OD008721,O03475,P0028,4,3631,15,12345.4,2009.4
OD008722,O03475,P0017,3,10962,5,31241.7,16226.7
OD008723,O03475,P0061,4,6727,15,22871.8,4423.8
OD008724,O03475,P0015,2,6239,0,12478.0,3558.0
OD008725,O03476,P0003,2,319,0,638.0,114.0
OD008726,O03476,P0007,1,9936,0,9936.0,3743.0
OD008727,O03476,P0079,2,11587,0,23174.0,12308.0
OD008728,O03477,P0072,4,10954,5,41625.2,20869.2
OD008729,O03477,P0065,1,1750,5,1662.5,448.5
OD008730,O03478,P0005,3,526,15,1341.3,474.3
OD008731,O03478,P0043,2,3251,0,6502.0,1092.0
OD008732,O03479,P0005,4,526,20,1683.2,527.2
OD008733,O03479,P0021,4,12927,10,46537.2,22785.2
OD008734,O03479,P0071,2,8287,15,14087.9,2817.9
OD008735,O03479,P0080,3,13672,5,38965.2,18319.2
OD008736,O03480,P0081,4,4694,10,16898.4,6562.4
OD008737,O03480,P0029,4,8916,15,30314.4,6026.4
OD008738,O03481,P0077,1,3416,15,2903.6,1227.6
OD008739,O03482,P0053,1,500,10,450.0,218.0
OD008740,O03482,P0062,3,6552,10,17690.4,6212.4
OD008741,O03483,P0048,2,3582,10,6447.6,2521.6
OD008742,O03483,P0062,3,6552,10,17690.4,6212.4
OD008743,O03483,P0074,3,4472,0,13416.0,3936.0
OD008744,O03483,P0058,3,3214,25,7231.5,1327.5
OD008745,O03484,P0041,4,8569,15,29134.6,9914.6
OD008746,O03484,P0070,2,9093,10,16367.4,4679.4
OD008747,O03484,P0048,4,3582,20,11462.4,3610.4
OD008748,O03485,P0025,1,6585,15,5597.25,1902.25
OD008749,O03485,P0024,2,9546,10,17182.8,7330.8
OD008750,O03485,P0033,4,5694,0,22776.0,4920.0
OD008751,O03486,P0007,2,9936,10,17884.8,5498.8
OD008752,O03486,P0008,1,9277,0,9277.0,2866.0
OD008753,O03486,P0075,2,2498,15,4246.6,1578.6
OD008754,O03486,P0018,2,8947,10,16104.6,3982.6
OD008755,O03487,P0022,1,5467,15,4646.95,2127.95
OD008756,O03488,P0012,3,2280,0,6840.0,1971.0
OD008757,O03488,P0061,3,6727,0,20181.0,6345.0
OD008758,O03488,P0060,2,3201,5,6081.9,3053.9
OD008759,O03489,P0080,2,13672,5,25976.8,12212.8
OD008760,O03490,P0069,1,6924,10,6231.6,526.6
OD008761,O03491,P0024,2,9546,15,16228.2,6376.2
OD008762,O03491,P0044,2,1630,10,2934.0,458.0
OD008763,O03492,P0058,4,3214,15,10927.6,3055.6
OD008764,O03492,P0008,2,9277,15,15770.9,2948.9
OD008765,O03492,P0023,3,12189,0,36567.0,19785.0
OD008766,O03492,P0062,1,6552,10,5896.8,2070.8
OD008767,O03493,P0021,4,12927,0,51708.0,27956.0
OD008768,O03493,P0030,2,10331,0,20662.0,8852.0
OD008769,O03494,P0053,4,500,15,1700.0,772.0
OD008770,O03494,P0032,1,11145,15,9473.25,3265.25
OD008771,O03494,P0031,4,14006,15,47620.4,21784.4
OD008772,O03495,P0002,1,8892,10,8002.8,3257.8
OD008773,O03496,P0042,1,8402,5,7981.9,2269.9
OD008774,O03497,P0031,1,14006,15,11905.1,5446.1
OD008775,O03497,P0037,1,4495,20,3596.0,1032.0
OD008776,O03497,P0013,3,1311,15,3343.05,1540.05
OD008777,O03498,P0016,1,7194,10,6474.6,2850.6
OD008778,O03498,P0002,1,8892,0,8892.0,4147.0
OD008779,O03499,P0053,1,500,10,450.0,218.0
OD008780,O03500,P0052,2,1682,25,2523.0,591.0
OD008781,O03500,P0004,4,3517,10,12661.2,2549.2
OD008782,O03500,P0053,3,500,15,1275.0,579.0
OD008783,O03501,P0034,1,8273,10,7445.7,922.7
OD008784,O03502,P0057,1,4846,10,4361.4,1507.4
OD008785,O03503,P0045,4,8473,5,32197.4,7181.4
OD008786,O03504,P0070,3,9093,10,24551.1,7019.1
OD008787,O03504,P0021,3,12927,20,31024.8,13210.8
OD008788,O03504,P0060,3,3201,10,8642.7,4100.7
OD008789,O03504,P0020,2,1983,20,3172.8,42.8
OD008790,O03505,P0066,3,3382,0,10146.0,2919.0
OD008791,O03505,P0014,4,10018,25,30054.0,8642.0
OD008792,O03506,P0070,2,9093,20,14548.8,2860.8
OD008793,O03506,P0078,4,2727,0,10908.0,4016.0
OD008794,O03507,P0041,3,8569,25,19280.25,4865.25
OD008795,O03507,P0022,3,5467,0,16401.0,8844.0
OD008796,O03507,P0037,1,4495,15,3820.75,1256.75
OD008797,O03507,P0021,4,12927,15,43951.8,20199.8
OD008798,O03508,P0036,2,8476,5,16104.4,6808.4
OD008799,O03508,P0042,3,8402,5,23945.7,6809.7
OD008800,O03509,P0013,3,1311,0,3933.0,2130.0
OD008801,O03509,P0049,4,4908,0,19632.0,9188.0
OD008802,O03509,P0059,2,7607,15,12931.9,5651.9
OD008803,O03510,P0059,1,7607,15,6465.95,2825.95
OD008804,O03510,P0008,1,9277,0,9277.0,2866.0
OD008805,O03510,P0046,4,10496,5,39884.8,20256.8
OD008806,O03511,P0066,1,3382,0,3382.0,973.0
OD008807,O03511,P0004,4,3517,20,11254.4,1142.4
OD008808,O03511,P0068,2,375,5,712.5,112.5
OD008809,O03511,P0005,2,526,25,789.0,211.0
OD008810,O03512,P0080,1,13672,5,12988.4,6106.4
OD008811,O03513,P0053,4,500,20,1600.0,672.0
OD008812,O03513,P0019,2,6155,0,12310.0,6488.0
OD008813,O03513,P0063,2,5568,15,9465.6,3241.6
OD008814,O03513,P0001,1,8847,0,8847.0,4007.0
OD008815,O03514,P0062,3,6552,5,18673.2,7195.2
OD008816,O03514,P0053,2,500,5,950.0,486.0
OD008817,O03514,P0014,3,10018,20,24043.2,7984.2
OD008818,O03515,P0061,4,6727,5,25562.6,7114.6
OD008819,O03516,P0072,3,10954,10,29575.8,14008.8
OD008820,O03516,P0013,4,1311,20,4195.2,1791.2
OD008821,O03516,P0047,2,4367,5,8297.3,2069.3
OD008822,O03516,P0073,2,3981,25,5971.5,1171.5
OD008823,O03517,P0072,2,10954,20,17526.4,7148.4
OD008824,O03517,P0016,3,7194,15,18344.7,7472.7
OD008825,O03517,P0079,1,11587,10,10428.3,4995.3
OD008826,O03518,P0003,3,319,10,861.3,75.3
OD008827,O03519,P0046,1,10496,10,9446.4,4539.4
OD008828,O03519,P0079,3,11587,10,31284.9,14985.9
OD008829,O03520,P0055,3,3114,5,8874.9,2145.9
OD008830,O03520,P0012,4,2280,0,9120.0,2628.0
OD008831,O03521,P0031,1,14006,5,13305.7,6846.7
OD008832,O03522,P0053,1,500,10,450.0,218.0
OD008833,O03522,P0015,2,6239,25,9358.5,438.5
OD008834,O03523,P0065,2,1750,15,2975.0,547.0
OD008835,O03524,P0078,1,2727,10,2454.3,731.3
OD008836,O03524,P0036,3,8476,10,22885.2,8941.2
OD008837,O03524,P0064,3,6997,10,18891.9,6873.9
OD008838,O03525,P0076,4,7205,20,23056.0,4724.0
OD008839,O03525,P0048,2,3582,20,5731.2,1805.2
OD008840,O03526,P0040,3,6601,15,16832.55,4835.55
OD008841,O03526,P0041,2,8569,5,16281.1,6671.1
OD008842,O03527,P0014,1,10018,15,8515.3,3162.3
OD008843,O03528,P0052,4,1682,20,5382.4,1518.4
OD008844,O03528,P0061,1,6727,5,6390.65,1778.65
OD008845,O03528,P0082,2,2255,10,4059.0,1731.0
OD008846,O03529,P0026,3,9610,20,23064.0,4422.0
OD008847,O03530,P0074,3,4472,5,12745.2,3265.2
OD008848,O03530,P0058,4,3214,10,11570.4,3698.4
OD008849,O03531,P0077,2,3416,10,6148.8,2796.8
OD008850,O03531,P0078,1,2727,0,2727.0,1004.0
OD008851,O03531,P0017,2,10962,0,21924.0,11914.0
OD008852,O03532,P0077,3,3416,10,9223.2,4195.2
OD008853,O03533,P0002,1,8892,5,8447.4,3702.4
OD008854,O03533,P0010,4,6288,0,25152.0,8748.0
OD008855,O03534,P0008,2,9277,10,16698.6,3876.6
OD008856,O03535,P0075,4,2498,0,9992.0,4656.0
OD008857,O03536,P0037,2,4495,10,8091.0,2963.0
OD008858,O03537,P0029,1,8916,15,7578.6,1506.6
OD008859,O03538,P0004,1,3517,10,3165.3,637.3
OD008860,O03539,P0030,3,10331,0,30993.0,13278.0
OD008861,O03540,P0027,3,4363,25,9816.75,-458.25
OD008862,O03540,P0013,2,1311,5,2490.9,1288.9
OD008863,O03540,P0032,3,11145,0,33435.0,14811.0
OD008864,O03540,P0034,2,8273,0,16546.0,3500.0
OD008865,O03541,P0017,1,10962,0,10962.0,5957.0
OD008866,O03541,P0038,1,5709,15,4852.65,1853.65
OD008867,O03541,P0080,2,13672,20,21875.2,8111.2
OD008868,O03541,P0068,1,375,5,356.25,56.25
OD008869,O03542,P0030,4,10331,15,35125.4,11505.4
OD008870,O03543,P0009,2,4834,0,9668.0,3160.0
OD008871,O03543,P0056,1,14270,15,12129.5,5574.5
OD008872,O03543,P0027,1,4363,20,3490.4,65.4
OD008873,O03543,P0048,4,3582,5,13611.6,5759.6
OD008874,O03544,P0048,4,3582,15,12178.8,4326.8
OD008875,O03544,P0042,2,8402,5,15963.8,4539.8
OD008876,O03544,P0058,4,3214,15,10927.6,3055.6
OD008877,O03544,P0015,4,6239,10,22460.4,4620.4
OD008878,O03545,P0013,1,1311,20,1048.8,447.8
OD008879,O03546,P0009,1,4834,10,4350.6,1096.6
OD008880,O03546,P0032,1,11145,5,10587.75,4379.75
OD008881,O03546,P0035,4,3553,5,13501.4,2501.4
OD008882,O03547,P0047,2,4367,10,7860.6,1632.6
OD008883,O03547,P0027,1,4363,10,3926.7,501.7
OD008884,O03547,P0045,3,8473,20,20335.2,1573.2
OD008885,O03547,P0070,1,9093,10,8183.7,2339.7
OD008886,O03548,P0061,1,6727,5,6390.65,1778.65
OD008887,O03549,P0005,3,526,15,1341.3,474.3
OD008888,O03549,P0027,4,4363,10,15706.8,2006.8
OD008889,O03549,P0023,2,12189,25,18283.5,7095.5
OD008890,O03549,P0039,2,7839,5,14894.1,4088.1
OD008891,O03550,P0068,4,375,0,1500.0,300.0
OD008892,O03550,P0065,3,1750,15,4462.5,820.5
OD008893,O03551,P0077,2,3416,20,5465.6,2113.6
OD008894,O03551,P0054,2,7011,5,13320.9,6038.9
OD008895,O03552,P0030,3,10331,15,26344.05,8629.05
OD008896,O03552,P0048,4,3582,20,11462.4,3610.4
OD008897,O03552,P0067,3,3128,20,7507.2,799.2
OD008898,O03552,P0075,4,2498,5,9492.4,4156.4
OD008899,O03553,P0047,4,4367,0,17468.0,5012.0
OD008900,O03554,P0082,2,2255,5,4284.5,1956.5
OD008901,O03554,P0061,2,6727,20,10763.2,1539.2
OD008902,O03554,P0033,3,5694,10,15373.8,1981.8
OD008903,O03555,P0050,4,791,15,2689.4,957.4
OD008904,O03555,P0004,1,3517,20,2813.6,285.6
OD008905,O03555,P0062,2,6552,20,10483.2,2831.2
OD008906,O03555,P0010,1,6288,20,5030.4,929.4
OD008907,O03556,P0057,1,4846,20,3876.8,1022.8
OD008908,O03557,P0047,3,4367,20,10480.8,1138.8
OD008909,O03557,P0049,3,4908,5,13987.8,6154.8
OD008910,O03557,P0029,3,8916,10,24073.2,5857.2
OD008911,O03558,P0081,2,4694,0,9388.0,4220.0
OD008912,O03558,P0063,3,5568,5,15868.8,6532.8
OD008913,O03558,P0036,4,8476,15,28818.4,10226.4
OD008914,O03559,P0072,2,10954,5,20812.6,10434.6
OD008915,O03559,P0058,3,3214,10,8677.8,2773.8
OD008916,O03559,P0003,4,319,0,1276.0,228.0
OD008917,O03560,P0078,2,2727,5,5181.3,1735.3
OD008918,O03561,P0081,2,4694,0,9388.0,4220.0
OD008919,O03562,P0034,4,8273,5,31437.4,5345.4
OD008920,O03562,P0038,3,5709,15,14557.95,5560.95
OD008921,O03562,P0018,4,8947,25,26841.0,2597.0
OD008922,O03563,P0079,4,11587,20,37078.4,15346.4
OD008923,O03564,P0072,4,10954,20,35052.8,14296.8
OD008924,O03564,P0012,2,2280,15,3876.0,630.0
OD008925,O03565,P0032,3,11145,20,26748.0,8124.0
OD008926,O03565,P0006,4,5410,10,19476.0,6204.0
OD008927,O03565,P0025,2,6585,20,10536.0,3146.0
OD008928,O03565,P0016,3,7194,10,19423.8,8551.8
OD008929,O03566,P0060,1,3201,5,3040.95,1526.95
OD008930,O03567,P0080,1,13672,5,12988.4,6106.4
OD008931,O03567,P0071,1,8287,20,6629.6,994.6
OD008932,O03568,P0015,1,6239,10,5615.1,1155.1
OD008933,O03568,P0001,2,8847,0,17694.0,8014.0
OD008934,O03569,P0040,1,6601,15,5610.85,1611.85
OD008935,O03570,P0068,3,375,20,900.0,0.0
OD008936,O03570,P0028,3,3631,5,10348.35,2596.35
OD008937,O03571,P0037,2,4495,0,8990.0,3862.0
OD008938,O03571,P0056,1,14270,0,14270.0,7715.0
OD008939,O03572,P0027,2,4363,20,6980.8,130.8
OD008940,O03573,P0015,1,6239,10,5615.1,1155.1
OD008941,O03573,P0049,3,4908,15,12515.4,4682.4
OD008942,O03574,P0029,3,8916,5,25410.6,7194.6
OD008943,O03574,P0027,3,4363,15,11125.65,850.65
OD008944,O03574,P0009,2,4834,10,8701.2,2193.2
OD008945,O03574,P0058,3,3214,15,8195.7,2291.7
OD008946,O03575,P0079,2,11587,10,20856.6,9990.6
OD008947,O03575,P0058,2,3214,15,5463.8,1527.8
OD008948,O03575,P0012,3,2280,10,6156.0,1287.0
OD008949,O03575,P0069,3,6924,10,18694.8,1579.8
OD008950,O03576,P0055,4,3114,0,12456.0,3484.0
OD008951,O03576,P0042,2,8402,5,15963.8,4539.8
OD008952,O03576,P0022,1,5467,5,5193.65,2674.65
OD008953,O03577,P0050,3,791,10,2135.7,836.7
OD008954,O03577,P0009,2,4834,5,9184.6,2676.6
OD008955,O03577,P0068,3,375,5,1068.75,168.75
OD008956,O03578,P0022,3,5467,5,15580.95,8023.95
OD008957,O03579,P0053,1,500,20,400.0,168.0
OD008958,O03579,P0051,4,8105,5,30799.0,12615.0
OD008959,O03580,P0041,3,8569,15,21850.95,7435.95
OD008960,O03580,P0004,2,3517,0,7034.0,1978.0
OD008961,O03581,P0072,4,10954,20,35052.8,14296.8
OD008962,O03581,P0051,1,8105,15,6889.25,2343.25
OD008963,O03581,P0073,4,3981,20,12739.2,3139.2
OD008964,O03582,P0023,1,12189,15,10360.65,4766.65
OD008965,O03582,P0073,1,3981,0,3981.0,1581.0
OD008966,O03583,P0030,4,10331,5,39257.8,15637.8
OD008967,O03583,P0024,2,9546,20,15273.6,5421.6
OD008968,O03583,P0001,2,8847,0,17694.0,8014.0
OD008969,O03584,P0073,2,3981,5,7563.9,2763.9
OD008970,O03585,P0030,1,10331,10,9297.9,3392.9
OD008971,O03586,P0015,2,6239,15,10606.3,1686.3
OD008972,O03586,P0013,1,1311,5,1245.45,644.45
OD008973,O03586,P0077,2,3416,10,6148.8,2796.8
OD008974,O03586,P0080,3,13672,0,41016.0,20370.0
OD008975,O03587,P0067,1,3128,5,2971.6,735.6
OD008976,O03588,P0023,4,12189,5,46318.2,23942.2
OD008977,O03588,P0062,3,6552,15,16707.6,5229.6
OD008978,O03588,P0052,3,1682,10,4541.4,1643.4
OD008979,O03588,P0028,3,3631,15,9259.05,1507.05
OD008980,O03589,P0011,3,7617,0,22851.0,7938.0
OD008981,O03589,P0059,2,7607,10,13692.6,6412.6
OD008982,O03589,P0039,4,7839,5,29788.2,8176.2
OD008983,O03590,P0082,1,2255,15,1916.75,752.75
OD008984,O03590,P0012,4,2280,5,8664.0,2172.0
OD008985,O03590,P0035,1,3553,5,3375.35,625.35
OD008986,O03591,P0044,4,1630,20,5216.0,264.0
OD008987,O03591,P0072,4,10954,10,39434.4,18678.4
OD008988,O03591,P0068,1,375,10,337.5,37.5
OD008989,O03591,P0024,3,9546,0,28638.0,13860.0
OD008990,O03592,P0069,4,6924,10,24926.4,2106.4
OD008991,O03593,P0077,4,3416,15,11614.4,4910.4
OD008992,O03594,P0054,2,7011,15,11918.7,4636.7
OD008993,O03594,P0077,4,3416,15,11614.4,4910.4
OD008994,O03595,P0076,3,7205,5,20534.25,6785.25
OD008995,O03595,P0078,1,2727,15,2317.95,594.95
OD008996,O03595,P0003,4,319,10,1148.4,100.4
OD008997,O03595,P0025,2,6585,5,12511.5,5121.5
OD008998,O03596,P0064,4,6997,0,27988.0,11964.0
OD008999,O03596,P0073,2,3981,10,7165.8,2365.8
OD009000,O03596,P0016,2,7194,25,10791.0,3543.0
OD009001,O03596,P0061,2,6727,15,11435.9,2211.9
OD009002,O03597,P0062,1,6552,10,5896.8,2070.8
OD009003,O03598,P0080,2,13672,5,25976.8,12212.8
OD009004,O03598,P0011,4,7617,5,28944.6,9060.6
OD009005,O03599,P0048,3,3582,10,9671.4,3782.4
OD009006,O03599,P0080,3,13672,15,34863.6,14217.6
OD009007,O03599,P0047,4,4367,10,15721.2,3265.2
OD009008,O03599,P0064,4,6997,20,22390.4,6366.4
OD009009,O03600,P0052,4,1682,10,6055.2,2191.2
OD009010,O03601,P0028,2,3631,0,7262.0,2094.0
OD009011,O03601,P0045,3,8473,0,25419.0,6657.0
OD009012,O03601,P0078,1,2727,10,2454.3,731.3
OD009013,O03601,P0027,2,4363,15,7417.1,567.1
OD009014,O03602,P0051,3,8105,20,19452.0,5814.0
OD009015,O03602,P0052,2,1682,15,2859.4,927.4
OD009016,O03603,P0073,2,3981,25,5971.5,1171.5
OD009017,O03603,P0050,3,791,10,2135.7,836.7
OD009018,O03603,P0061,4,6727,20,21526.4,3078.4
OD009019,O03603,P0031,2,14006,10,25210.8,12292.8
OD009020,O03604,P0055,2,3114,15,5293.8,807.8
OD009021,O03604,P0021,3,12927,5,36841.95,19027.95
OD009022,O03604,P0029,4,8916,10,32097.6,7809.6
OD009023,O03604,P0065,4,1750,15,5950.0,1094.0
OD009024,O03605,P0041,1,8569,5,8140.55,3335.55
OD009025,O03605,P0023,2,12189,10,21940.2,10752.2
OD009026,O03605,P0075,2,2498,0,4996.0,2328.0
OD009027,O03605,P0012,3,2280,15,5814.0,945.0
OD009028,O03606,P0052,3,1682,10,4541.4,1643.4
OD009029,O03606,P0079,3,11587,5,33022.95,16723.95
OD009030,O03607,P0053,3,500,10,1350.0,654.0
OD009031,O03607,P0010,4,6288,10,22636.8,6232.8
OD009032,O03608,P0009,3,4834,0,14502.0,4740.0
OD009033,O03608,P0045,3,8473,20,20335.2,1573.2
OD009034,O03608,P0031,4,14006,10,50421.6,24585.6
OD009035,O03609,P0024,2,9546,0,19092.0,9240.0
OD009036,O03609,P0025,1,6585,15,5597.25,1902.25
OD009037,O03609,P0006,4,5410,10,19476.0,6204.0
OD009038,O03609,P0014,3,10018,20,24043.2,7984.2
OD009039,O03610,P0055,3,3114,15,7940.7,1211.7
OD009040,O03610,P0025,4,6585,20,21072.0,6292.0
OD009041,O03611,P0039,3,7839,5,22341.15,6132.15
OD009042,O03612,P0002,3,8892,20,21340.8,7105.8
OD009043,O03612,P0052,3,1682,10,4541.4,1643.4
OD009044,O03612,P0046,2,10496,5,19942.4,10128.4
OD009045,O03613,P0018,4,8947,15,30419.8,6175.8
OD009046,O03613,P0032,2,11145,5,21175.5,8759.5
OD009047,O03614,P0018,3,8947,5,25498.95,7315.95
OD009048,O03614,P0071,1,8287,10,7458.3,1823.3
OD009049,O03615,P0057,1,4846,25,3634.5,780.5
OD009050,O03615,P0041,2,8569,5,16281.1,6671.1
OD009051,O03615,P0006,4,5410,15,18394.0,5122.0
OD009052,O03615,P0046,2,10496,5,19942.4,10128.4
OD009053,O03616,P0016,3,7194,20,17265.6,6393.6
OD009054,O03616,P0058,1,3214,5,3053.3,1085.3
OD009055,O03616,P0056,2,14270,15,24259.0,11149.0
OD009056,O03616,P0007,2,9936,15,16891.2,4505.2
OD009057,O03617,P0039,3,7839,5,22341.15,6132.15
OD009058,O03618,P0025,2,6585,0,13170.0,5780.0
OD009059,O03619,P0071,3,8287,20,19888.8,2983.8
OD009060,O03619,P0018,3,8947,15,22814.85,4631.85
OD009061,O03619,P0078,1,2727,15,2317.95,594.95
OD009062,O03620,P0034,1,8273,10,7445.7,922.7
OD009063,O03620,P0003,2,319,10,574.2,50.2
OD009064,O03621,P0078,1,2727,0,2727.0,1004.0
OD009065,O03621,P0006,2,5410,20,8656.0,2020.0
OD009066,O03621,P0072,3,10954,20,26289.6,10722.6
OD009067,O03621,P0032,2,11145,0,22290.0,9874.0
OD009068,O03622,P0018,3,8947,0,26841.0,8658.0
OD009069,O03622,P0013,3,1311,10,3539.7,1736.7
OD009070,O03622,P0032,3,11145,5,31763.25,13139.25
OD009071,O03622,P0081,1,4694,5,4459.3,1875.3
OD009072,O03623,P0035,2,3553,20,5684.8,184.8
OD009073,O03623,P0010,1,6288,5,5973.6,1872.6
OD009074,O03624,P0011,4,7617,25,22851.0,2967.0
OD009075,O03625,P0055,1,3114,10,2802.6,559.6
OD009076,O03625,P0022,2,5467,10,9840.6,4802.6
OD009077,O03625,P0032,1,11145,5,10587.75,4379.75
OD009078,O03626,P0016,3,7194,15,18344.7,7472.7
OD009079,O03626,P0011,2,7617,15,12948.9,3006.9
OD009080,O03627,P0074,3,4472,5,12745.2,3265.2
OD009081,O03627,P0022,3,5467,15,13940.85,6383.85
OD009082,O03627,P0046,2,10496,10,18892.8,9078.8
OD009083,O03627,P0066,2,3382,0,6764.0,1946.0
OD009084,O03628,P0041,3,8569,10,23136.3,8721.3
OD009085,O03628,P0045,4,8473,20,27113.6,2097.6
OD009086,O03628,P0057,2,4846,10,8722.8,3014.8
OD009087,O03628,P0025,4,6585,5,25023.0,10243.0
OD009088,O03629,P0010,1,6288,20,5030.4,929.4
OD009089,O03629,P0065,3,1750,15,4462.5,820.5
OD009090,O03629,P0051,4,8105,15,27557.0,9373.0
OD009091,O03630,P0005,3,526,0,1578.0,711.0
OD009092,O03630,P0032,3,11145,15,28419.75,9795.75
OD009093,O03630,P0002,1,8892,5,8447.4,3702.4
OD009094,O03630,P0062,1,6552,0,6552.0,2726.0
OD009095,O03631,P0015,1,6239,10,5615.1,1155.1
OD009096,O03631,P0081,1,4694,0,4694.0,2110.0
OD009097,O03632,P0046,4,10496,5,39884.8,20256.8
OD009098,O03633,P0038,4,5709,0,22836.0,10840.0
OD009099,O03633,P0052,1,1682,10,1513.8,547.8
OD009100,O03633,P0006,4,5410,5,20558.0,7286.0
OD009101,O03634,P0025,2,6585,10,11853.0,4463.0
OD009102,O03634,P0015,3,6239,0,18717.0,5337.0
OD009103,O03635,P0077,2,3416,0,6832.0,3480.0
OD009104,O03635,P0033,1,5694,10,5124.6,660.6
OD009105,O03635,P0032,1,11145,25,8358.75,2150.75
OD009106,O03635,P0018,3,8947,5,25498.95,7315.95
OD009107,O03636,P0047,4,4367,20,13974.4,1518.4
OD009108,O03636,P0046,3,10496,0,31488.0,16767.0
OD009109,O03637,P0079,2,11587,15,19697.9,8831.9
OD009110,O03637,P0052,4,1682,5,6391.6,2527.6
OD009111,O03637,P0031,1,14006,5,13305.7,6846.7
OD009112,O03638,P0019,2,6155,25,9232.5,3410.5
OD009113,O03638,P0009,1,4834,5,4592.3,1338.3
OD009114,O03638,P0080,4,13672,15,46484.8,18956.8
OD009115,O03638,P0068,1,375,10,337.5,37.5
OD009116,O03639,P0004,1,3517,10,3165.3,637.3
OD009117,O03640,P0006,3,5410,25,12172.5,2218.5
OD009118,O03640,P0077,1,3416,20,2732.8,1056.8
OD009119,O03641,P0030,3,10331,0,30993.0,13278.0
OD009120,O03641,P0023,1,12189,10,10970.1,5376.1
OD009121,O03641,P0007,4,9936,10,35769.6,10997.6
OD009122,O03641,P0046,3,10496,20,25190.4,10469.4
OD009123,O03642,P0056,4,14270,5,54226.0,28006.0
OD009124,O03642,P0043,4,3251,10,11703.6,883.6
OD009125,O03642,P0006,2,5410,5,10279.0,3643.0
OD009126,O03642,P0010,3,6288,0,18864.0,6561.0
OD009127,O03643,P0028,4,3631,10,13071.6,2735.6
OD009128,O03643,P0038,3,5709,0,17127.0,8130.0
OD009129,O03643,P0047,3,4367,25,9825.75,483.75
OD009130,O03644,P0066,1,3382,20,2705.6,296.6
OD009131,O03644,P0053,1,500,20,400.0,168.0
OD009132,O03644,P0064,3,6997,10,18891.9,6873.9
OD009133,O03645,P0021,1,12927,0,12927.0,6989.0
OD009134,O03645,P0023,4,12189,15,41442.6,19066.6
OD009135,O03645,P0070,2,9093,15,15458.1,3770.1
OD009136,O03645,P0027,3,4363,10,11780.1,1505.1
OD009137,O03646,P0070,1,9093,15,7729.05,1885.05
OD009138,O03647,P0016,4,7194,0,28776.0,14280.0
OD009139,O03648,P0029,3,8916,10,24073.2,5857.2
OD009140,O03649,P0078,1,2727,20,2181.6,458.6
OD009141,O03649,P0002,2,8892,15,15116.4,5626.4
OD009142,O03650,P0035,4,3553,5,13501.4,2501.4
OD009143,O03651,P0044,4,1630,0,6520.0,1568.0
OD009144,O03652,P0014,3,10018,10,27048.6,10989.6
OD009145,O03653,P0062,3,6552,20,15724.8,4246.8
OD009146,O03653,P0040,1,6601,15,5610.85,1611.85
OD009147,O03653,P0069,1,6924,0,6924.0,1219.0
OD009148,O03653,P0033,1,5694,10,5124.6,660.6
OD009149,O03654,P0017,2,10962,15,18635.4,8625.4
OD009150,O03654,P0063,4,5568,0,22272.0,9824.0
OD009151,O03655,P0080,2,13672,5,25976.8,12212.8
OD009152,O03655,P0067,2,3128,0,6256.0,1784.0
OD009153,O03655,P0031,3,14006,10,37816.2,18439.2
OD009154,O03656,P0044,1,1630,0,1630.0,392.0
OD009155,O03656,P0026,1,9610,20,7688.0,1474.0
OD009156,O03656,P0021,4,12927,10,46537.2,22785.2
OD009157,O03656,P0082,3,2255,20,5412.0,1920.0
OD009158,O03657,P0008,3,9277,5,26439.45,7206.45
OD009159,O03658,P0075,3,2498,0,7494.0,3492.0
OD009160,O03658,P0025,4,6585,10,23706.0,8926.0
OD009161,O03659,P0062,3,6552,15,16707.6,5229.6
OD009162,O03659,P0072,1,10954,10,9858.6,4669.6
OD009163,O03659,P0014,4,10018,5,38068.4,16656.4
OD009164,O03659,P0071,2,8287,0,16574.0,5304.0
OD009165,O03660,P0062,2,6552,20,10483.2,2831.2
OD009166,O03660,P0002,2,8892,15,15116.4,5626.4
OD009167,O03661,P0021,1,12927,5,12280.65,6342.65
OD009168,O03661,P0039,3,7839,20,18813.6,2604.6
OD009169,O03661,P0061,4,6727,10,24217.2,5769.2
OD009170,O03662,P0045,2,8473,20,13556.8,1048.8
OD009171,O03662,P0063,3,5568,20,13363.2,4027.2
OD009172,O03662,P0038,2,5709,15,9705.3,3707.3
OD009173,O03663,P0074,3,4472,20,10732.8,1252.8
OD009174,O03663,P0048,4,3582,10,12895.2,5043.2
OD009175,O03663,P0010,2,6288,10,11318.4,3116.4
OD009176,O03664,P0079,2,11587,20,18539.2,7673.2
OD009177,O03664,P0047,4,4367,0,17468.0,5012.0
OD009178,O03664,P0068,2,375,10,675.0,75.0
OD009179,O03665,P0045,4,8473,0,33892.0,8876.0
OD009180,O03665,P0024,4,9546,0,38184.0,18480.0
OD009181,O03666,P0044,1,1630,0,1630.0,392.0
OD009182,O03666,P0033,1,5694,15,4839.9,375.9
OD009183,O03666,P0039,4,7839,0,31356.0,9744.0
OD009184,O03667,P0014,2,10018,10,18032.4,7326.4
OD009185,O03667,P0015,4,6239,15,21212.6,3372.6
OD009186,O03668,P0009,3,4834,0,14502.0,4740.0
OD009187,O03669,P0029,3,8916,10,24073.2,5857.2
OD009188,O03669,P0081,1,4694,10,4224.6,1640.6
OD009189,O03670,P0006,4,5410,0,21640.0,8368.0
OD009190,O03670,P0035,3,3553,10,9593.1,1343.1
OD009191,O03670,P0063,4,5568,15,18931.2,6483.2
OD009192,O03671,P0013,1,1311,10,1179.9,578.9
OD009193,O03671,P0079,2,11587,10,20856.6,9990.6
OD009194,O03671,P0072,3,10954,10,29575.8,14008.8
OD009195,O03671,P0075,4,2498,15,8493.2,3157.2
OD009196,O03672,P0060,1,3201,20,2560.8,1046.8
OD009197,O03672,P0039,1,7839,10,7055.1,1652.1
OD009198,O03672,P0050,1,791,15,672.35,239.35
OD009199,O03672,P0013,3,1311,10,3539.7,1736.7
OD009200,O03673,P0004,1,3517,10,3165.3,637.3
OD009201,O03674,P0007,2,9936,25,14904.0,2518.0
OD009202,O03674,P0025,2,6585,5,12511.5,5121.5
OD009203,O03674,P0030,2,10331,5,19628.9,7818.9
OD009204,O03674,P0021,3,12927,15,32963.85,15149.85
OD009205,O03675,P0012,2,2280,0,4560.0,1314.0
OD009206,O03675,P0047,1,4367,5,4148.65,1034.65
OD009207,O03676,P0010,4,6288,20,20121.6,3717.6
OD009208,O03676,P0023,2,12189,10,21940.2,10752.2
OD009209,O03677,P0046,4,10496,15,35686.4,16058.4
OD009210,O03678,P0053,2,500,10,900.0,436.0
OD009211,O03679,P0064,2,6997,15,11894.9,3882.9
OD009212,O03679,P0042,2,8402,5,15963.8,4539.8
OD009213,O03680,P0070,3,9093,5,25915.05,8383.05
OD009214,O03680,P0049,4,4908,10,17668.8,7224.8
OD009215,O03680,P0022,1,5467,5,5193.65,2674.65
OD009216,O03681,P0041,1,8569,25,6426.75,1621.75
OD009217,O03681,P0048,3,3582,5,10208.7,4319.7
OD009218,O03682,P0053,1,500,5,475.0,243.0
OD009219,O03682,P0018,1,8947,10,8052.3,1991.3
OD009220,O03682,P0064,1,6997,20,5597.6,1591.6
OD009221,O03682,P0039,2,7839,0,15678.0,4872.0
OD009222,O03683,P0064,2,6997,5,13294.3,5282.3
OD009223,O03683,P0030,4,10331,0,41324.0,17704.0
OD009224,O03683,P0055,4,3114,0,12456.0,3484.0
OD009225,O03683,P0047,4,4367,20,13974.4,1518.4
OD009226,O03684,P0037,3,4495,15,11462.25,3770.25
OD009227,O03685,P0014,3,10018,15,25545.9,9486.9
OD009228,O03685,P0015,4,6239,0,24956.0,7116.0
OD009229,O03685,P0041,2,8569,10,15424.2,5814.2
OD009230,O03685,P0034,4,8273,15,28128.2,2036.2
OD009231,O03686,P0055,3,3114,10,8407.8,1678.8
OD009232,O03686,P0067,4,3128,15,10635.2,1691.2
OD009233,O03687,P0021,3,12927,10,34902.9,17088.9
OD009234,O03687,P0043,3,3251,15,8290.05,175.05
OD009235,O03688,P0058,2,3214,15,5463.8,1527.8
OD009236,O03688,P0043,4,3251,20,10403.2,-416.8
OD009237,O03688,P0036,1,8476,10,7628.4,2980.4
OD009238,O03689,P0082,3,2255,5,6426.75,2934.75
OD009239,O03689,P0004,2,3517,20,5627.2,571.2
OD009240,O03689,P0054,1,7011,5,6660.45,3019.45
OD009241,O03689,P0031,4,14006,10,50421.6,24585.6
OD009242,O03690,P0044,1,1630,10,1467.0,229.0
OD009243,O03690,P0011,1,7617,0,7617.0,2646.0
OD009244,O03690,P0067,1,3128,15,2658.8,422.8
OD009245,O03690,P0002,4,8892,10,32011.2,13031.2
OD009246,O03691,P0002,4,8892,15,30232.8,11252.8
OD009247,O03691,P0014,1,10018,20,8014.4,2661.4
OD009248,O03691,P0077,4,3416,15,11614.4,4910.4
OD009249,O03692,P0038,2,5709,15,9705.3,3707.3
OD009250,O03693,P0035,1,3553,20,2842.4,92.4
OD009251,O03693,P0005,4,526,5,1998.8,842.8
OD009252,O03693,P0057,3,4846,25,10903.5,2341.5
OD009253,O03694,P0060,4,3201,10,11523.6,5467.6
OD009254,O03695,P0055,2,3114,0,6228.0,1742.0
OD009255,O03695,P0020,1,1983,5,1883.85,318.85
OD009256,O03695,P0047,2,4367,15,7423.9,1195.9
OD009257,O03696,P0077,2,3416,20,5465.6,2113.6
OD009258,O03696,P0035,1,3553,20,2842.4,92.4
OD009259,O03696,P0006,1,5410,10,4869.0,1551.0
OD009260,O03697,P0022,2,5467,15,9293.9,4255.9
OD009261,O03697,P0053,4,500,15,1700.0,772.0
OD009262,O03697,P0011,1,7617,15,6474.45,1503.45
OD009263,O03698,P0063,3,5568,25,12528.0,3192.0
OD009264,O03698,P0051,3,8105,25,18236.25,4598.25
OD009265,O03699,P0007,1,9936,5,9439.2,3246.2
OD009266,O03699,P0072,4,10954,20,35052.8,14296.8
OD009267,O03699,P0032,4,11145,10,40122.0,15290.0
OD009268,O03700,P0017,1,10962,5,10413.9,5408.9
OD009269,O03701,P0041,2,8569,10,15424.2,5814.2
OD009270,O03701,P0005,2,526,5,999.4,421.4
OD009271,O03702,P0009,2,4834,25,7251.0,743.0
OD009272,O03702,P0070,3,9093,10,24551.1,7019.1
OD009273,O03702,P0048,1,3582,25,2686.5,723.5
OD009274,O03702,P0064,4,6997,15,23789.8,7765.8
OD009275,O03703,P0073,2,3981,15,6767.7,1967.7
OD009276,O03703,P0028,3,3631,15,9259.05,1507.05
OD009277,O03703,P0014,1,10018,25,7513.5,2160.5
OD009278,O03703,P0066,3,3382,15,8624.1,1397.1
OD009279,O03704,P0017,1,10962,10,9865.8,4860.8
OD009280,O03704,P0005,1,526,15,447.1,158.1
OD009281,O03704,P0001,2,8847,0,17694.0,8014.0
OD009282,O03704,P0027,1,4363,15,3708.55,283.55
OD009283,O03705,P0077,3,3416,25,7686.0,2658.0
OD009284,O03705,P0068,1,375,5,356.25,56.25
OD009285,O03705,P0010,2,6288,20,10060.8,1858.8
OD009286,O03706,P0040,1,6601,10,5940.9,1941.9
OD009287,O03706,P0003,4,319,15,1084.6,36.6
OD009288,O03707,P0037,3,4495,10,12136.5,4444.5
OD009289,O03707,P0039,4,7839,15,26652.6,5040.6
OD009290,O03708,P0080,1,13672,15,11621.2,4739.2
OD009291,O03709,P0021,4,12927,20,41366.4,17614.4
OD009292,O03709,P0050,1,791,20,632.8,199.8
OD009293,O03710,P0012,3,2280,15,5814.0,945.0
OD009294,O03711,P0009,4,4834,10,17402.4,4386.4
OD009295,O03711,P0027,1,4363,20,3490.4,65.4
OD009296,O03711,P0038,2,5709,20,9134.4,3136.4
OD009297,O03712,P0024,2,9546,20,15273.6,5421.6
OD009298,O03712,P0009,2,4834,15,8217.8,1709.8
OD009299,O03713,P0027,3,4363,15,11125.65,850.65
OD009300,O03713,P0019,3,6155,5,17541.75,8808.75
OD009301,O03713,P0044,3,1630,15,4156.5,442.5
OD009302,O03713,P0005,2,526,15,894.2,316.2
OD009303,O03714,P0065,2,1750,5,3325.0,897.0
OD009304,O03714,P0045,4,8473,10,30502.8,5486.8
OD009305,O03715,P0082,3,2255,20,5412.0,1920.0
OD009306,O03715,P0032,4,11145,15,37893.0,13061.0
OD009307,O03716,P0030,2,10331,5,19628.9,7818.9
OD009308,O03717,P0078,1,2727,15,2317.95,594.95
OD009309,O03717,P0036,1,8476,5,8052.2,3404.2
OD009310,O03717,P0029,4,8916,0,35664.0,11376.0
OD009311,O03717,P0061,3,6727,15,17153.85,3317.85
OD009312,O03718,P0081,1,4694,10,4224.6,1640.6
OD009313,O03718,P0062,2,6552,5,12448.8,4796.8
OD009314,O03719,P0024,3,9546,10,25774.2,10996.2
OD009315,O03719,P0002,2,8892,25,13338.0,3848.0
OD009316,O03719,P0057,2,4846,5,9207.4,3499.4
OD009317,O03719,P0074,2,4472,10,8049.6,1729.6
OD009318,O03720,P0002,1,8892,0,8892.0,4147.0
OD009319,O03721,P0028,1,3631,15,3086.35,502.35
OD009320,O03721,P0042,3,8402,5,23945.7,6809.7
OD009321,O03721,P0058,4,3214,10,11570.4,3698.4
OD009322,O03721,P0064,1,6997,0,6997.0,2991.0
OD009323,O03722,P0082,4,2255,5,8569.0,3913.0
OD009324,O03722,P0067,1,3128,15,2658.8,422.8
OD009325,O03723,P0039,1,7839,10,7055.1,1652.1
OD009326,O03724,P0012,2,2280,25,3420.0,174.0
OD009327,O03725,P0029,1,8916,10,8024.4,1952.4
OD009328,O03726,P0074,2,4472,0,8944.0,2624.0
OD009329,O03726,P0078,1,2727,5,2590.65,867.65
OD009330,O03726,P0072,2,10954,20,17526.4,7148.4
OD009331,O03727,P0080,1,13672,15,11621.2,4739.2
OD009332,O03727,P0030,1,10331,15,8781.35,2876.35
OD009333,O03727,P0052,1,1682,0,1682.0,716.0
OD009334,O03727,P0019,3,6155,15,15695.25,6962.25
OD009335,O03728,P0070,2,9093,5,17276.7,5588.7
OD009336,O03728,P0076,4,7205,15,24497.0,6165.0
OD009337,O03728,P0057,4,4846,15,16476.4,5060.4
OD009338,O03729,P0008,4,9277,0,37108.0,11464.0
OD009339,O03729,P0043,3,3251,5,9265.35,1150.35
OD009340,O03729,P0019,3,6155,15,15695.25,6962.25
OD009341,O03729,P0021,2,12927,0,25854.0,13978.0
OD009342,O03730,P0081,3,4694,10,12673.8,4921.8
OD009343,O03730,P0004,1,3517,5,3341.15,813.15
OD009344,O03730,P0042,2,8402,15,14283.4,2859.4
OD009345,O03731,P0009,2,4834,15,8217.8,1709.8
OD009346,O03731,P0038,4,5709,10,20552.4,8556.4
OD009347,O03732,P0027,1,4363,10,3926.7,501.7
OD009348,O03732,P0039,3,7839,5,22341.15,6132.15
OD009349,O03733,P0055,3,3114,10,8407.8,1678.8
OD009350,O03734,P0061,3,6727,25,15135.75,1299.75
OD009351,O03734,P0049,2,4908,15,8343.6,3121.6
OD009352,O03734,P0021,3,12927,10,34902.9,17088.9
OD009353,O03735,P0056,3,14270,5,40669.5,21004.5
OD009354,O03736,P0078,3,2727,25,6135.75,966.75
OD009355,O03737,P0065,1,1750,5,1662.5,448.5
OD009356,O03737,P0004,3,3517,5,10023.45,2439.45
OD009357,O03737,P0079,2,11587,5,22015.3,11149.3
OD009358,O03737,P0007,2,9936,5,18878.4,6492.4
OD009359,O03738,P0060,4,3201,10,11523.6,5467.6
OD009360,O03739,P0066,3,3382,10,9131.4,1904.4
OD009361,O03739,P0013,3,1311,10,3539.7,1736.7
OD009362,O03740,P0026,3,9610,10,25947.0,7305.0
OD009363,O03741,P0056,3,14270,25,32107.5,12442.5
OD009364,O03741,P0003,4,319,15,1084.6,36.6
OD009365,O03741,P0058,2,3214,0,6428.0,2492.0
OD009366,O03741,P0079,1,11587,5,11007.65,5574.65
OD009367,O03742,P0057,4,4846,5,18414.8,6998.8
OD009368,O03742,P0046,2,10496,10,18892.8,9078.8
OD009369,O03743,P0012,1,2280,20,1824.0,201.0
OD009370,O03743,P0042,1,8402,10,7561.8,1849.8
OD009371,O03743,P0029,3,8916,0,26748.0,8532.0
OD009372,O03743,P0069,3,6924,15,17656.2,541.2
OD009373,O03744,P0003,3,319,20,765.6,-20.4
OD009374,O03744,P0038,1,5709,15,4852.65,1853.65
OD009375,O03744,P0025,4,6585,10,23706.0,8926.0
OD009376,O03744,P0011,1,7617,25,5712.75,741.75
OD009377,O03745,P0073,1,3981,5,3781.95,1381.95
OD009378,O03746,P0057,3,4846,5,13811.1,5249.1
OD009379,O03746,P0082,4,2255,15,7667.0,3011.0
OD009380,O03746,P0051,2,8105,25,12157.5,3065.5
OD009381,O03747,P0030,4,10331,5,39257.8,15637.8
OD009382,O03747,P0058,3,3214,15,8195.7,2291.7
OD009383,O03748,P0011,2,7617,5,14472.3,4530.3
OD009384,O03748,P0047,2,4367,10,7860.6,1632.6
OD009385,O03748,P0077,3,3416,15,8710.8,3682.8
OD009386,O03748,P0044,1,1630,0,1630.0,392.0
OD009387,O03749,P0082,4,2255,15,7667.0,3011.0
OD009388,O03749,P0031,4,14006,20,44819.2,18983.2
OD009389,O03750,P0012,2,2280,15,3876.0,630.0
OD009390,O03750,P0064,1,6997,10,6297.3,2291.3
OD009391,O03751,P0078,3,2727,15,6953.85,1784.85
OD009392,O03751,P0013,4,1311,20,4195.2,1791.2
OD009393,O03752,P0008,4,9277,25,27831.0,2187.0
OD009394,O03753,P0008,4,9277,5,35252.6,9608.6
OD009395,O03753,P0046,4,10496,5,39884.8,20256.8
OD009396,O03753,P0060,3,3201,25,7202.25,2660.25
OD009397,O03754,P0056,2,14270,5,27113.0,14003.0
OD009398,O03754,P0052,4,1682,5,6391.6,2527.6
OD009399,O03755,P0036,3,8476,0,25428.0,11484.0
OD009400,O03755,P0078,3,2727,0,8181.0,3012.0
OD009401,O03756,P0080,1,13672,15,11621.2,4739.2
OD009402,O03756,P0006,1,5410,0,5410.0,2092.0
OD009403,O03756,P0066,1,3382,10,3043.8,634.8
OD009404,O03757,P0013,4,1311,20,4195.2,1791.2
OD009405,O03757,P0064,4,6997,10,25189.2,9165.2
OD009406,O03757,P0077,3,3416,0,10248.0,5220.0
OD009407,O03758,P0015,1,6239,20,4991.2,531.2
OD009408,O03759,P0009,1,4834,0,4834.0,1580.0
OD009409,O03759,P0082,4,2255,5,8569.0,3913.0
OD009410,O03760,P0046,1,10496,5,9971.2,5064.2
OD009411,O03760,P0035,3,3553,0,10659.0,2409.0
OD009412,O03761,P0057,4,4846,10,17445.6,6029.6
OD009413,O03761,P0022,3,5467,20,13120.8,5563.8
OD009414,O03761,P0060,2,3201,20,5121.6,2093.6
OD009415,O03761,P0076,1,7205,20,5764.0,1181.0
OD009416,O03762,P0035,1,3553,20,2842.4,92.4
OD009417,O03762,P0025,3,6585,25,14816.25,3731.25
OD009418,O03763,P0054,2,7011,5,13320.9,6038.9
OD009419,O03763,P0063,1,5568,5,5289.6,2177.6
OD009420,O03763,P0035,3,3553,25,7994.25,-255.75
OD009421,O03763,P0048,2,3582,20,5731.2,1805.2
OD009422,O03764,P0070,3,9093,0,27279.0,9747.0
OD009423,O03765,P0034,4,8273,10,29782.8,3690.8
OD009424,O03765,P0012,1,2280,15,1938.0,315.0
OD009425,O03765,P0026,3,9610,10,25947.0,7305.0
OD009426,O03765,P0029,3,8916,15,22735.8,4519.8
OD009427,O03766,P0017,4,10962,0,43848.0,23828.0
OD009428,O03766,P0004,3,3517,15,8968.35,1384.35
OD009429,O03767,P0038,4,5709,15,19410.6,7414.6
OD009430,O03767,P0051,4,8105,0,32420.0,14236.0
OD009431,O03767,P0030,3,10331,20,24794.4,7079.4
OD009432,O03768,P0021,3,12927,10,34902.9,17088.9
OD009433,O03768,P0043,2,3251,20,5201.6,-208.4
OD009434,O03769,P0059,4,7607,15,25863.8,11303.8
OD009435,O03769,P0056,4,14270,15,48518.0,22298.0
OD009436,O03769,P0074,3,4472,10,12074.4,2594.4
OD009437,O03769,P0016,4,7194,20,23020.8,8524.8
OD009438,O03770,P0061,3,6727,10,18162.9,4326.9
OD009439,O03770,P0028,3,3631,10,9803.7,2051.7
OD009440,O03771,P0033,4,5694,15,19359.6,1503.6
OD009441,O03771,P0082,1,2255,10,2029.5,865.5
OD009442,O03772,P0004,1,3517,0,3517.0,989.0
OD009443,O03772,P0062,4,6552,5,24897.6,9593.6
OD009444,O03772,P0051,4,8105,5,30799.0,12615.0
OD009445,O03772,P0019,4,6155,15,20927.0,9283.0
OD009446,O03773,P0061,1,6727,15,5717.95,1105.95
OD009447,O03774,P0065,3,1750,0,5250.0,1608.0
OD009448,O03774,P0059,4,7607,25,22821.0,8261.0
OD009449,O03774,P0042,4,8402,10,30247.2,7399.2
OD009450,O03775,P0072,3,10954,10,29575.8,14008.8
OD009451,O03775,P0057,1,4846,5,4603.7,1749.7
OD009452,O03775,P0009,1,4834,5,4592.3,1338.3
OD009453,O03776,P0049,4,4908,15,16687.2,6243.2
OD009454,O03776,P0017,4,10962,0,43848.0,23828.0
OD009455,O03777,P0048,1,3582,10,3223.8,1260.8
OD009456,O03777,P0017,4,10962,10,39463.2,19443.2
OD009457,O03777,P0031,3,14006,0,42018.0,22641.0
OD009458,O03778,P0017,3,10962,10,29597.4,14582.4
OD009459,O03779,P0078,3,2727,15,6953.85,1784.85
OD009460,O03780,P0015,1,6239,20,4991.2,531.2
OD009461,O03781,P0011,1,7617,15,6474.45,1503.45
OD009462,O03781,P0076,1,7205,10,6484.5,1901.5
OD009463,O03781,P0078,4,2727,10,9817.2,2925.2
OD009464,O03781,P0057,4,4846,5,18414.8,6998.8
OD009465,O03782,P0081,4,4694,20,15020.8,4684.8
OD009466,O03783,P0027,2,4363,20,6980.8,130.8
OD009467,O03784,P0051,3,8105,0,24315.0,10677.0
OD009468,O03785,P0022,4,5467,5,20774.6,10698.6
OD009469,O03785,P0045,4,8473,20,27113.6,2097.6
OD009470,O03785,P0016,4,7194,5,27337.2,12841.2
OD009471,O03786,P0013,4,1311,5,4981.8,2577.8
OD009472,O03786,P0079,4,11587,15,39395.8,17663.8
OD009473,O03786,P0082,3,2255,10,6088.5,2596.5
OD009474,O03786,P0006,2,5410,15,9197.0,2561.0
OD009475,O03787,P0077,4,3416,0,13664.0,6960.0
OD009476,O03787,P0078,3,2727,20,6544.8,1375.8
OD009477,O03788,P0062,3,6552,10,17690.4,6212.4
OD009478,O03789,P0038,2,5709,10,10276.2,4278.2
OD009479,O03790,P0031,2,14006,15,23810.2,10892.2
OD009480,O03791,P0051,3,8105,0,24315.0,10677.0
OD009481,O03791,P0065,1,1750,10,1575.0,361.0
OD009482,O03792,P0066,1,3382,10,3043.8,634.8
OD009483,O03792,P0017,4,10962,5,41655.6,21635.6
OD009484,O03792,P0074,3,4472,25,10062.0,582.0
OD009485,O03792,P0039,1,7839,20,6271.2,868.2
OD009486,O03793,P0004,2,3517,5,6682.3,1626.3
OD009487,O03793,P0019,4,6155,10,22158.0,10514.0
OD009488,O03793,P0055,4,3114,15,10587.6,1615.6
OD009489,O03793,P0028,3,3631,10,9803.7,2051.7
OD009490,O03794,P0016,1,7194,25,5395.5,1771.5
OD009491,O03794,P0039,3,7839,15,19989.45,3780.45
OD009492,O03794,P0072,1,10954,25,8215.5,3026.5
OD009493,O03795,P0021,2,12927,0,25854.0,13978.0
OD009494,O03795,P0079,4,11587,5,44030.6,22298.6
OD009495,O03795,P0082,3,2255,15,5750.25,2258.25
OD009496,O03796,P0044,2,1630,10,2934.0,458.0
OD009497,O03797,P0045,2,8473,15,14404.1,1896.1
OD009498,O03797,P0052,1,1682,0,1682.0,716.0
OD009499,O03797,P0022,3,5467,10,14760.9,7203.9
OD009500,O03798,P0012,4,2280,0,9120.0,2628.0
OD009501,O03798,P0069,2,6924,10,12463.2,1053.2
OD009502,O03798,P0032,4,11145,5,42351.0,17519.0
OD009503,O03799,P0080,4,13672,10,49219.2,21691.2
OD009504,O03800,P0071,2,8287,10,14916.6,3646.6
OD009505,O03801,P0022,4,5467,15,18587.8,8511.8
OD009506,O03802,P0022,4,5467,10,19681.2,9605.2
OD009507,O03802,P0045,4,8473,20,27113.6,2097.6
OD009508,O03803,P0036,2,8476,0,16952.0,7656.0
OD009509,O03803,P0030,4,10331,15,35125.4,11505.4
OD009510,O03803,P0029,3,8916,20,21398.4,3182.4
OD009511,O03804,P0060,4,3201,20,10243.2,4187.2
OD009512,O03804,P0043,4,3251,0,13004.0,2184.0
OD009513,O03804,P0061,4,6727,10,24217.2,5769.2
OD009514,O03805,P0049,1,4908,5,4662.6,2051.6
OD009515,O03806,P0072,3,10954,15,27932.7,12365.7
OD009516,O03806,P0048,1,3582,10,3223.8,1260.8
OD009517,O03807,P0046,3,10496,15,26764.8,12043.8
OD009518,O03808,P0018,1,8947,10,8052.3,1991.3
OD009519,O03808,P0035,1,3553,15,3020.05,270.05
OD009520,O03808,P0055,4,3114,25,9342.0,370.0
OD009521,O03808,P0068,4,375,5,1425.0,225.0
OD009522,O03809,P0033,4,5694,10,20498.4,2642.4
OD009523,O03809,P0049,3,4908,15,12515.4,4682.4
OD009524,O03809,P0004,4,3517,15,11957.8,1845.8
OD009525,O03810,P0033,1,5694,15,4839.9,375.9
OD009526,O03810,P0004,1,3517,10,3165.3,637.3
OD009527,O03810,P0059,1,7607,20,6085.6,2445.6
OD009528,O03811,P0065,1,1750,0,1750.0,536.0
OD009529,O03811,P0067,4,3128,0,12512.0,3568.0
OD009530,O03811,P0008,4,9277,20,29686.4,4042.4
OD009531,O03812,P0082,3,2255,0,6765.0,3273.0
OD009532,O03812,P0019,2,6155,10,11079.0,5257.0
OD009533,O03812,P0059,3,7607,10,20538.9,9618.9
OD009534,O03812,P0006,3,5410,10,14607.0,4653.0
OD009535,O03813,P0028,1,3631,15,3086.35,502.35
OD009536,O03813,P0045,3,8473,5,24148.05,5386.05
OD009537,O03813,P0070,3,9093,0,27279.0,9747.0
OD009538,O03813,P0029,3,8916,0,26748.0,8532.0
OD009539,O03814,P0065,3,1750,20,4200.0,558.0
OD009540,O03815,P0032,4,11145,5,42351.0,17519.0
OD009541,O03815,P0047,4,4367,5,16594.6,4138.6
OD009542,O03815,P0009,4,4834,5,18369.2,5353.2
OD009543,O03815,P0041,4,8569,10,30848.4,11628.4
OD009544,O03816,P0001,1,8847,15,7519.95,2679.95
OD009545,O03817,P0080,1,13672,5,12988.4,6106.4
OD009546,O03818,P0012,4,2280,5,8664.0,2172.0
OD009547,O03818,P0081,3,4694,0,14082.0,6330.0
OD009548,O03819,P0011,1,7617,5,7236.15,2265.15
OD009549,O03819,P0007,4,9936,25,29808.0,5036.0
OD009550,O03819,P0020,3,1983,10,5354.1,659.1
OD009551,O03820,P0011,2,7617,15,12948.9,3006.9
OD009552,O03820,P0027,3,4363,15,11125.65,850.65
OD009553,O03820,P0054,2,7011,25,10516.5,3234.5
OD009554,O03821,P0034,4,8273,10,29782.8,3690.8
OD009555,O03821,P0051,3,8105,0,24315.0,10677.0
OD009556,O03821,P0044,3,1630,10,4401.0,687.0
OD009557,O03821,P0057,3,4846,20,11630.4,3068.4
OD009558,O03822,P0034,1,8273,15,7032.05,509.05
OD009559,O03822,P0075,1,2498,5,2373.1,1039.1
OD009560,O03822,P0076,2,7205,10,12969.0,3803.0
OD009561,O03823,P0072,2,10954,5,20812.6,10434.6
OD009562,O03823,P0024,1,9546,0,9546.0,4620.0
OD009563,O03824,P0037,2,4495,20,7192.0,2064.0
OD009564,O03824,P0005,4,526,0,2104.0,948.0
OD009565,O03824,P0071,3,8287,0,24861.0,7956.0
OD009566,O03825,P0031,2,14006,10,25210.8,12292.8
OD009567,O03826,P0023,1,12189,10,10970.1,5376.1
OD009568,O03826,P0026,1,9610,15,8168.5,1954.5
OD009569,O03826,P0062,1,6552,20,5241.6,1415.6
OD009570,O03827,P0023,2,12189,5,23159.1,11971.1
OD009571,O03827,P0063,1,5568,10,5011.2,1899.2
OD009572,O03827,P0032,1,11145,20,8916.0,2708.0
OD009573,O03828,P0056,4,14270,15,48518.0,22298.0
OD009574,O03828,P0073,2,3981,20,6369.6,1569.6
OD009575,O03829,P0027,3,4363,20,10471.2,196.2
OD009576,O03829,P0080,2,13672,5,25976.8,12212.8
OD009577,O03830,P0062,4,6552,15,22276.8,6972.8
OD009578,O03831,P0017,4,10962,5,41655.6,21635.6
OD009579,O03831,P0045,2,8473,5,16098.7,3590.7
OD009580,O03832,P0030,3,10331,5,29443.35,11728.35
OD009581,O03832,P0025,3,6585,20,15804.0,4719.0
OD009582,O03832,P0055,1,3114,5,2958.3,715.3
OD009583,O03832,P0045,4,8473,15,28808.2,3792.2
OD009584,O03833,P0049,2,4908,0,9816.0,4594.0
OD009585,O03833,P0056,2,14270,15,24259.0,11149.0
OD009586,O03833,P0045,4,8473,10,30502.8,5486.8
OD009587,O03833,P0067,3,3128,0,9384.0,2676.0
OD009588,O03834,P0024,2,9546,10,17182.8,7330.8
OD009589,O03835,P0036,4,8476,5,32208.8,13616.8
OD009590,O03835,P0078,2,2727,0,5454.0,2008.0
OD009591,O03835,P0017,4,10962,20,35078.4,15058.4
OD009592,O03836,P0013,2,1311,15,2228.7,1026.7
OD009593,O03836,P0019,4,6155,0,24620.0,12976.0
OD009594,O03836,P0073,2,3981,15,6767.7,1967.7
OD009595,O03837,P0003,3,319,0,957.0,171.0
OD009596,O03837,P0056,2,14270,20,22832.0,9722.0
OD009597,O03837,P0025,3,6585,20,15804.0,4719.0
OD009598,O03837,P0039,2,7839,15,13326.3,2520.3
OD009599,O03838,P0081,4,4694,15,15959.6,5623.6
OD009600,O03838,P0004,1,3517,10,3165.3,637.3
OD009601,O03839,P0064,1,6997,15,5947.45,1941.45
OD009602,O03839,P0045,1,8473,0,8473.0,2219.0
OD009603,O03839,P0011,1,7617,5,7236.15,2265.15
OD009604,O03839,P0014,3,10018,5,28551.3,12492.3
OD009605,O03840,P0066,2,3382,5,6425.8,1607.8
OD009606,O03840,P0010,4,6288,15,21379.2,4975.2
OD009607,O03840,P0075,3,2498,15,6369.9,2367.9
OD009608,O03841,P0068,4,375,5,1425.0,225.0
OD009609,O03842,P0045,4,8473,20,27113.6,2097.6
OD009610,O03842,P0075,1,2498,5,2373.1,1039.1
OD009611,O03842,P0071,3,8287,5,23617.95,6712.95
OD009612,O03843,P0057,1,4846,15,4119.1,1265.1
OD009613,O03843,P0078,4,2727,15,9271.8,2379.8
OD009614,O03843,P0064,2,6997,20,11195.2,3183.2
OD009615,O03843,P0074,2,4472,20,7155.2,835.2
OD009616,O03844,P0079,1,11587,15,9848.95,4415.95
OD009617,O03844,P0082,2,2255,10,4059.0,1731.0
OD009618,O03844,P0019,1,6155,15,5231.75,2320.75
OD009619,O03845,P0050,3,791,10,2135.7,836.7
OD009620,O03846,P0038,3,5709,5,16270.65,7273.65
OD009621,O03846,P0016,4,7194,5,27337.2,12841.2
OD009622,O03846,P0027,4,4363,20,13961.6,261.6
OD009623,O03846,P0045,2,8473,5,16098.7,3590.7
OD009624,O03847,P0070,1,9093,20,7274.4,1430.4
OD009625,O03847,P0030,3,10331,15,26344.05,8629.05
OD009626,O03847,P0017,1,10962,15,9317.7,4312.7
OD009627,O03848,P0059,1,7607,10,6846.3,3206.3
OD009628,O03848,P0024,4,9546,25,28638.0,8934.0
OD009629,O03849,P0073,4,3981,10,14331.6,4731.6
OD009630,O03849,P0005,4,526,5,1998.8,842.8
OD009631,O03850,P0006,2,5410,10,9738.0,3102.0
OD009632,O03850,P0007,3,9936,0,29808.0,11229.0
OD009633,O03851,P0033,4,5694,10,20498.4,2642.4
OD009634,O03852,P0064,4,6997,15,23789.8,7765.8
OD009635,O03852,P0082,1,2255,15,1916.75,752.75
OD009636,O03852,P0018,3,8947,5,25498.95,7315.95
OD009637,O03852,P0019,1,6155,10,5539.5,2628.5
OD009638,O03853,P0051,2,8105,15,13778.5,4686.5
OD009639,O03854,P0040,1,6601,0,6601.0,2602.0
OD009640,O03854,P0076,4,7205,0,28820.0,10488.0
OD009641,O03854,P0082,2,2255,10,4059.0,1731.0
OD009642,O03854,P0041,3,8569,15,21850.95,7435.95
OD009643,O03855,P0018,3,8947,0,26841.0,8658.0
OD009644,O03855,P0005,2,526,20,841.6,263.6
OD009645,O03855,P0075,4,2498,5,9492.4,4156.4
OD009646,O03856,P0025,4,6585,15,22389.0,7609.0
OD009647,O03856,P0019,4,6155,15,20927.0,9283.0
OD009648,O03856,P0070,1,9093,15,7729.05,1885.05
OD009649,O03857,P0016,4,7194,10,25898.4,11402.4
OD009650,O03858,P0027,2,4363,5,8289.7,1439.7
OD009651,O03859,P0066,2,3382,5,6425.8,1607.8
OD009652,O03859,P0005,3,526,0,1578.0,711.0
OD009653,O03859,P0076,4,7205,15,24497.0,6165.0
OD009654,O03860,P0035,4,3553,15,12080.2,1080.2
OD009655,O03861,P0079,2,11587,0,23174.0,12308.0
OD009656,O03861,P0058,2,3214,20,5142.4,1206.4
OD009657,O03862,P0002,4,8892,5,33789.6,14809.6
OD009658,O03862,P0062,3,6552,0,19656.0,8178.0
OD009659,O03862,P0043,1,3251,5,3088.45,383.45
OD009660,O03863,P0030,4,10331,15,35125.4,11505.4
OD009661,O03863,P0028,3,3631,10,9803.7,2051.7
OD009662,O03863,P0043,3,3251,15,8290.05,175.05
OD009663,O03864,P0045,3,8473,10,22877.1,4115.1
OD009664,O03865,P0056,4,14270,10,51372.0,25152.0
OD009665,O03865,P0015,1,6239,5,5927.05,1467.05
OD009666,O03865,P0069,4,6924,10,24926.4,2106.4
OD009667,O03866,P0051,4,8105,5,30799.0,12615.0
OD009668,O03866,P0045,1,8473,10,7625.7,1371.7
OD009669,O03866,P0056,3,14270,20,34248.0,14583.0
OD009670,O03866,P0054,1,7011,15,5959.35,2318.35
OD009671,O03867,P0022,3,5467,5,15580.95,8023.95
OD009672,O03867,P0077,1,3416,0,3416.0,1740.0
OD009673,O03867,P0034,1,8273,5,7859.35,1336.35
OD009674,O03867,P0044,2,1630,5,3097.0,621.0
OD009675,O03868,P0064,3,6997,20,16792.8,4774.8
OD009676,O03868,P0016,1,7194,0,7194.0,3570.0
OD009677,O03868,P0055,1,3114,15,2646.9,403.9
OD009678,O03868,P0041,1,8569,5,8140.55,3335.55
OD009679,O03869,P0029,2,8916,20,14265.6,2121.6
OD009680,O03869,P0050,1,791,10,711.9,278.9
OD009681,O03869,P0003,1,319,0,319.0,57.0
OD009682,O03869,P0067,2,3128,15,5317.6,845.6
OD009683,O03870,P0056,2,14270,10,25686.0,12576.0
OD009684,O03870,P0076,4,7205,20,23056.0,4724.0
OD009685,O03870,P0046,4,10496,15,35686.4,16058.4
OD009686,O03871,P0038,3,5709,10,15414.3,6417.3
OD009687,O03871,P0037,4,4495,15,15283.0,5027.0
OD009688,O03871,P0049,3,4908,5,13987.8,6154.8
OD009689,O03872,P0076,3,7205,5,20534.25,6785.25
OD009690,O03872,P0041,1,8569,20,6855.2,2050.2
OD009691,O03872,P0024,3,9546,25,21478.5,6700.5
OD009692,O03873,P0047,3,4367,0,13101.0,3759.0
OD009693,O03874,P0033,3,5694,5,16227.9,2835.9
OD009694,O03875,P0068,1,375,0,375.0,75.0
OD009695,O03875,P0061,1,6727,0,6727.0,2115.0
OD009696,O03875,P0076,3,7205,10,19453.5,5704.5
OD009697,O03875,P0043,2,3251,0,6502.0,1092.0
OD009698,O03876,P0059,3,7607,5,21679.95,10759.95
OD009699,O03876,P0001,1,8847,10,7962.3,3122.3
OD009700,O03876,P0053,4,500,20,1600.0,672.0
OD009701,O03877,P0033,3,5694,5,16227.9,2835.9
OD009702,O03877,P0053,4,500,10,1800.0,872.0
OD009703,O03878,P0075,4,2498,5,9492.4,4156.4
OD009704,O03879,P0056,2,14270,5,27113.0,14003.0
OD009705,O03880,P0015,4,6239,5,23708.2,5868.2
OD009706,O03881,P0023,4,12189,20,39004.8,16628.8
OD009707,O03881,P0055,4,3114,10,11210.4,2238.4
OD009708,O03881,P0002,4,8892,5,33789.6,14809.6
OD009709,O03882,P0027,3,4363,0,13089.0,2814.0
OD009710,O03882,P0066,1,3382,5,3212.9,803.9
OD009711,O03882,P0034,3,8273,15,21096.15,1527.15
OD009712,O03882,P0048,3,3582,15,9134.1,3245.1
OD009713,O03883,P0013,4,1311,5,4981.8,2577.8
OD009714,O03883,P0071,3,8287,10,22374.9,5469.9
OD009715,O03883,P0082,3,2255,15,5750.25,2258.25
OD009716,O03884,P0058,2,3214,5,6106.6,2170.6
OD009717,O03884,P0014,1,10018,20,8014.4,2661.4
OD009718,O03884,P0026,3,9610,20,23064.0,4422.0
OD009719,O03885,P0072,2,10954,10,19717.2,9339.2
OD009720,O03885,P0011,2,7617,20,12187.2,2245.2
OD009721,O03885,P0080,4,13672,10,49219.2,21691.2
OD009722,O03885,P0038,4,5709,10,20552.4,8556.4
OD009723,O03886,P0072,2,10954,15,18621.8,8243.8
OD009724,O03886,P0017,1,10962,5,10413.9,5408.9
OD009725,O03886,P0071,1,8287,10,7458.3,1823.3
OD009726,O03886,P0033,2,5694,5,10818.6,1890.6
OD009727,O03887,P0011,2,7617,15,12948.9,3006.9
OD009728,O03888,P0066,3,3382,5,9638.7,2411.7
OD009729,O03888,P0055,1,3114,0,3114.0,871.0
OD009730,O03889,P0056,1,14270,10,12843.0,6288.0
OD009731,O03890,P0007,4,9936,15,33782.4,9010.4
OD009732,O03890,P0044,2,1630,10,2934.0,458.0
OD009733,O03890,P0027,4,4363,10,15706.8,2006.8
OD009734,O03891,P0027,4,4363,0,17452.0,3752.0
OD009735,O03891,P0014,3,10018,0,30054.0,13995.0
OD009736,O03891,P0012,2,2280,0,4560.0,1314.0
OD009737,O03892,P0068,1,375,15,318.75,18.75
OD009738,O03893,P0005,1,526,10,473.4,184.4
OD009739,O03893,P0058,1,3214,15,2731.9,763.9
OD009740,O03893,P0059,4,7607,15,25863.8,11303.8
OD009741,O03893,P0054,4,7011,10,25239.6,10675.6
OD009742,O03894,P0045,4,8473,5,32197.4,7181.4
OD009743,O03894,P0078,4,2727,10,9817.2,2925.2
OD009744,O03894,P0056,3,14270,10,38529.0,18864.0
OD009745,O03895,P0041,3,8569,5,24421.65,10006.65
OD009746,O03895,P0047,3,4367,15,11135.85,1793.85
OD009747,O03895,P0048,4,3582,10,12895.2,5043.2
OD009748,O03896,P0027,2,4363,10,7853.4,1003.4
OD009749,O03896,P0055,2,3114,5,5916.6,1430.6
OD009750,O03896,P0078,2,2727,0,5454.0,2008.0
OD009751,O03897,P0004,3,3517,5,10023.45,2439.45
OD009752,O03897,P0044,1,1630,20,1304.0,66.0
OD009753,O03898,P0050,4,791,15,2689.4,957.4
OD009754,O03898,P0042,1,8402,0,8402.0,2690.0
OD009755,O03899,P0020,4,1983,5,7535.4,1275.4
OD009756,O03899,P0035,1,3553,25,2664.75,-85.25
OD009757,O03900,P0074,4,4472,10,16099.2,3459.2
OD009758,O03900,P0014,3,10018,25,22540.5,6481.5
OD009759,O03901,P0064,2,6997,20,11195.2,3183.2
OD009760,O03901,P0019,4,6155,15,20927.0,9283.0
OD009761,O03902,P0039,2,7839,15,13326.3,2520.3
OD009762,O03903,P0039,2,7839,10,14110.2,3304.2
OD009763,O03903,P0022,4,5467,20,17494.4,7418.4
OD009764,O03903,P0050,2,791,0,1582.0,716.0
OD009765,O03903,P0012,2,2280,5,4332.0,1086.0
OD009766,O03904,P0038,2,5709,15,9705.3,3707.3
OD009767,O03904,P0040,2,6601,5,12541.9,4543.9
OD009768,O03904,P0023,4,12189,20,39004.8,16628.8
OD009769,O03905,P0012,2,2280,10,4104.0,858.0
OD009770,O03906,P0038,3,5709,0,17127.0,8130.0
OD009771,O03906,P0075,2,2498,5,4746.2,2078.2
OD009772,O03906,P0066,2,3382,0,6764.0,1946.0
OD009773,O03907,P0060,1,3201,0,3201.0,1687.0
OD009774,O03907,P0031,2,14006,20,22409.6,9491.6
OD009775,O03907,P0062,1,6552,0,6552.0,2726.0
OD009776,O03908,P0037,2,4495,5,8540.5,3412.5
OD009777,O03909,P0044,1,1630,20,1304.0,66.0
OD009778,O03909,P0040,4,6601,20,21123.2,5127.2
OD009779,O03910,P0046,2,10496,10,18892.8,9078.8
OD009780,O03910,P0015,2,6239,10,11230.2,2310.2
OD009781,O03910,P0069,1,6924,0,6924.0,1219.0
OD009782,O03911,P0042,2,8402,15,14283.4,2859.4
OD009783,O03912,P0015,2,6239,10,11230.2,2310.2
OD009784,O03912,P0008,1,9277,20,7421.6,1010.6
OD009785,O03912,P0025,1,6585,15,5597.25,1902.25
OD009786,O03913,P0061,4,6727,0,26908.0,8460.0
OD009787,O03914,P0011,2,7617,15,12948.9,3006.9
OD009788,O03914,P0007,3,9936,15,25336.8,6757.8
OD009789,O03914,P0055,4,3114,10,11210.4,2238.4
OD009790,O03915,P0028,3,3631,0,10893.0,3141.0
OD009791,O03915,P0047,2,4367,15,7423.9,1195.9
OD009792,O03916,P0001,1,8847,5,8404.65,3564.65
OD009793,O03916,P0007,1,9936,15,8445.6,2252.6
OD009794,O03916,P0070,4,9093,15,30916.2,7540.2
OD009795,O03916,P0006,2,5410,15,9197.0,2561.0
OD009796,O03917,P0065,4,1750,10,6300.0,1444.0
OD009797,O03918,P0043,1,3251,10,2925.9,220.9
OD009798,O03919,P0031,2,14006,20,22409.6,9491.6
OD009799,O03919,P0060,2,3201,10,5761.8,2733.8
OD009800,O03919,P0078,4,2727,15,9271.8,2379.8
OD009801,O03920,P0007,3,9936,20,23846.4,5267.4
OD009802,O03921,P0012,1,2280,10,2052.0,429.0
OD009803,O03921,P0058,4,3214,15,10927.6,3055.6
OD009804,O03922,P0013,1,1311,10,1179.9,578.9
OD009805,O03922,P0008,1,9277,10,8349.3,1938.3
OD009806,O03922,P0033,1,5694,20,4555.2,91.2
OD009807,O03923,P0007,3,9936,10,26827.2,8248.2
OD009808,O03923,P0009,1,4834,20,3867.2,613.2
OD009809,O03924,P0001,1,8847,0,8847.0,4007.0
OD009810,O03924,P0051,4,8105,15,27557.0,9373.0
OD009811,O03924,P0070,2,9093,20,14548.8,2860.8
OD009812,O03925,P0066,3,3382,5,9638.7,2411.7
OD009813,O03925,P0023,4,12189,15,41442.6,19066.6
OD009814,O03925,P0032,2,11145,5,21175.5,8759.5
OD009815,O03925,P0072,1,10954,20,8763.2,3574.2
OD009816,O03926,P0037,3,4495,10,12136.5,4444.5
OD009817,O03926,P0069,1,6924,0,6924.0,1219.0
OD009818,O03926,P0031,1,14006,15,11905.1,5446.1
OD009819,O03926,P0036,1,8476,15,7204.6,2556.6
OD009820,O03927,P0051,3,8105,10,21883.5,8245.5
OD009821,O03927,P0044,2,1630,20,2608.0,132.0
OD009822,O03927,P0047,1,4367,15,3711.95,597.95
OD009823,O03928,P0038,1,5709,5,5423.55,2424.55
OD009824,O03928,P0076,2,7205,15,12248.5,3082.5
OD009825,O03929,P0019,4,6155,15,20927.0,9283.0
OD009826,O03929,P0041,3,8569,15,21850.95,7435.95
OD009827,O03929,P0039,1,7839,15,6663.15,1260.15
OD009828,O03930,P0052,3,1682,15,4289.1,1391.1
OD009829,O03930,P0025,1,6585,5,6255.75,2560.75
OD009830,O03930,P0040,2,6601,5,12541.9,4543.9
OD009831,O03931,P0004,4,3517,5,13364.6,3252.6
OD009832,O03931,P0013,1,1311,20,1048.8,447.8
OD009833,O03932,P0050,4,791,20,2531.2,799.2
OD009834,O03932,P0059,3,7607,5,21679.95,10759.95
OD009835,O03932,P0053,3,500,0,1500.0,804.0
OD009836,O03932,P0022,3,5467,5,15580.95,8023.95
OD009837,O03933,P0020,3,1983,10,5354.1,659.1
OD009838,O03933,P0054,3,7011,15,17878.05,6955.05
OD009839,O03933,P0061,2,6727,15,11435.9,2211.9
OD009840,O03934,P0018,1,8947,10,8052.3,1991.3
OD009841,O03934,P0059,1,7607,20,6085.6,2445.6
OD009842,O03934,P0012,4,2280,20,7296.0,804.0
OD009843,O03935,P0069,1,6924,0,6924.0,1219.0
OD009844,O03936,P0001,2,8847,20,14155.2,4475.2
OD009845,O03936,P0030,4,10331,25,30993.0,7373.0
OD009846,O03936,P0022,1,5467,10,4920.3,2401.3
OD009847,O03937,P0001,4,8847,10,31849.2,12489.2
OD009848,O03937,P0029,2,8916,0,17832.0,5688.0
OD009849,O03937,P0044,3,1630,5,4645.5,931.5
OD009850,O03937,P0050,3,791,5,2254.35,955.35
OD009851,O03938,P0063,4,5568,20,17817.6,5369.6
OD009852,O03939,P0011,4,7617,15,25897.8,6013.8
OD009853,O03939,P0055,3,3114,5,8874.9,2145.9
OD009854,O03940,P0008,2,9277,10,16698.6,3876.6
OD009855,O03941,P0062,1,6552,15,5569.2,1743.2
OD009856,O03942,P0012,4,2280,10,8208.0,1716.0
OD009857,O03942,P0010,3,6288,5,17920.8,5617.8
OD009858,O03942,P0003,3,319,5,909.15,123.15
OD009859,O03942,P0062,4,6552,25,19656.0,4352.0
OD009860,O03943,P0049,2,4908,10,8834.4,3612.4
OD009861,O03943,P0056,3,14270,25,32107.5,12442.5
OD009862,O03944,P0075,1,2498,15,2123.3,789.3
OD009863,O03944,P0038,1,5709,10,5138.1,2139.1
OD009864,O03944,P0023,3,12189,5,34738.65,17956.65
OD009865,O03944,P0043,1,3251,15,2763.35,58.35
OD009866,O03945,P0063,3,5568,10,15033.6,5697.6
OD009867,O03946,P0003,2,319,10,574.2,50.2
OD009868,O03946,P0069,2,6924,10,12463.2,1053.2
OD009869,O03946,P0067,2,3128,10,5630.4,1158.4
OD009870,O03946,P0042,1,8402,5,7981.9,2269.9
OD009871,O03947,P0060,4,3201,15,10883.4,4827.4
OD009872,O03947,P0003,2,319,20,510.4,-13.6
OD009873,O03947,P0041,3,8569,0,25707.0,11292.0
OD009874,O03947,P0052,2,1682,10,3027.6,1095.6
OD009875,O03948,P0014,2,10018,10,18032.4,7326.4
OD009876,O03948,P0035,3,3553,0,10659.0,2409.0
OD009877,O03948,P0076,4,7205,0,28820.0,10488.0
OD009878,O03949,P0039,4,7839,5,29788.2,8176.2
OD009879,O03949,P0054,3,7011,15,17878.05,6955.05
OD009880,O03949,P0043,1,3251,15,2763.35,58.35
OD009881,O03950,P0012,4,2280,20,7296.0,804.0
OD009882,O03951,P0082,3,2255,10,6088.5,2596.5
OD009883,O03951,P0011,2,7617,5,14472.3,4530.3
OD009884,O03951,P0007,1,9936,20,7948.8,1755.8
OD009885,O03951,P0027,4,4363,5,16579.4,2879.4
OD009886,O03952,P0020,3,1983,0,5949.0,1254.0
OD009887,O03952,P0062,4,6552,0,26208.0,10904.0
OD009888,O03952,P0070,2,9093,20,14548.8,2860.8
OD009889,O03952,P0001,2,8847,25,13270.5,3590.5
OD009890,O03953,P0017,3,10962,10,29597.4,14582.4
OD009891,O03954,P0003,1,319,20,255.2,-6.8
OD009892,O03954,P0054,1,7011,15,5959.35,2318.35
OD009893,O03954,P0061,3,6727,10,18162.9,4326.9
OD009894,O03954,P0056,4,14270,10,51372.0,25152.0
OD009895,O03955,P0017,2,10962,25,16443.0,6433.0
OD009896,O03955,P0027,3,4363,5,12434.55,2159.55
OD009897,O03955,P0014,3,10018,10,27048.6,10989.6
OD009898,O03955,P0062,2,6552,20,10483.2,2831.2
OD009899,O03956,P0009,1,4834,5,4592.3,1338.3
OD009900,O03956,P0041,2,8569,0,17138.0,7528.0
OD009901,O03956,P0061,4,6727,10,24217.2,5769.2
OD009902,O03957,P0005,4,526,5,1998.8,842.8
OD009903,O03957,P0048,2,3582,5,6805.8,2879.8
OD009904,O03957,P0050,4,791,15,2689.4,957.4
OD009905,O03958,P0064,3,6997,0,20991.0,8973.0
OD009906,O03958,P0021,4,12927,25,38781.0,15029.0
OD009907,O03958,P0046,2,10496,0,20992.0,11178.0
OD009908,O03958,P0069,1,6924,10,6231.6,526.6
OD009909,O03959,P0072,2,10954,25,16431.0,6053.0
OD009910,O03959,P0025,3,6585,15,16791.75,5706.75
OD009911,O03960,P0078,3,2727,10,7362.9,2193.9
OD009912,O03961,P0047,1,4367,5,4148.65,1034.65
OD009913,O03961,P0062,4,6552,0,26208.0,10904.0
OD009914,O03961,P0073,4,3981,0,15924.0,6324.0
OD009915,O03961,P0002,2,8892,20,14227.2,4737.2
OD009916,O03962,P0019,3,6155,10,16618.5,7885.5
OD009917,O03962,P0060,4,3201,0,12804.0,6748.0
OD009918,O03962,P0015,4,6239,0,24956.0,7116.0
OD009919,O03962,P0065,3,1750,20,4200.0,558.0
OD009920,O03963,P0033,2,5694,5,10818.6,1890.6
OD009921,O03963,P0060,3,3201,10,8642.7,4100.7
OD009922,O03963,P0014,1,10018,5,9517.1,4164.1
OD009923,O03963,P0010,4,6288,20,20121.6,3717.6
OD009924,O03964,P0064,1,6997,5,6647.15,2641.15
OD009925,O03964,P0073,1,3981,15,3383.85,983.85
OD009926,O03964,P0046,3,10496,25,23616.0,8895.0
OD009927,O03965,P0027,4,4363,5,16579.4,2879.4
OD009928,O03966,P0018,3,8947,5,25498.95,7315.95
OD009929,O03966,P0046,4,10496,5,39884.8,20256.8
OD009930,O03966,P0029,1,8916,25,6687.0,615.0
OD009931,O03966,P0033,1,5694,15,4839.9,375.9
OD009932,O03967,P0082,1,2255,0,2255.0,1091.0
OD009933,O03967,P0071,2,8287,10,14916.6,3646.6
OD009934,O03968,P0044,2,1630,5,3097.0,621.0
OD009935,O03968,P0071,1,8287,5,7872.65,2237.65
OD009936,O03969,P0020,1,1983,10,1784.7,219.7
OD009937,O03969,P0017,2,10962,5,20827.8,10817.8
OD009938,O03969,P0001,2,8847,25,13270.5,3590.5
OD009939,O03969,P0051,4,8105,10,29178.0,10994.0
OD009940,O03970,P0061,3,6727,10,18162.9,4326.9
OD009941,O03970,P0005,1,526,25,394.5,105.5
OD009942,O03970,P0020,2,1983,10,3569.4,439.4
OD009943,O03971,P0025,2,6585,25,9877.5,2487.5
OD009944,O03971,P0036,2,8476,10,15256.8,5960.8
OD009945,O03971,P0058,2,3214,20,5142.4,1206.4
OD009946,O03972,P0068,3,375,10,1012.5,112.5
OD009947,O03972,P0043,1,3251,0,3251.0,546.0
OD009948,O03973,P0007,3,9936,20,23846.4,5267.4
OD009949,O03973,P0045,1,8473,5,8049.35,1795.35
OD009950,O03973,P0002,2,8892,0,17784.0,8294.0
OD009951,O03974,P0069,4,6924,25,20772.0,-2048.0
OD009952,O03974,P0002,1,8892,15,7558.2,2813.2
OD009953,O03974,P0041,2,8569,10,15424.2,5814.2
OD009954,O03974,P0016,3,7194,5,20502.9,9630.9
OD009955,O03975,P0035,2,3553,0,7106.0,1606.0
OD009956,O03975,P0015,3,6239,15,15909.45,2529.45
OD009957,O03976,P0057,2,4846,10,8722.8,3014.8
OD009958,O03976,P0016,4,7194,10,25898.4,11402.4
OD009959,O03977,P0050,4,791,5,3005.8,1273.8
OD009960,O03977,P0012,1,2280,20,1824.0,201.0
OD009961,O03977,P0023,1,12189,10,10970.1,5376.1
OD009962,O03978,P0067,4,3128,5,11886.4,2942.4
OD009963,O03978,P0040,3,6601,20,15842.4,3845.4
OD009964,O03978,P0004,4,3517,10,12661.2,2549.2
OD009965,O03979,P0025,3,6585,0,19755.0,8670.0
OD009966,O03979,P0062,4,6552,25,19656.0,4352.0
OD009967,O03980,P0056,4,14270,15,48518.0,22298.0
OD009968,O03981,P0022,1,5467,5,5193.65,2674.65
OD009969,O03981,P0054,4,7011,25,21033.0,6469.0
OD009970,O03981,P0056,3,14270,0,42810.0,23145.0
OD009971,O03981,P0067,3,3128,15,7976.4,1268.4
OD009972,O03982,P0080,2,13672,5,25976.8,12212.8
OD009973,O03983,P0050,2,791,10,1423.8,557.8
OD009974,O03983,P0015,3,6239,15,15909.45,2529.45
OD009975,O03983,P0070,4,9093,15,30916.2,7540.2
OD009976,O03983,P0023,2,12189,5,23159.1,11971.1
OD009977,O03984,P0057,2,4846,10,8722.8,3014.8
OD009978,O03985,P0026,4,9610,10,34596.0,9740.0
OD009979,O03985,P0043,3,3251,15,8290.05,175.05
OD009980,O03985,P0015,3,6239,10,16845.3,3465.3
OD009981,O03985,P0007,3,9936,5,28317.6,9738.6
OD009982,O03986,P0019,1,6155,0,6155.0,3244.0
OD009983,O03986,P0036,3,8476,0,25428.0,11484.0
OD009984,O03986,P0069,3,6924,0,20772.0,3657.0
OD009985,O03987,P0014,4,10018,10,36064.8,14652.8
OD009986,O03987,P0078,4,2727,10,9817.2,2925.2
OD009987,O03988,P0020,1,1983,0,1983.0,418.0
OD009988,O03989,P0018,4,8947,15,30419.8,6175.8
OD009989,O03989,P0026,3,9610,10,25947.0,7305.0
OD009990,O03989,P0046,3,10496,10,28339.2,13618.2
OD009991,O03990,P0036,3,8476,5,24156.6,10212.6
OD009992,O03990,P0007,4,9936,10,35769.6,10997.6
OD009993,O03991,P0019,1,6155,10,5539.5,2628.5
OD009994,O03991,P0050,2,791,10,1423.8,557.8
OD009995,O03991,P0027,2,4363,15,7417.1,567.1
OD009996,O03992,P0001,4,8847,10,31849.2,12489.2
OD009997,O03992,P0065,1,1750,15,1487.5,273.5
OD009998,O03992,P0052,2,1682,15,2859.4,927.4
OD009999,O03993,P0056,2,14270,20,22832.0,9722.0
OD010000,O03994,P0025,1,6585,0,6585.0,2890.0
OD010001,O03994,P0005,1,526,15,447.1,158.1
OD010002,O03994,P0066,1,3382,15,2874.7,465.7
OD010003,O03995,P0013,2,1311,0,2622.0,1420.0
OD010004,O03995,P0039,4,7839,10,28220.4,6608.4
OD010005,O03995,P0022,4,5467,5,20774.6,10698.6
OD010006,O03996,P0082,1,2255,10,2029.5,865.5
OD010007,O03996,P0002,4,8892,15,30232.8,11252.8
OD010008,O03997,P0025,2,6585,10,11853.0,4463.0
OD010009,O03997,P0070,1,9093,25,6819.75,975.75
OD010010,O03998,P0016,3,7194,5,20502.9,9630.9
OD010011,O03999,P0028,2,3631,5,6898.9,1730.9
OD010012,O03999,P0040,4,6601,10,23763.6,7767.6
OD010013,O03999,P0027,3,4363,25,9816.75,-458.25
OD010014,O04000,P0071,3,8287,10,22374.9,5469.9
OD010015,O04000,P0014,3,10018,5,28551.3,12492.3
OD010016,O04000,P0037,2,4495,10,8091.0,2963.0
OD010017,O04000,P0026,1,9610,0,9610.0,3396.0
OD010018,O04001,P0041,3,8569,10,23136.3,8721.3
OD010019,O04001,P0002,3,8892,5,25342.2,11107.2
OD010020,O04002,P0037,3,4495,15,11462.25,3770.25
OD010021,O04002,P0052,4,1682,10,6055.2,2191.2
OD010022,O04003,P0048,1,3582,15,3044.7,1081.7
OD010023,O04003,P0047,2,4367,5,8297.3,2069.3
OD010024,O04003,P0053,2,500,10,900.0,436.0
OD010025,O04003,P0049,3,4908,0,14724.0,6891.0
OD010026,O04004,P0077,4,3416,15,11614.4,4910.4
OD010027,O04004,P0009,2,4834,10,8701.2,2193.2
OD010028,O04004,P0042,1,8402,10,7561.8,1849.8
OD010029,O04004,P0016,4,7194,5,27337.2,12841.2
OD010030,O04005,P0012,1,2280,15,1938.0,315.0
OD010031,O04005,P0081,4,4694,0,18776.0,8440.0
OD010032,O04005,P0024,1,9546,10,8591.4,3665.4
OD010033,O04006,P0032,1,11145,10,10030.5,3822.5
OD010034,O04007,P0007,3,9936,20,23846.4,5267.4
OD010035,O04008,P0029,4,8916,15,30314.4,6026.4
OD010036,O04008,P0001,4,8847,20,28310.4,8950.4
OD010037,O04008,P0031,4,14006,15,47620.4,21784.4
OD010038,O04009,P0033,4,5694,10,20498.4,2642.4
OD010039,O04009,P0004,2,3517,25,5275.5,219.5
OD010040,O04010,P0019,2,6155,0,12310.0,6488.0
OD010041,O04010,P0074,1,4472,20,3577.6,417.6
OD010042,O04010,P0069,4,6924,15,23541.6,721.6
OD010043,O04010,P0029,1,8916,15,7578.6,1506.6
OD010044,O04011,P0021,4,12927,20,41366.4,17614.4
OD010045,O04011,P0062,2,6552,10,11793.6,4141.6
OD010046,O04011,P0057,2,4846,10,8722.8,3014.8
OD010047,O04012,P0026,3,9610,5,27388.5,8746.5
OD010048,O04013,P0069,1,6924,20,5539.2,-165.8
OD010049,O04013,P0063,1,5568,20,4454.4,1342.4
OD010050,O04014,P0050,1,791,10,711.9,278.9
OD010051,O04014,P0019,1,6155,10,5539.5,2628.5
OD010052,O04014,P0029,4,8916,20,28531.2,4243.2
OD010053,O04015,P0055,1,3114,5,2958.3,715.3
OD010054,O04015,P0050,2,791,15,1344.7,478.7
OD010055,O04015,P0030,1,10331,25,7748.25,1843.25
OD010056,O04016,P0036,1,8476,15,7204.6,2556.6
OD010057,O04016,P0051,3,8105,15,20667.75,7029.75
OD010058,O04017,P0027,4,4363,5,16579.4,2879.4
OD010059,O04017,P0059,4,7607,5,28906.6,14346.6
OD010060,O04018,P0027,2,4363,25,6544.5,-305.5
OD010061,O04018,P0042,4,8402,15,28566.8,5718.8
OD010062,O04018,P0082,2,2255,15,3833.5,1505.5
OD010063,O04018,P0043,2,3251,10,5851.8,441.8
OD010064,O04019,P0042,1,8402,0,8402.0,2690.0
OD010065,O04019,P0047,2,4367,10,7860.6,1632.6
OD010066,O04019,P0039,3,7839,10,21165.3,4956.3
OD010067,O04020,P0058,2,3214,20,5142.4,1206.4
OD010068,O04020,P0027,1,4363,5,4144.85,719.85
OD010069,O04020,P0069,2,6924,0,13848.0,2438.0
OD010070,O04020,P0010,4,6288,10,22636.8,6232.8
OD010071,O04021,P0016,1,7194,5,6834.3,3210.3
OD010072,O04021,P0015,3,6239,0,18717.0,5337.0
OD010073,O04021,P0079,3,11587,15,29546.85,13247.85
OD010074,O04022,P0072,1,10954,15,9310.9,4121.9
OD010075,O04023,P0060,4,3201,15,10883.4,4827.4
OD010076,O04023,P0036,1,8476,0,8476.0,3828.0
OD010077,O04023,P0011,2,7617,20,12187.2,2245.2
OD010078,O04024,P0025,1,6585,10,5926.5,2231.5
OD010079,O04024,P0061,4,6727,20,21526.4,3078.4
OD010080,O04025,P0011,1,7617,20,6093.6,1122.6
OD010081,O04026,P0057,3,4846,10,13084.2,4522.2
OD010082,O04026,P0065,2,1750,15,2975.0,547.0
OD010083,O04026,P0039,2,7839,5,14894.1,4088.1
OD010084,O04026,P0017,4,10962,10,39463.2,19443.2
OD010085,O04027,P0028,4,3631,10,13071.6,2735.6
OD010086,O04027,P0034,2,8273,20,13236.8,190.8
OD010087,O04027,P0055,1,3114,5,2958.3,715.3
OD010088,O04028,P0075,3,2498,25,5620.5,1618.5
OD010089,O04028,P0069,4,6924,15,23541.6,721.6
OD010090,O04028,P0078,4,2727,0,10908.0,4016.0
OD010091,O04029,P0052,1,1682,5,1597.9,631.9
OD010092,O04029,P0066,3,3382,15,8624.1,1397.1
OD010093,O04030,P0044,2,1630,25,2445.0,-31.0
OD010094,O04030,P0082,2,2255,15,3833.5,1505.5
OD010095,O04030,P0004,2,3517,0,7034.0,1978.0
OD010096,O04031,P0082,1,2255,15,1916.75,752.75
OD010097,O04032,P0004,3,3517,15,8968.35,1384.35
OD010098,O04033,P0081,4,4694,25,14082.0,3746.0
OD010099,O04033,P0065,4,1750,25,5250.0,394.0
OD010100,O04033,P0008,3,9277,15,23656.35,4423.35
OD010101,O04033,P0031,4,14006,15,47620.4,21784.4
OD010102,O04034,P0046,2,10496,15,17843.2,8029.2
OD010103,O04034,P0060,1,3201,5,3040.95,1526.95
OD010104,O04034,P0062,4,6552,25,19656.0,4352.0
OD010105,O04034,P0037,4,4495,15,15283.0,5027.0
OD010106,O04035,P0015,3,6239,10,16845.3,3465.3
OD010107,O04035,P0062,1,6552,0,6552.0,2726.0
OD010108,O04035,P0052,3,1682,15,4289.1,1391.1
OD010109,O04035,P0018,3,8947,0,26841.0,8658.0
OD010110,O04036,P0059,3,7607,10,20538.9,9618.9
OD010111,O04036,P0014,3,10018,0,30054.0,13995.0
OD010112,O04036,P0046,4,10496,15,35686.4,16058.4
OD010113,O04037,P0026,1,9610,15,8168.5,1954.5
OD010114,O04037,P0051,3,8105,10,21883.5,8245.5
OD010115,O04037,P0066,1,3382,10,3043.8,634.8
OD010116,O04038,P0050,1,791,10,711.9,278.9
OD010117,O04039,P0015,1,6239,5,5927.05,1467.05
OD010118,O04040,P0056,3,14270,20,34248.0,14583.0
OD010119,O04041,P0049,2,4908,5,9325.2,4103.2
OD010120,O04041,P0079,2,11587,10,20856.6,9990.6
OD010121,O04042,P0032,3,11145,20,26748.0,8124.0
OD010122,O04043,P0003,2,319,20,510.4,-13.6
OD010123,O04043,P0049,1,4908,10,4417.2,1806.2
OD010124,O04044,P0027,4,4363,20,13961.6,261.6
OD010125,O04044,P0022,4,5467,5,20774.6,10698.6
OD010126,O04044,P0068,1,375,20,300.0,0.0
OD010127,O04044,P0050,2,791,25,1186.5,320.5
OD010128,O04045,P0052,4,1682,5,6391.6,2527.6
OD010129,O04045,P0029,1,8916,10,8024.4,1952.4
OD010130,O04046,P0020,3,1983,0,5949.0,1254.0
OD010131,O04046,P0029,3,8916,0,26748.0,8532.0
OD010132,O04046,P0049,3,4908,10,13251.6,5418.6
OD010133,O04046,P0071,3,8287,5,23617.95,6712.95
OD010134,O04047,P0043,2,3251,5,6176.9,766.9
OD010135,O04048,P0047,4,4367,10,15721.2,3265.2
OD010136,O04049,P0062,2,6552,20,10483.2,2831.2
OD010137,O04049,P0068,3,375,20,900.0,0.0
OD010138,O04049,P0057,3,4846,10,13084.2,4522.2
OD010139,O04050,P0050,1,791,25,593.25,160.25
OD010140,O04050,P0037,1,4495,10,4045.5,1481.5
OD010141,O04050,P0035,1,3553,15,3020.05,270.05
OD010142,O04051,P0014,3,10018,0,30054.0,13995.0
OD010143,O04051,P0046,4,10496,15,35686.4,16058.4
OD010144,O04051,P0053,1,500,15,425.0,193.0
OD010145,O04052,P0077,4,3416,5,12980.8,6276.8
OD010146,O04052,P0016,3,7194,0,21582.0,10710.0
OD010147,O04052,P0072,3,10954,15,27932.7,12365.7
OD010148,O04052,P0042,4,8402,0,33608.0,10760.0
OD010149,O04053,P0069,3,6924,15,17656.2,541.2
OD010150,O04053,P0028,1,3631,10,3267.9,683.9
OD010151,O04053,P0012,1,2280,5,2166.0,543.0
OD010152,O04054,P0014,1,10018,20,8014.4,2661.4
OD010153,O04054,P0057,4,4846,5,18414.8,6998.8
OD010154,O04054,P0028,2,3631,0,7262.0,2094.0
OD010155,O04054,P0074,2,4472,15,7602.4,1282.4
OD010156,O04055,P0059,2,7607,0,15214.0,7934.0
OD010157,O04055,P0067,2,3128,5,5943.2,1471.2
OD010158,O04055,P0054,3,7011,10,18929.7,8006.7
OD010159,O04056,P0046,4,10496,10,37785.6,18157.6
OD010160,O04056,P0035,2,3553,10,6395.4,895.4
OD010161,O04056,P0007,4,9936,0,39744.0,14972.0
OD010162,O04056,P0056,3,14270,5,40669.5,21004.5
OD010163,O04057,P0052,2,1682,5,3195.8,1263.8
OD010164,O04057,P0009,2,4834,5,9184.6,2676.6
OD010165,O04057,P0070,4,9093,15,30916.2,7540.2
OD010166,O04057,P0015,2,6239,20,9982.4,1062.4
OD010167,O04058,P0011,3,7617,10,20565.9,5652.9
OD010168,O04058,P0018,1,8947,0,8947.0,2886.0
OD010169,O04058,P0027,2,4363,0,8726.0,1876.0
OD010170,O04059,P0032,4,11145,15,37893.0,13061.0
OD010171,O04059,P0068,2,375,5,712.5,112.5
OD010172,O04059,P0030,4,10331,10,37191.6,13571.6
OD010173,O04060,P0020,2,1983,0,3966.0,836.0
OD010174,O04060,P0028,2,3631,10,6535.8,1367.8
OD010175,O04060,P0044,4,1630,5,6194.0,1242.0
OD010176,O04061,P0057,2,4846,20,7753.6,2045.6
OD010177,O04061,P0009,1,4834,25,3625.5,371.5
OD010178,O04061,P0056,2,14270,5,27113.0,14003.0
OD010179,O04062,P0008,2,9277,25,13915.5,1093.5
OD010180,O04063,P0080,2,13672,25,20508.0,6744.0
OD010181,O04064,P0044,3,1630,20,3912.0,198.0
OD010182,O04064,P0074,4,4472,10,16099.2,3459.2
OD010183,O04064,P0040,3,6601,0,19803.0,7806.0
OD010184,O04065,P0031,3,14006,0,42018.0,22641.0
OD010185,O04065,P0058,4,3214,15,10927.6,3055.6
OD010186,O04066,P0043,4,3251,15,11053.4,233.4
OD010187,O04066,P0009,1,4834,20,3867.2,613.2
OD010188,O04066,P0072,4,10954,10,39434.4,18678.4
OD010189,O04067,P0018,4,8947,0,35788.0,11544.0
OD010190,O04067,P0058,2,3214,5,6106.6,2170.6
OD010191,O04068,P0073,4,3981,25,11943.0,2343.0
OD010192,O04068,P0039,3,7839,20,18813.6,2604.6
OD010193,O04069,P0081,1,4694,15,3989.9,1405.9
OD010194,O04069,P0035,3,3553,0,10659.0,2409.0
OD010195,O04069,P0070,4,9093,5,34553.4,11177.4
OD010196,O04070,P0013,4,1311,5,4981.8,2577.8
OD010197,O04070,P0056,1,14270,15,12129.5,5574.5
OD010198,O04071,P0010,4,6288,20,20121.6,3717.6
OD010199,O04071,P0051,2,8105,10,14589.0,5497.0
OD010200,O04072,P0066,2,3382,10,6087.6,1269.6
OD010201,O04072,P0019,4,6155,15,20927.0,9283.0
OD010202,O04072,P0012,2,2280,20,3648.0,402.0
OD010203,O04073,P0082,3,2255,0,6765.0,3273.0
OD010204,O04073,P0017,4,10962,10,39463.2,19443.2
OD010205,O04074,P0014,3,10018,10,27048.6,10989.6
OD010206,O04074,P0002,4,8892,15,30232.8,11252.8
OD010207,O04074,P0038,2,5709,25,8563.5,2565.5
OD010208,O04074,P0023,4,12189,0,48756.0,26380.0
OD010209,O04075,P0041,4,8569,5,32562.2,13342.2
OD010210,O04075,P0048,3,3582,0,10746.0,4857.0
OD010211,O04076,P0026,3,9610,0,28830.0,10188.0
OD010212,O04076,P0041,3,8569,10,23136.3,8721.3
OD010213,O04076,P0048,1,3582,15,3044.7,1081.7
OD010214,O04076,P0053,4,500,15,1700.0,772.0
OD010215,O04077,P0016,1,7194,0,7194.0,3570.0
OD010216,O04077,P0065,2,1750,5,3325.0,897.0
OD010217,O04078,P0056,2,14270,10,25686.0,12576.0
OD010218,O04078,P0007,1,9936,15,8445.6,2252.6
OD010219,O04078,P0017,3,10962,5,31241.7,16226.7
OD010220,O04079,P0021,3,12927,0,38781.0,20967.0
OD010221,O04079,P0053,3,500,20,1200.0,504.0
OD010222,O04080,P0017,3,10962,25,24664.5,9649.5
OD010223,O04081,P0034,2,8273,25,12409.5,-636.5
OD010224,O04081,P0066,2,3382,5,6425.8,1607.8
OD010225,O04081,P0032,2,11145,5,21175.5,8759.5
OD010226,O04081,P0048,4,3582,10,12895.2,5043.2
OD010227,O04082,P0017,2,10962,10,19731.6,9721.6
OD010228,O04082,P0023,2,12189,10,21940.2,10752.2
OD010229,O04082,P0044,1,1630,5,1548.5,310.5
OD010230,O04083,P0010,2,6288,0,12576.0,4374.0
OD010231,O04083,P0072,3,10954,15,27932.7,12365.7
OD010232,O04083,P0021,3,12927,5,36841.95,19027.95
OD010233,O04083,P0045,4,8473,10,30502.8,5486.8
OD010234,O04084,P0053,2,500,0,1000.0,536.0
OD010235,O04085,P0076,3,7205,20,17292.0,3543.0
OD010236,O04086,P0071,3,8287,0,24861.0,7956.0
OD010237,O04086,P0043,3,3251,10,8777.7,662.7
OD010238,O04086,P0027,4,4363,15,14834.2,1134.2
OD010239,O04087,P0003,3,319,5,909.15,123.15
OD010240,O04087,P0048,3,3582,20,8596.8,2707.8
OD010241,O04087,P0026,4,9610,10,34596.0,9740.0
OD010242,O04088,P0042,4,8402,15,28566.8,5718.8
OD010243,O04089,P0048,1,3582,0,3582.0,1619.0
OD010244,O04089,P0069,4,6924,5,26311.2,3491.2
OD010245,O04089,P0057,1,4846,10,4361.4,1507.4
OD010246,O04089,P0059,4,7607,15,25863.8,11303.8
OD010247,O04090,P0043,2,3251,25,4876.5,-533.5
OD010248,O04090,P0072,4,10954,15,37243.6,16487.6
OD010249,O04090,P0055,2,3114,20,4982.4,496.4
OD010250,O04090,P0080,1,13672,10,12304.8,5422.8
OD010251,O04091,P0039,2,7839,15,13326.3,2520.3
OD010252,O04092,P0045,3,8473,5,24148.05,5386.05
OD010253,O04093,P0028,2,3631,25,5446.5,278.5
OD010254,O04093,P0018,2,8947,25,13420.5,1298.5
OD010255,O04093,P0061,3,6727,0,20181.0,6345.0
OD010256,O04094,P0023,1,12189,20,9751.2,4157.2
OD010257,O04094,P0032,2,11145,25,16717.5,4301.5
OD010258,O04094,P0002,4,8892,0,35568.0,16588.0
OD010259,O04094,P0075,3,2498,15,6369.9,2367.9
OD010260,O04095,P0009,4,4834,10,17402.4,4386.4
OD010261,O04095,P0014,4,10018,5,38068.4,16656.4
OD010262,O04096,P0025,3,6585,0,19755.0,8670.0
OD010263,O04096,P0008,3,9277,10,25047.9,5814.9
OD010264,O04096,P0024,1,9546,10,8591.4,3665.4
OD010265,O04096,P0077,2,3416,15,5807.2,2455.2
OD010266,O04097,P0045,3,8473,10,22877.1,4115.1
OD010267,O04097,P0076,4,7205,10,25938.0,7606.0
OD010268,O04098,P0018,4,8947,25,26841.0,2597.0
OD010269,O04099,P0024,2,9546,15,16228.2,6376.2
OD010270,O04099,P0057,3,4846,0,14538.0,5976.0
OD010271,O04100,P0053,3,500,5,1425.0,729.0
OD010272,O04100,P0060,4,3201,15,10883.4,4827.4
OD010273,O04100,P0016,2,7194,0,14388.0,7140.0
OD010274,O04100,P0075,2,2498,20,3996.8,1328.8
OD010275,O04101,P0011,3,7617,15,19423.35,4510.35
OD010276,O04101,P0010,3,6288,5,17920.8,5617.8
OD010277,O04102,P0004,4,3517,20,11254.4,1142.4
OD010278,O04102,P0056,1,14270,5,13556.5,7001.5
OD010279,O04102,P0010,1,6288,10,5659.2,1558.2
OD010280,O04102,P0042,1,8402,10,7561.8,1849.8
OD010281,O04103,P0065,3,1750,15,4462.5,820.5
OD010282,O04104,P0024,2,9546,5,18137.4,8285.4
OD010283,O04104,P0057,3,4846,0,14538.0,5976.0
OD010284,O04104,P0038,1,5709,0,5709.0,2710.0
OD010285,O04105,P0065,1,1750,5,1662.5,448.5
OD010286,O04105,P0006,4,5410,15,18394.0,5122.0
OD010287,O04105,P0029,1,8916,5,8470.2,2398.2
OD010288,O04106,P0057,4,4846,0,19384.0,7968.0
OD010289,O04106,P0049,2,4908,5,9325.2,4103.2
OD010290,O04106,P0066,1,3382,15,2874.7,465.7
OD010291,O04106,P0056,1,14270,15,12129.5,5574.5
OD010292,O04107,P0066,1,3382,15,2874.7,465.7
OD010293,O04107,P0009,4,4834,10,17402.4,4386.4
OD010294,O04107,P0059,2,7607,0,15214.0,7934.0
OD010295,O04107,P0036,2,8476,10,15256.8,5960.8
OD010296,O04108,P0046,2,10496,0,20992.0,11178.0
OD010297,O04109,P0058,2,3214,5,6106.6,2170.6
OD010298,O04109,P0044,1,1630,15,1385.5,147.5
OD010299,O04110,P0019,1,6155,5,5847.25,2936.25
OD010300,O04110,P0072,2,10954,10,19717.2,9339.2
OD010301,O04111,P0052,2,1682,10,3027.6,1095.6
OD010302,O04112,P0013,2,1311,0,2622.0,1420.0
OD010303,O04113,P0049,3,4908,10,13251.6,5418.6
OD010304,O04113,P0066,1,3382,10,3043.8,634.8
OD010305,O04113,P0006,2,5410,10,9738.0,3102.0
OD010306,O04113,P0068,3,375,20,900.0,0.0
OD010307,O04114,P0050,2,791,15,1344.7,478.7
OD010308,O04114,P0021,2,12927,10,23268.6,11392.6
OD010309,O04115,P0042,1,8402,5,7981.9,2269.9
OD010310,O04115,P0049,3,4908,15,12515.4,4682.4
OD010311,O04115,P0003,3,319,20,765.6,-20.4
OD010312,O04116,P0056,2,14270,5,27113.0,14003.0
OD010313,O04116,P0026,3,9610,20,23064.0,4422.0
OD010314,O04117,P0054,3,7011,5,19981.35,9058.35
OD010315,O04118,P0059,2,7607,15,12931.9,5651.9
OD010316,O04118,P0055,4,3114,25,9342.0,370.0
OD010317,O04118,P0045,1,8473,10,7625.7,1371.7
OD010318,O04119,P0044,2,1630,0,3260.0,784.0
OD010319,O04119,P0034,1,8273,20,6618.4,95.4
OD010320,O04119,P0046,4,10496,10,37785.6,18157.6
OD010321,O04119,P0022,1,5467,15,4646.95,2127.95
OD010322,O04120,P0013,2,1311,15,2228.7,1026.7
OD010323,O04120,P0042,2,8402,5,15963.8,4539.8
OD010324,O04121,P0011,1,7617,0,7617.0,2646.0
OD010325,O04121,P0028,4,3631,15,12345.4,2009.4
OD010326,O04122,P0016,2,7194,15,12229.8,4981.8
OD010327,O04122,P0072,1,10954,5,10406.3,5217.3
OD010328,O04123,P0010,2,6288,10,11318.4,3116.4
OD010329,O04124,P0031,4,14006,0,56024.0,30188.0
OD010330,O04124,P0034,2,8273,10,14891.4,1845.4
OD010331,O04124,P0014,2,10018,10,18032.4,7326.4
OD010332,O04124,P0033,1,5694,15,4839.9,375.9
OD010333,O04125,P0011,3,7617,10,20565.9,5652.9
OD010334,O04125,P0021,3,12927,15,32963.85,15149.85
OD010335,O04125,P0081,3,4694,0,14082.0,6330.0
OD010336,O04125,P0016,2,7194,15,12229.8,4981.8
OD010337,O04126,P0074,3,4472,20,10732.8,1252.8
OD010338,O04126,P0016,1,7194,0,7194.0,3570.0
OD010339,O04126,P0073,1,3981,15,3383.85,983.85
OD010340,O04127,P0065,3,1750,15,4462.5,820.5
OD010341,O04128,P0057,1,4846,5,4603.7,1749.7
OD010342,O04128,P0047,4,4367,10,15721.2,3265.2
OD010343,O04128,P0074,2,4472,20,7155.2,835.2
OD010344,O04128,P0003,3,319,5,909.15,123.15
OD010345,O04129,P0053,1,500,10,450.0,218.0
OD010346,O04129,P0064,2,6997,0,13994.0,5982.0
OD010347,O04130,P0021,2,12927,20,20683.2,8807.2
OD010348,O04131,P0049,4,4908,15,16687.2,6243.2
OD010349,O04131,P0073,3,3981,15,10151.55,2951.55
OD010350,O04131,P0025,2,6585,10,11853.0,4463.0
OD010351,O04132,P0044,2,1630,15,2771.0,295.0
OD010352,O04133,P0071,3,8287,20,19888.8,2983.8
OD010353,O04133,P0053,1,500,25,375.0,143.0
OD010354,O04134,P0013,4,1311,5,4981.8,2577.8
OD010355,O04134,P0061,3,6727,20,16144.8,2308.8
OD010356,O04134,P0049,2,4908,15,8343.6,3121.6
OD010357,O04135,P0042,3,8402,20,20164.8,3028.8
OD010358,O04135,P0039,4,7839,10,28220.4,6608.4
OD010359,O04136,P0074,2,4472,0,8944.0,2624.0
OD010360,O04136,P0041,3,8569,15,21850.95,7435.95
OD010361,O04136,P0010,1,6288,0,6288.0,2187.0
OD010362,O04136,P0013,1,1311,25,983.25,382.25
OD010363,O04137,P0055,3,3114,10,8407.8,1678.8
OD010364,O04137,P0072,1,10954,10,9858.6,4669.6
OD010365,O04137,P0010,3,6288,20,15091.2,2788.2
OD010366,O04137,P0004,3,3517,5,10023.45,2439.45
OD010367,O04138,P0075,1,2498,20,1998.4,664.4
OD010368,O04138,P0061,2,6727,15,11435.9,2211.9
OD010369,O04138,P0058,1,3214,5,3053.3,1085.3
OD010370,O04138,P0031,4,14006,0,56024.0,30188.0
OD010371,O04139,P0004,4,3517,0,14068.0,3956.0
OD010372,O04139,P0080,4,13672,20,43750.4,16222.4
OD010373,O04140,P0005,3,526,10,1420.2,553.2
OD010374,O04140,P0065,3,1750,10,4725.0,1083.0
OD010375,O04140,P0021,3,12927,0,38781.0,20967.0
OD010376,O04140,P0053,1,500,0,500.0,268.0
OD010377,O04141,P0022,2,5467,10,9840.6,4802.6
OD010378,O04141,P0026,4,9610,10,34596.0,9740.0
OD010379,O04141,P0011,2,7617,10,13710.6,3768.6
OD010380,O04141,P0031,2,14006,0,28012.0,15094.0
OD010381,O04142,P0017,3,10962,5,31241.7,16226.7
OD010382,O04143,P0070,1,9093,10,8183.7,2339.7
OD010383,O04143,P0043,4,3251,0,13004.0,2184.0
OD010384,O04144,P0057,1,4846,0,4846.0,1992.0
OD010385,O04144,P0009,2,4834,15,8217.8,1709.8
OD010386,O04145,P0078,3,2727,10,7362.9,2193.9
OD010387,O04146,P0067,1,3128,10,2815.2,579.2
OD010388,O04147,P0002,3,8892,10,24008.4,9773.4
OD010389,O04147,P0039,2,7839,5,14894.1,4088.1
OD010390,O04148,P0017,4,10962,15,37270.8,17250.8
OD010391,O04148,P0060,2,3201,0,6402.0,3374.0
OD010392,O04148,P0012,4,2280,5,8664.0,2172.0
OD010393,O04149,P0060,4,3201,5,12163.8,6107.8
OD010394,O04149,P0045,4,8473,25,25419.0,403.0
OD010395,O04150,P0024,1,9546,10,8591.4,3665.4
OD010396,O04150,P0045,1,8473,15,7202.05,948.05
OD010397,O04150,P0043,2,3251,5,6176.9,766.9
OD010398,O04150,P0034,3,8273,5,23578.05,4009.05
OD010399,O04151,P0062,1,6552,0,6552.0,2726.0
OD010400,O04151,P0059,4,7607,20,24342.4,9782.4
OD010401,O04151,P0074,2,4472,0,8944.0,2624.0
OD010402,O04151,P0042,1,8402,0,8402.0,2690.0
OD010403,O04152,P0028,3,3631,0,10893.0,3141.0
OD010404,O04152,P0014,2,10018,25,15027.0,4321.0
OD010405,O04153,P0066,1,3382,5,3212.9,803.9
OD010406,O04153,P0020,2,1983,10,3569.4,439.4
OD010407,O04153,P0059,1,7607,10,6846.3,3206.3
OD010408,O04154,P0005,2,526,15,894.2,316.2
OD010409,O04154,P0023,2,12189,0,24378.0,13190.0
OD010410,O04154,P0076,4,7205,20,23056.0,4724.0
OD010411,O04154,P0015,3,6239,10,16845.3,3465.3
OD010412,O04155,P0040,3,6601,5,18812.85,6815.85
OD010413,O04155,P0039,2,7839,25,11758.5,952.5
OD010414,O04155,P0031,4,14006,15,47620.4,21784.4
OD010415,O04155,P0046,1,10496,20,8396.8,3489.8
OD010416,O04156,P0072,3,10954,10,29575.8,14008.8
OD010417,O04156,P0079,4,11587,15,39395.8,17663.8
OD010418,O04156,P0011,3,7617,5,21708.45,6795.45
OD010419,O04156,P0033,4,5694,10,20498.4,2642.4
OD010420,O04157,P0081,1,4694,15,3989.9,1405.9
OD010421,O04157,P0056,3,14270,10,38529.0,18864.0
OD010422,O04157,P0032,2,11145,15,18946.5,6530.5
OD010423,O04158,P0003,4,319,10,1148.4,100.4
OD010424,O04158,P0078,1,2727,25,2045.25,322.25
OD010425,O04159,P0010,1,6288,10,5659.2,1558.2
OD010426,O04160,P0067,3,3128,15,7976.4,1268.4
OD010427,O04160,P0001,4,8847,10,31849.2,12489.2
OD010428,O04160,P0012,2,2280,25,3420.0,174.0
OD010429,O04160,P0041,4,8569,5,32562.2,13342.2
OD010430,O04161,P0020,3,1983,20,4759.2,64.2
OD010431,O04161,P0049,1,4908,10,4417.2,1806.2
OD010432,O04161,P0080,3,13672,5,38965.2,18319.2
OD010433,O04162,P0015,1,6239,10,5615.1,1155.1
OD010434,O04162,P0037,3,4495,10,12136.5,4444.5
OD010435,O04162,P0023,3,12189,10,32910.3,16128.3
OD010436,O04163,P0067,2,3128,0,6256.0,1784.0
OD010437,O04163,P0004,1,3517,5,3341.15,813.15
OD010438,O04163,P0069,4,6924,10,24926.4,2106.4
OD010439,O04163,P0048,4,3582,15,12178.8,4326.8
OD010440,O04164,P0052,3,1682,5,4793.7,1895.7
OD010441,O04164,P0038,1,5709,5,5423.55,2424.55
OD010442,O04164,P0034,3,8273,15,21096.15,1527.15
OD010443,O04164,P0075,1,2498,10,2248.2,914.2
OD010444,O04165,P0035,3,3553,10,9593.1,1343.1
OD010445,O04165,P0058,4,3214,5,12213.2,4341.2
OD010446,O04166,P0049,4,4908,15,16687.2,6243.2
OD010447,O04167,P0004,2,3517,20,5627.2,571.2
OD010448,O04167,P0060,3,3201,15,8162.55,3620.55
OD010449,O04167,P0011,4,7617,0,30468.0,10584.0
OD010450,O04168,P0028,4,3631,15,12345.4,2009.4
OD010451,O04169,P0072,4,10954,10,39434.4,18678.4
OD010452,O04170,P0065,4,1750,0,7000.0,2144.0
OD010453,O04170,P0081,3,4694,15,11969.7,4217.7
OD010454,O04170,P0043,4,3251,20,10403.2,-416.8
OD010455,O04171,P0067,1,3128,5,2971.6,735.6
OD010456,O04171,P0020,1,1983,5,1883.85,318.85
OD010457,O04171,P0037,3,4495,5,12810.75,5118.75
OD010458,O04171,P0014,3,10018,10,27048.6,10989.6
OD010459,O04172,P0035,1,3553,20,2842.4,92.4
OD010460,O04172,P0082,1,2255,0,2255.0,1091.0
OD010461,O04172,P0031,2,14006,20,22409.6,9491.6
OD010462,O04173,P0021,4,12927,5,49122.6,25370.6
OD010463,O04174,P0036,4,8476,5,32208.8,13616.8
OD010464,O04174,P0080,1,13672,15,11621.2,4739.2
OD010465,O04175,P0037,4,4495,0,17980.0,7724.0
OD010466,O04175,P0081,3,4694,10,12673.8,4921.8
OD010467,O04175,P0017,2,10962,15,18635.4,8625.4
OD010468,O04176,P0042,1,8402,20,6721.6,1009.6
OD010469,O04176,P0021,4,12927,20,41366.4,17614.4
OD010470,O04176,P0001,3,8847,0,26541.0,12021.0
OD010471,O04176,P0064,4,6997,0,27988.0,11964.0
OD010472,O04177,P0067,1,3128,0,3128.0,892.0
OD010473,O04178,P0069,2,6924,20,11078.4,-331.6
OD010474,O04178,P0074,2,4472,10,8049.6,1729.6
OD010475,O04179,P0067,1,3128,5,2971.6,735.6
OD010476,O04180,P0066,3,3382,10,9131.4,1904.4
OD010477,O04180,P0070,4,9093,15,30916.2,7540.2
OD010478,O04180,P0058,4,3214,20,10284.8,2412.8
OD010479,O04180,P0080,4,13672,10,49219.2,21691.2
OD010480,O04181,P0013,1,1311,10,1179.9,578.9
OD010481,O04182,P0023,2,12189,10,21940.2,10752.2
OD010482,O04182,P0080,1,13672,15,11621.2,4739.2
OD010483,O04182,P0041,3,8569,25,19280.25,4865.25
OD010484,O04183,P0081,1,4694,5,4459.3,1875.3
OD010485,O04183,P0044,4,1630,15,5542.0,590.0
OD010486,O04183,P0034,3,8273,10,22337.1,2768.1
OD010487,O04183,P0029,1,8916,10,8024.4,1952.4
OD010488,O04184,P0001,2,8847,10,15924.6,6244.6
OD010489,O04185,P0079,4,11587,20,37078.4,15346.4
OD010490,O04185,P0006,3,5410,15,13795.5,3841.5
OD010491,O04186,P0061,3,6727,15,17153.85,3317.85
OD010492,O04187,P0062,1,6552,5,6224.4,2398.4
OD010493,O04187,P0023,4,12189,5,46318.2,23942.2
OD010494,O04187,P0039,3,7839,20,18813.6,2604.6
OD010495,O04187,P0043,2,3251,15,5526.7,116.7
OD010496,O04188,P0074,4,4472,15,15204.8,2564.8
OD010497,O04189,P0043,1,3251,10,2925.9,220.9
OD010498,O04189,P0011,1,7617,25,5712.75,741.75
OD010499,O04190,P0056,4,14270,10,51372.0,25152.0
OD010500,O04191,P0013,1,1311,15,1114.35,513.35
OD010501,O04191,P0003,4,319,15,1084.6,36.6
OD010502,O04192,P0039,4,7839,0,31356.0,9744.0
OD010503,O04192,P0020,1,1983,10,1784.7,219.7
OD010504,O04192,P0076,1,7205,0,7205.0,2622.0
OD010505,O04193,P0003,2,319,20,510.4,-13.6
OD010506,O04193,P0059,4,7607,0,30428.0,15868.0
OD010507,O04193,P0008,1,9277,20,7421.6,1010.6
OD010508,O04194,P0019,2,6155,25,9232.5,3410.5
OD010509,O04194,P0053,1,500,5,475.0,243.0
OD010510,O04194,P0027,4,4363,10,15706.8,2006.8
OD010511,O04195,P0001,4,8847,10,31849.2,12489.2
OD010512,O04195,P0033,2,5694,10,10249.2,1321.2
OD010513,O04196,P0074,2,4472,20,7155.2,835.2
OD010514,O04196,P0033,4,5694,5,21637.2,3781.2
OD010515,O04196,P0076,3,7205,5,20534.25,6785.25
OD010516,O04197,P0024,2,9546,5,18137.4,8285.4
OD010517,O04197,P0059,3,7607,15,19397.85,8477.85
OD010518,O04197,P0062,4,6552,10,23587.2,8283.2
OD010519,O04197,P0021,2,12927,0,25854.0,13978.0
OD010520,O04198,P0020,3,1983,0,5949.0,1254.0
OD010521,O04199,P0080,4,13672,5,51953.6,24425.6
OD010522,O04199,P0022,3,5467,10,14760.9,7203.9
OD010523,O04200,P0078,4,2727,10,9817.2,2925.2
OD010524,O04201,P0011,2,7617,10,13710.6,3768.6
OD010525,O04201,P0055,4,3114,20,9964.8,992.8
OD010526,O04202,P0072,4,10954,5,41625.2,20869.2
OD010527,O04202,P0028,1,3631,20,2904.8,320.8
OD010528,O04202,P0020,3,1983,10,5354.1,659.1
OD010529,O04203,P0022,2,5467,20,8747.2,3709.2
OD010530,O04203,P0037,3,4495,10,12136.5,4444.5
OD010531,O04203,P0080,3,13672,20,32812.8,12166.8
OD010532,O04204,P0071,1,8287,10,7458.3,1823.3
OD010533,O04205,P0077,1,3416,5,3245.2,1569.2
OD010534,O04205,P0028,3,3631,0,10893.0,3141.0
OD010535,O04206,P0056,3,14270,5,40669.5,21004.5
OD010536,O04206,P0073,1,3981,0,3981.0,1581.0
OD010537,O04206,P0020,2,1983,20,3172.8,42.8
OD010538,O04207,P0041,3,8569,0,25707.0,11292.0
OD010539,O04207,P0005,2,526,0,1052.0,474.0
OD010540,O04207,P0070,3,9093,5,25915.05,8383.05
OD010541,O04207,P0077,4,3416,5,12980.8,6276.8
OD010542,O04208,P0074,4,4472,10,16099.2,3459.2
OD010543,O04208,P0062,2,6552,10,11793.6,4141.6
OD010544,O04208,P0013,2,1311,15,2228.7,1026.7
OD010545,O04208,P0058,4,3214,15,10927.6,3055.6
OD010546,O04209,P0053,1,500,0,500.0,268.0
OD010547,O04209,P0075,2,2498,10,4496.4,1828.4
OD010548,O04209,P0020,1,1983,10,1784.7,219.7
OD010549,O04210,P0016,1,7194,5,6834.3,3210.3
OD010550,O04210,P0059,3,7607,10,20538.9,9618.9
OD010551,O04210,P0011,3,7617,0,22851.0,7938.0
OD010552,O04210,P0013,1,1311,5,1245.45,644.45
OD010553,O04211,P0051,2,8105,20,12968.0,3876.0
OD010554,O04211,P0008,2,9277,5,17626.3,4804.3
OD010555,O04212,P0014,1,10018,5,9517.1,4164.1
OD010556,O04213,P0032,1,11145,10,10030.5,3822.5
OD010557,O04213,P0052,4,1682,20,5382.4,1518.4
OD010558,O04214,P0029,2,8916,0,17832.0,5688.0
OD010559,O04214,P0052,1,1682,15,1429.7,463.7
OD010560,O04214,P0025,1,6585,10,5926.5,2231.5
OD010561,O04215,P0007,2,9936,5,18878.4,6492.4
OD010562,O04216,P0020,1,1983,5,1883.85,318.85
OD010563,O04217,P0054,4,7011,15,23837.4,9273.4
OD010564,O04218,P0019,1,6155,0,6155.0,3244.0
OD010565,O04219,P0019,2,6155,15,10463.5,4641.5
OD010566,O04220,P0038,2,5709,10,10276.2,4278.2
OD010567,O04220,P0054,4,7011,10,25239.6,10675.6
OD010568,O04220,P0040,1,6601,15,5610.85,1611.85
OD010569,O04220,P0027,1,4363,10,3926.7,501.7
OD010570,O04221,P0028,1,3631,15,3086.35,502.35
OD010571,O04221,P0018,4,8947,5,33998.6,9754.6
OD010572,O04221,P0034,4,8273,25,24819.0,-1273.0
OD010573,O04221,P0079,1,11587,5,11007.65,5574.65
OD010574,O04222,P0063,3,5568,15,14198.4,4862.4
OD010575,O04222,P0007,1,9936,20,7948.8,1755.8
OD010576,O04222,P0054,4,7011,15,23837.4,9273.4
OD010577,O04223,P0011,3,7617,15,19423.35,4510.35
OD010578,O04223,P0035,2,3553,20,5684.8,184.8
OD010579,O04223,P0052,3,1682,5,4793.7,1895.7
OD010580,O04224,P0043,4,3251,10,11703.6,883.6
OD010581,O04224,P0017,3,10962,15,27953.1,12938.1
OD010582,O04225,P0026,1,9610,10,8649.0,2435.0
OD010583,O04225,P0012,2,2280,10,4104.0,858.0
OD010584,O04226,P0018,4,8947,15,30419.8,6175.8
OD010585,O04227,P0020,3,1983,20,4759.2,64.2
OD010586,O04227,P0071,2,8287,0,16574.0,5304.0
OD010587,O04227,P0056,1,14270,25,10702.5,4147.5
OD010588,O04228,P0023,2,12189,10,21940.2,10752.2
OD010589,O04228,P0029,1,8916,0,8916.0,2844.0
OD010590,O04229,P0055,2,3114,15,5293.8,807.8
OD010591,O04229,P0032,4,11145,5,42351.0,17519.0
OD010592,O04230,P0026,4,9610,10,34596.0,9740.0
OD010593,O04231,P0029,2,8916,10,16048.8,3904.8
OD010594,O04232,P0072,1,10954,15,9310.9,4121.9
OD010595,O04232,P0061,2,6727,5,12781.3,3557.3
OD010596,O04232,P0068,1,375,0,375.0,75.0
OD010597,O04233,P0023,1,12189,10,10970.1,5376.1
OD010598,O04233,P0018,3,8947,5,25498.95,7315.95
OD010599,O04233,P0009,4,4834,0,19336.0,6320.0
OD010600,O04234,P0077,3,3416,10,9223.2,4195.2
OD010601,O04234,P0019,4,6155,0,24620.0,12976.0
OD010602,O04234,P0048,2,3582,5,6805.8,2879.8
OD010603,O04234,P0059,3,7607,10,20538.9,9618.9
OD010604,O04235,P0073,2,3981,0,7962.0,3162.0
OD010605,O04236,P0077,4,3416,10,12297.6,5593.6
OD010606,O04236,P0003,2,319,5,606.1,82.1
OD010607,O04236,P0072,4,10954,10,39434.4,18678.4
OD010608,O04237,P0007,2,9936,10,17884.8,5498.8
OD010609,O04237,P0032,4,11145,5,42351.0,17519.0
OD010610,O04238,P0012,1,2280,0,2280.0,657.0
OD010611,O04239,P0016,2,7194,10,12949.2,5701.2
OD010612,O04240,P0006,3,5410,15,13795.5,3841.5
OD010613,O04241,P0048,4,3582,20,11462.4,3610.4
OD010614,O04241,P0066,2,3382,15,5749.4,931.4
OD010615,O04241,P0046,3,10496,25,23616.0,8895.0
OD010616,O04241,P0020,2,1983,10,3569.4,439.4
OD010617,O04242,P0043,1,3251,0,3251.0,546.0
OD010618,O04242,P0048,3,3582,15,9134.1,3245.1
OD010619,O04243,P0016,1,7194,15,6114.9,2490.9
OD010620,O04243,P0051,4,8105,15,27557.0,9373.0
OD010621,O04243,P0056,1,14270,20,11416.0,4861.0
OD010622,O04243,P0023,1,12189,5,11579.55,5985.55
OD010623,O04244,P0058,1,3214,10,2892.6,924.6
OD010624,O04244,P0049,4,4908,20,15705.6,5261.6
OD010625,O04244,P0019,2,6155,15,10463.5,4641.5
OD010626,O04245,P0010,2,6288,0,12576.0,4374.0
OD010627,O04245,P0053,1,500,5,475.0,243.0
OD010628,O04246,P0006,4,5410,0,21640.0,8368.0
OD010629,O04246,P0079,1,11587,0,11587.0,6154.0
OD010630,O04247,P0059,1,7607,0,7607.0,3967.0
OD010631,O04247,P0079,4,11587,5,44030.6,22298.6
OD010632,O04247,P0072,4,10954,5,41625.2,20869.2
OD010633,O04248,P0026,2,9610,5,18259.0,5831.0
OD010634,O04248,P0005,3,526,20,1262.4,395.4
OD010635,O04248,P0067,1,3128,10,2815.2,579.2
OD010636,O04248,P0001,1,8847,10,7962.3,3122.3
OD010637,O04249,P0058,1,3214,5,3053.3,1085.3
OD010638,O04249,P0034,4,8273,20,26473.6,381.6
OD010639,O04249,P0024,2,9546,5,18137.4,8285.4
OD010640,O04250,P0016,4,7194,5,27337.2,12841.2
OD010641,O04250,P0043,3,3251,10,8777.7,662.7
OD010642,O04250,P0042,3,8402,15,21425.1,4289.1
OD010643,O04250,P0006,1,5410,5,5139.5,1821.5
OD010644,O04251,P0046,2,10496,15,17843.2,8029.2
OD010645,O04251,P0031,3,14006,10,37816.2,18439.2
OD010646,O04251,P0034,4,8273,10,29782.8,3690.8
OD010647,O04252,P0040,3,6601,15,16832.55,4835.55
OD010648,O04252,P0026,2,9610,10,17298.0,4870.0
OD010649,O04252,P0024,3,9546,10,25774.2,10996.2
OD010650,O04253,P0073,1,3981,0,3981.0,1581.0
OD010651,O04253,P0078,2,2727,5,5181.3,1735.3
OD010652,O04254,P0038,4,5709,10,20552.4,8556.4
OD010653,O04254,P0029,1,8916,25,6687.0,615.0
OD010654,O04254,P0068,1,375,20,300.0,0.0
OD010655,O04255,P0057,4,4846,0,19384.0,7968.0
OD010656,O04256,P0003,3,319,10,861.3,75.3
OD010657,O04256,P0030,4,10331,20,33059.2,9439.2
OD010658,O04256,P0075,2,2498,15,4246.6,1578.6
OD010659,O04257,P0032,4,11145,20,35664.0,10832.0
OD010660,O04257,P0049,2,4908,10,8834.4,3612.4
OD010661,O04257,P0069,4,6924,10,24926.4,2106.4
OD010662,O04258,P0030,4,10331,15,35125.4,11505.4
OD010663,O04259,P0032,4,11145,10,40122.0,15290.0
OD010664,O04259,P0024,3,9546,10,25774.2,10996.2
OD010665,O04260,P0080,4,13672,15,46484.8,18956.8
OD010666,O04261,P0001,2,8847,15,15039.9,5359.9
OD010667,O04261,P0020,3,1983,15,5056.65,361.65
OD010668,O04261,P0080,2,13672,10,24609.6,10845.6
OD010669,O04262,P0035,4,3553,5,13501.4,2501.4
OD010670,O04262,P0033,2,5694,15,9679.8,751.8
OD010671,O04263,P0025,2,6585,20,10536.0,3146.0
OD010672,O04263,P0012,3,2280,10,6156.0,1287.0
OD010673,O04263,P0003,2,319,0,638.0,114.0
OD010674,O04263,P0060,1,3201,10,2880.9,1366.9
OD010675,O04264,P0059,4,7607,5,28906.6,14346.6
OD010676,O04264,P0038,3,5709,5,16270.65,7273.65
OD010677,O04264,P0016,3,7194,0,21582.0,10710.0
OD010678,O04264,P0007,1,9936,5,9439.2,3246.2
OD010679,O04265,P0004,3,3517,20,8440.8,856.8
OD010680,O04265,P0017,2,10962,10,19731.6,9721.6
OD010681,O04265,P0066,1,3382,5,3212.9,803.9
OD010682,O04265,P0001,2,8847,10,15924.6,6244.6
OD010683,O04266,P0066,2,3382,20,5411.2,593.2
OD010684,O04266,P0078,2,2727,0,5454.0,2008.0
OD010685,O04266,P0056,1,14270,5,13556.5,7001.5
OD010686,O04266,P0004,2,3517,0,7034.0,1978.0
OD010687,O04267,P0060,4,3201,10,11523.6,5467.6
OD010688,O04267,P0013,2,1311,15,2228.7,1026.7
OD010689,O04268,P0064,2,6997,0,13994.0,5982.0
OD010690,O04268,P0082,2,2255,5,4284.5,1956.5
OD010691,O04268,P0037,3,4495,0,13485.0,5793.0
OD010692,O04269,P0081,3,4694,5,13377.9,5625.9
OD010693,O04269,P0038,4,5709,0,22836.0,10840.0
OD010694,O04270,P0080,2,13672,25,20508.0,6744.0
OD010695,O04270,P0057,4,4846,5,18414.8,6998.8
OD010696,O04270,P0024,2,9546,10,17182.8,7330.8
OD010697,O04270,P0061,3,6727,5,19171.95,5335.95
OD010698,O04271,P0059,1,7607,0,7607.0,3967.0
OD010699,O04271,P0046,3,10496,15,26764.8,12043.8
OD010700,O04271,P0062,3,6552,5,18673.2,7195.2
OD010701,O04271,P0075,3,2498,20,5995.2,1993.2
OD010702,O04272,P0070,4,9093,10,32734.8,9358.8
OD010703,O04272,P0061,2,6727,0,13454.0,4230.0
OD010704,O04272,P0057,2,4846,5,9207.4,3499.4
OD010705,O04272,P0065,4,1750,10,6300.0,1444.0
OD010706,O04273,P0057,4,4846,10,17445.6,6029.6
OD010707,O04273,P0044,4,1630,10,5868.0,916.0
OD010708,O04273,P0053,2,500,10,900.0,436.0
OD010709,O04273,P0058,4,3214,20,10284.8,2412.8
OD010710,O04274,P0026,4,9610,15,32674.0,7818.0
OD010711,O04274,P0065,4,1750,0,7000.0,2144.0
OD010712,O04274,P0079,3,11587,20,27808.8,11509.8
OD010713,O04275,P0022,3,5467,15,13940.85,6383.85
OD010714,O04275,P0014,1,10018,25,7513.5,2160.5
OD010715,O04275,P0058,2,3214,0,6428.0,2492.0
OD010716,O04276,P0065,3,1750,10,4725.0,1083.0
OD010717,O04276,P0013,2,1311,15,2228.7,1026.7
OD010718,O04276,P0009,2,4834,5,9184.6,2676.6
OD010719,O04277,P0031,3,14006,5,39917.1,20540.1
OD010720,O04277,P0039,2,7839,0,15678.0,4872.0
OD010721,O04278,P0001,4,8847,15,30079.8,10719.8
OD010722,O04278,P0066,4,3382,10,12175.2,2539.2
OD010723,O04278,P0016,2,7194,0,14388.0,7140.0
OD010724,O04278,P0035,2,3553,10,6395.4,895.4
OD010725,O04279,P0015,3,6239,15,15909.45,2529.45
OD010726,O04279,P0067,1,3128,10,2815.2,579.2
OD010727,O04279,P0037,4,4495,15,15283.0,5027.0
OD010728,O04280,P0055,4,3114,10,11210.4,2238.4
OD010729,O04281,P0039,1,7839,15,6663.15,1260.15
OD010730,O04281,P0002,3,8892,5,25342.2,11107.2
OD010731,O04281,P0026,1,9610,20,7688.0,1474.0
OD010732,O04281,P0058,2,3214,15,5463.8,1527.8
OD010733,O04282,P0019,3,6155,15,15695.25,6962.25
OD010734,O04283,P0063,4,5568,10,20044.8,7596.8
OD010735,O04283,P0020,1,1983,15,1685.55,120.55
OD010736,O04283,P0029,3,8916,15,22735.8,4519.8
OD010737,O04283,P0015,2,6239,20,9982.4,1062.4
OD010738,O04284,P0007,1,9936,20,7948.8,1755.8
OD010739,O04284,P0047,1,4367,0,4367.0,1253.0
OD010740,O04284,P0023,1,12189,15,10360.65,4766.65
OD010741,O04284,P0065,3,1750,10,4725.0,1083.0
OD010742,O04285,P0079,1,11587,25,8690.25,3257.25
OD010743,O04286,P0062,1,6552,10,5896.8,2070.8
OD010744,O04286,P0073,2,3981,15,6767.7,1967.7
OD010745,O04286,P0031,3,14006,5,39917.1,20540.1
OD010746,O04286,P0058,1,3214,15,2731.9,763.9
OD010747,O04287,P0035,4,3553,5,13501.4,2501.4
OD010748,O04287,P0064,4,6997,15,23789.8,7765.8
OD010749,O04288,P0014,4,10018,5,38068.4,16656.4
OD010750,O04288,P0031,4,14006,15,47620.4,21784.4
OD010751,O04288,P0042,1,8402,0,8402.0,2690.0
OD010752,O04288,P0075,4,2498,10,8992.8,3656.8
OD010753,O04289,P0043,4,3251,15,11053.4,233.4
OD010754,O04289,P0009,4,4834,5,18369.2,5353.2
OD010755,O04289,P0021,2,12927,10,23268.6,11392.6
OD010756,O04290,P0002,2,8892,0,17784.0,8294.0
OD010757,O04290,P0040,1,6601,20,5280.8,1281.8
OD010758,O04291,P0009,2,4834,15,8217.8,1709.8
OD010759,O04291,P0036,1,8476,25,6357.0,1709.0
OD010760,O04291,P0076,2,7205,25,10807.5,1641.5
OD010761,O04291,P0065,1,1750,5,1662.5,448.5
OD010762,O04292,P0073,2,3981,15,6767.7,1967.7
OD010763,O04293,P0063,2,5568,15,9465.6,3241.6
OD010764,O04293,P0011,1,7617,5,7236.15,2265.15
OD010765,O04294,P0012,4,2280,10,8208.0,1716.0
OD010766,O04295,P0042,1,8402,10,7561.8,1849.8
OD010767,O04296,P0016,1,7194,10,6474.6,2850.6
OD010768,O04296,P0015,4,6239,5,23708.2,5868.2
OD010769,O04297,P0070,1,9093,10,8183.7,2339.7
OD010770,O04297,P0030,2,10331,0,20662.0,8852.0
OD010771,O04298,P0082,2,2255,5,4284.5,1956.5
OD010772,O04298,P0044,3,1630,25,3667.5,-46.5
OD010773,O04298,P0042,1,8402,15,7141.7,1429.7
OD010774,O04298,P0043,2,3251,10,5851.8,441.8
OD010775,O04299,P0039,4,7839,15,26652.6,5040.6
OD010776,O04300,P0061,3,6727,20,16144.8,2308.8
OD010777,O04300,P0081,2,4694,15,7979.8,2811.8
OD010778,O04300,P0021,2,12927,10,23268.6,11392.6
OD010779,O04301,P0001,3,8847,10,23886.9,9366.9
OD010780,O04302,P0013,2,1311,20,2097.6,895.6
OD010781,O04302,P0060,3,3201,15,8162.55,3620.55
OD010782,O04302,P0065,2,1750,25,2625.0,197.0
OD010783,O04302,P0050,3,791,10,2135.7,836.7
OD010784,O04303,P0019,3,6155,0,18465.0,9732.0
OD010785,O04303,P0041,4,8569,15,29134.6,9914.6
OD010786,O04304,P0060,4,3201,10,11523.6,5467.6
OD010787,O04304,P0055,3,3114,20,7473.6,744.6
OD010788,O04304,P0081,2,4694,15,7979.8,2811.8
OD010789,O04304,P0027,3,4363,5,12434.55,2159.55
OD010790,O04305,P0018,1,8947,0,8947.0,2886.0
OD010791,O04305,P0015,2,6239,20,9982.4,1062.4
OD010792,O04305,P0016,3,7194,10,19423.8,8551.8
OD010793,O04305,P0058,2,3214,15,5463.8,1527.8
OD010794,O04306,P0039,1,7839,20,6271.2,868.2
OD010795,O04306,P0059,3,7607,15,19397.85,8477.85
OD010796,O04306,P0063,4,5568,0,22272.0,9824.0
OD010797,O04306,P0005,4,526,20,1683.2,527.2
OD010798,O04307,P0012,1,2280,10,2052.0,429.0
OD010799,O04307,P0003,1,319,10,287.1,25.1
OD010800,O04308,P0055,2,3114,20,4982.4,496.4
OD010801,O04308,P0004,3,3517,0,10551.0,2967.0
OD010802,O04308,P0071,3,8287,5,23617.95,6712.95
OD010803,O04309,P0021,4,12927,20,41366.4,17614.4
OD010804,O04310,P0006,1,5410,0,5410.0,2092.0
OD010805,O04310,P0059,3,7607,5,21679.95,10759.95
OD010806,O04310,P0009,4,4834,15,16435.6,3419.6
OD010807,O04310,P0046,4,10496,0,41984.0,22356.0
OD010808,O04311,P0045,1,8473,5,8049.35,1795.35
OD010809,O04311,P0002,1,8892,15,7558.2,2813.2
OD010810,O04311,P0054,1,7011,0,7011.0,3370.0
OD010811,O04312,P0031,2,14006,15,23810.2,10892.2
OD010812,O04312,P0077,2,3416,10,6148.8,2796.8
OD010813,O04312,P0043,4,3251,0,13004.0,2184.0
OD010814,O04313,P0053,3,500,15,1275.0,579.0
OD010815,O04313,P0045,2,8473,25,12709.5,201.5
OD010816,O04313,P0036,2,8476,20,13561.6,4265.6
OD010817,O04314,P0025,4,6585,5,25023.0,10243.0
OD010818,O04314,P0001,1,8847,10,7962.3,3122.3
OD010819,O04315,P0012,1,2280,15,1938.0,315.0
OD010820,O04315,P0030,3,10331,20,24794.4,7079.4
OD010821,O04315,P0024,3,9546,0,28638.0,13860.0
OD010822,O04316,P0082,2,2255,5,4284.5,1956.5
OD010823,O04316,P0045,3,8473,0,25419.0,6657.0
OD010824,O04317,P0082,4,2255,15,7667.0,3011.0
OD010825,O04318,P0029,4,8916,5,33880.8,9592.8
OD010826,O04318,P0075,3,2498,5,7119.3,3117.3
OD010827,O04318,P0024,3,9546,10,25774.2,10996.2
OD010828,O04318,P0005,4,526,15,1788.4,632.4
OD010829,O04319,P0012,2,2280,15,3876.0,630.0
OD010830,O04320,P0062,3,6552,20,15724.8,4246.8
OD010831,O04320,P0055,1,3114,0,3114.0,871.0
OD010832,O04320,P0010,3,6288,0,18864.0,6561.0
OD010833,O04321,P0070,4,9093,15,30916.2,7540.2
OD010834,O04322,P0034,3,8273,0,24819.0,5250.0
OD010835,O04322,P0065,4,1750,5,6650.0,1794.0
OD010836,O04322,P0067,1,3128,0,3128.0,892.0
OD010837,O04322,P0071,4,8287,20,26518.4,3978.4
OD010838,O04323,P0058,4,3214,15,10927.6,3055.6
OD010839,O04324,P0046,2,10496,10,18892.8,9078.8
OD010840,O04324,P0044,2,1630,20,2608.0,132.0
OD010841,O04324,P0077,2,3416,10,6148.8,2796.8
OD010842,O04325,P0043,2,3251,10,5851.8,441.8
OD010843,O04325,P0036,2,8476,10,15256.8,5960.8
OD010844,O04325,P0037,2,4495,15,7641.5,2513.5
OD010845,O04326,P0021,1,12927,10,11634.3,5696.3
OD010846,O04326,P0034,1,8273,15,7032.05,509.05
OD010847,O04327,P0064,3,6997,0,20991.0,8973.0
OD010848,O04327,P0072,3,10954,5,31218.9,15651.9
OD010849,O04328,P0025,2,6585,5,12511.5,5121.5
OD010850,O04328,P0055,4,3114,10,11210.4,2238.4
OD010851,O04329,P0004,1,3517,5,3341.15,813.15
OD010852,O04330,P0070,1,9093,0,9093.0,3249.0
OD010853,O04330,P0082,2,2255,0,4510.0,2182.0
OD010854,O04330,P0055,2,3114,15,5293.8,807.8
OD010855,O04331,P0023,3,12189,10,32910.3,16128.3
OD010856,O04331,P0001,3,8847,15,22559.85,8039.85
OD010857,O04331,P0010,3,6288,0,18864.0,6561.0
OD010858,O04332,P0023,1,12189,20,9751.2,4157.2
OD010859,O04332,P0039,2,7839,0,15678.0,4872.0
OD010860,O04332,P0058,1,3214,25,2410.5,442.5
OD010861,O04332,P0034,1,8273,10,7445.7,922.7
OD010862,O04333,P0003,2,319,0,638.0,114.0
OD010863,O04333,P0007,4,9936,5,37756.8,12984.8
OD010864,O04333,P0011,3,7617,25,17138.25,2225.25
OD010865,O04334,P0036,2,8476,15,14409.2,5113.2
OD010866,O04334,P0057,1,4846,10,4361.4,1507.4
OD010867,O04335,P0058,1,3214,20,2571.2,603.2
OD010868,O04335,P0029,1,8916,5,8470.2,2398.2
OD010869,O04335,P0035,1,3553,5,3375.35,625.35
OD010870,O04336,P0027,3,4363,5,12434.55,2159.55
OD010871,O04337,P0056,3,14270,25,32107.5,12442.5
OD010872,O04337,P0069,3,6924,15,17656.2,541.2
OD010873,O04337,P0038,4,5709,10,20552.4,8556.4
OD010874,O04338,P0047,1,4367,15,3711.95,597.95
OD010875,O04338,P0076,3,7205,0,21615.0,7866.0
OD010876,O04338,P0025,2,6585,15,11194.5,3804.5
OD010877,O04338,P0051,2,8105,10,14589.0,5497.0
OD010878,O04339,P0049,2,4908,0,9816.0,4594.0
OD010879,O04339,P0065,4,1750,0,7000.0,2144.0
OD010880,O04339,P0033,2,5694,25,8541.0,-387.0
OD010881,O04340,P0050,1,791,5,751.45,318.45
OD010882,O04340,P0033,3,5694,10,15373.8,1981.8
OD010883,O04340,P0073,4,3981,0,15924.0,6324.0
OD010884,O04340,P0032,4,11145,10,40122.0,15290.0
OD010885,O04341,P0028,2,3631,25,5446.5,278.5
OD010886,O04341,P0049,1,4908,10,4417.2,1806.2
OD010887,O04341,P0034,3,8273,15,21096.15,1527.15
OD010888,O04342,P0007,1,9936,20,7948.8,1755.8
OD010889,O04342,P0003,2,319,5,606.1,82.1
OD010890,O04342,P0067,3,3128,20,7507.2,799.2
OD010891,O04342,P0076,2,7205,20,11528.0,2362.0
OD010892,O04343,P0067,4,3128,25,9384.0,440.0
OD010893,O04343,P0016,2,7194,0,14388.0,7140.0
OD010894,O04344,P0057,2,4846,10,8722.8,3014.8
OD010895,O04344,P0031,2,14006,5,26611.4,13693.4
OD010896,O04344,P0024,1,9546,10,8591.4,3665.4
OD010897,O04344,P0041,2,8569,15,14567.3,4957.3
OD010898,O04345,P0061,4,6727,10,24217.2,5769.2
OD010899,O04346,P0062,3,6552,5,18673.2,7195.2
OD010900,O04347,P0011,1,7617,20,6093.6,1122.6
OD010901,O04347,P0015,2,6239,5,11854.1,2934.1
OD010902,O04348,P0041,1,8569,20,6855.2,2050.2
OD010903,O04348,P0033,1,5694,10,5124.6,660.6
OD010904,O04348,P0048,4,3582,0,14328.0,6476.0
OD010905,O04348,P0054,3,7011,15,17878.05,6955.05
OD010906,O04349,P0046,2,10496,0,20992.0,11178.0
OD010907,O04349,P0024,4,9546,20,30547.2,10843.2
OD010908,O04349,P0081,3,4694,0,14082.0,6330.0
OD010909,O04349,P0054,3,7011,15,17878.05,6955.05
OD010910,O04350,P0025,4,6585,0,26340.0,11560.0
OD010911,O04351,P0074,1,4472,5,4248.4,1088.4
OD010912,O04352,P0006,4,5410,15,18394.0,5122.0
OD010913,O04353,P0073,3,3981,15,10151.55,2951.55
OD010914,O04353,P0033,4,5694,10,20498.4,2642.4
OD010915,O04354,P0002,1,8892,0,8892.0,4147.0
OD010916,O04354,P0074,4,4472,10,16099.2,3459.2
OD010917,O04354,P0025,2,6585,15,11194.5,3804.5
OD010918,O04355,P0045,3,8473,5,24148.05,5386.05
OD010919,O04355,P0057,4,4846,0,19384.0,7968.0
OD010920,O04355,P0024,2,9546,15,16228.2,6376.2
OD010921,O04355,P0038,2,5709,0,11418.0,5420.0
OD010922,O04356,P0065,1,1750,25,1312.5,98.5
OD010923,O04356,P0033,4,5694,5,21637.2,3781.2
OD010924,O04356,P0039,3,7839,5,22341.15,6132.15
OD010925,O04356,P0025,2,6585,15,11194.5,3804.5
OD010926,O04357,P0050,4,791,0,3164.0,1432.0
OD010927,O04357,P0039,2,7839,15,13326.3,2520.3
OD010928,O04357,P0019,3,6155,5,17541.75,8808.75
OD010929,O04358,P0005,1,526,20,420.8,131.8
OD010930,O04358,P0029,4,8916,10,32097.6,7809.6
OD010931,O04358,P0081,3,4694,5,13377.9,5625.9
OD010932,O04359,P0046,2,10496,20,16793.6,6979.6
OD010933,O04359,P0044,1,1630,0,1630.0,392.0
OD010934,O04359,P0004,3,3517,5,10023.45,2439.45
OD010935,O04359,P0074,4,4472,0,17888.0,5248.0
OD010936,O04360,P0030,2,10331,5,19628.9,7818.9
OD010937,O04360,P0019,2,6155,15,10463.5,4641.5
OD010938,O04360,P0059,4,7607,20,24342.4,9782.4
OD010939,O04361,P0049,2,4908,20,7852.8,2630.8
OD010940,O04361,P0003,2,319,20,510.4,-13.6
OD010941,O04362,P0060,2,3201,5,6081.9,3053.9
OD010942,O04362,P0045,1,8473,0,8473.0,2219.0
OD010943,O04362,P0011,3,7617,10,20565.9,5652.9
OD010944,O04362,P0052,1,1682,0,1682.0,716.0
OD010945,O04363,P0021,4,12927,15,43951.8,20199.8
OD010946,O04364,P0014,2,10018,0,20036.0,9330.0
OD010947,O04365,P0076,4,7205,25,21615.0,3283.0
OD010948,O04365,P0059,4,7607,25,22821.0,8261.0
OD010949,O04365,P0024,3,9546,25,21478.5,6700.5
OD010950,O04365,P0080,2,13672,15,23242.4,9478.4
OD010951,O04366,P0046,4,10496,5,39884.8,20256.8
OD010952,O04366,P0077,2,3416,5,6490.4,3138.4
OD010953,O04366,P0036,3,8476,0,25428.0,11484.0
OD010954,O04367,P0080,4,13672,0,54688.0,27160.0
OD010955,O04367,P0047,3,4367,20,10480.8,1138.8
OD010956,O04367,P0024,4,9546,15,32456.4,12752.4
OD010957,O04368,P0049,3,4908,15,12515.4,4682.4
OD010958,O04369,P0017,2,10962,0,21924.0,11914.0
OD010959,O04370,P0009,2,4834,0,9668.0,3160.0
OD010960,O04371,P0077,3,3416,0,10248.0,5220.0
OD010961,O04371,P0003,4,319,0,1276.0,228.0
OD010962,O04371,P0024,1,9546,5,9068.7,4142.7
OD010963,O04371,P0050,2,791,5,1502.9,636.9
OD010964,O04372,P0060,1,3201,15,2720.85,1206.85
OD010965,O04372,P0016,2,7194,25,10791.0,3543.0
OD010966,O04373,P0050,3,791,5,2254.35,955.35
OD010967,O04374,P0055,1,3114,10,2802.6,559.6
OD010968,O04374,P0056,3,14270,15,36388.5,16723.5
OD010969,O04375,P0023,4,12189,20,39004.8,16628.8
OD010970,O04375,P0027,2,4363,5,8289.7,1439.7
OD010971,O04376,P0059,4,7607,10,27385.2,12825.2
OD010972,O04377,P0056,2,14270,10,25686.0,12576.0
OD010973,O04377,P0073,1,3981,5,3781.95,1381.95
OD010974,O04377,P0040,3,6601,15,16832.55,4835.55
OD010975,O04377,P0004,4,3517,10,12661.2,2549.2
OD010976,O04378,P0004,3,3517,25,7913.25,329.25
OD010977,O04379,P0013,3,1311,20,3146.4,1343.4
OD010978,O04379,P0040,2,6601,15,11221.7,3223.7
OD010979,O04379,P0050,3,791,15,2017.05,718.05
OD010980,O04380,P0082,1,2255,5,2142.25,978.25
OD010981,O04380,P0029,2,8916,5,16940.4,4796.4
OD010982,O04380,P0015,3,6239,15,15909.45,2529.45
OD010983,O04381,P0071,3,8287,0,24861.0,7956.0
OD010984,O04381,P0018,2,8947,10,16104.6,3982.6
OD010985,O04381,P0081,1,4694,10,4224.6,1640.6
OD010986,O04382,P0064,1,6997,0,6997.0,2991.0
OD010987,O04382,P0014,2,10018,20,16028.8,5322.8
OD010988,O04383,P0011,4,7617,5,28944.6,9060.6
OD010989,O04383,P0060,4,3201,25,9603.0,3547.0
OD010990,O04383,P0074,1,4472,15,3801.2,641.2
OD010991,O04384,P0010,2,6288,20,10060.8,1858.8
OD010992,O04385,P0042,1,8402,15,7141.7,1429.7
OD010993,O04385,P0021,1,12927,10,11634.3,5696.3
OD010994,O04385,P0040,4,6601,5,25083.8,9087.8
OD010995,O04386,P0073,1,3981,15,3383.85,983.85
OD010996,O04386,P0036,3,8476,25,19071.0,5127.0
OD010997,O04387,P0055,1,3114,0,3114.0,871.0
OD010998,O04387,P0064,3,6997,0,20991.0,8973.0
OD010999,O04388,P0016,2,7194,0,14388.0,7140.0
OD011000,O04388,P0018,4,8947,20,28630.4,4386.4
OD011001,O04388,P0007,3,9936,10,26827.2,8248.2
OD011002,O04389,P0001,4,8847,15,30079.8,10719.8
OD011003,O04389,P0033,3,5694,5,16227.9,2835.9
OD011004,O04389,P0021,1,12927,15,10987.95,5049.95
OD011005,O04389,P0003,2,319,20,510.4,-13.6
OD011006,O04390,P0007,3,9936,10,26827.2,8248.2
OD011007,O04390,P0065,1,1750,10,1575.0,361.0
OD011008,O04390,P0058,2,3214,10,5785.2,1849.2
OD011009,O04391,P0070,4,9093,15,30916.2,7540.2
OD011010,O04391,P0037,2,4495,10,8091.0,2963.0
OD011011,O04392,P0051,4,8105,20,25936.0,7752.0
OD011012,O04392,P0022,1,5467,10,4920.3,2401.3
OD011013,O04392,P0038,1,5709,10,5138.1,2139.1
OD011014,O04392,P0064,2,6997,10,12594.6,4582.6
OD011015,O04393,P0075,3,2498,5,7119.3,3117.3
OD011016,O04393,P0067,1,3128,5,2971.6,735.6
OD011017,O04393,P0003,2,319,15,542.3,18.3
OD011018,O04394,P0008,1,9277,15,7885.45,1474.45
OD011019,O04395,P0010,3,6288,10,16977.6,4674.6
OD011020,O04396,P0065,4,1750,15,5950.0,1094.0
OD011021,O04397,P0082,3,2255,10,6088.5,2596.5
OD011022,O04397,P0016,3,7194,0,21582.0,10710.0
OD011023,O04398,P0042,4,8402,15,28566.8,5718.8
OD011024,O04399,P0055,3,3114,5,8874.9,2145.9
OD011025,O04399,P0052,3,1682,15,4289.1,1391.1
OD011026,O04399,P0031,2,14006,10,25210.8,12292.8
OD011027,O04399,P0033,1,5694,20,4555.2,91.2
OD011028,O04400,P0023,3,12189,5,34738.65,17956.65
OD011029,O04400,P0008,4,9277,0,37108.0,11464.0
OD011030,O04400,P0062,1,6552,0,6552.0,2726.0
OD011031,O04400,P0012,1,2280,20,1824.0,201.0
OD011032,O04401,P0020,4,1983,0,7932.0,1672.0
OD011033,O04401,P0054,2,7011,5,13320.9,6038.9
OD011034,O04401,P0050,1,791,15,672.35,239.35
OD011035,O04402,P0029,2,8916,15,15157.2,3013.2
OD011036,O04402,P0072,1,10954,5,10406.3,5217.3
OD011037,O04402,P0010,3,6288,15,16034.4,3731.4
OD011038,O04402,P0063,4,5568,0,22272.0,9824.0
OD011039,O04403,P0062,2,6552,10,11793.6,4141.6
OD011040,O04403,P0053,4,500,15,1700.0,772.0
OD011041,O04403,P0069,3,6924,10,18694.8,1579.8
OD011042,O04403,P0009,2,4834,20,7734.4,1226.4
OD011043,O04404,P0002,3,8892,15,22674.6,8439.6
OD011044,O04404,P0030,1,10331,0,10331.0,4426.0
OD011045,O04405,P0063,4,5568,0,22272.0,9824.0
OD011046,O04405,P0059,3,7607,20,18256.8,7336.8
OD011047,O04405,P0061,1,6727,10,6054.3,1442.3
OD011048,O04405,P0054,2,7011,20,11217.6,3935.6
OD011049,O04406,P0001,3,8847,5,25213.95,10693.95
OD011050,O04406,P0014,3,10018,10,27048.6,10989.6
OD011051,O04407,P0044,3,1630,10,4401.0,687.0
OD011052,O04408,P0010,4,6288,15,21379.2,4975.2
OD011053,O04409,P0064,2,6997,5,13294.3,5282.3
OD011054,O04409,P0053,4,500,10,1800.0,872.0
OD011055,O04409,P0029,3,8916,20,21398.4,3182.4
OD011056,O04409,P0054,3,7011,15,17878.05,6955.05
OD011057,O04410,P0054,4,7011,5,26641.8,12077.8
OD011058,O04410,P0007,4,9936,0,39744.0,14972.0
OD011059,O04410,P0019,3,6155,25,13848.75,5115.75
OD011060,O04410,P0041,2,8569,15,14567.3,4957.3
OD011061,O04411,P0023,1,12189,0,12189.0,6595.0
OD011062,O04412,P0033,4,5694,20,18220.8,364.8
OD011063,O04412,P0026,3,9610,15,24505.5,5863.5
OD011064,O04412,P0011,4,7617,20,24374.4,4490.4
OD011065,O04413,P0081,1,4694,15,3989.9,1405.9
OD011066,O04413,P0004,2,3517,20,5627.2,571.2
OD011067,O04413,P0006,4,5410,10,19476.0,6204.0
OD011068,O04413,P0077,1,3416,20,2732.8,1056.8
OD011069,O04414,P0077,1,3416,15,2903.6,1227.6
OD011070,O04414,P0046,4,10496,5,39884.8,20256.8
OD011071,O04414,P0063,2,5568,5,10579.2,4355.2
OD011072,O04415,P0010,2,6288,5,11947.2,3745.2
OD011073,O04416,P0074,4,4472,15,15204.8,2564.8
OD011074,O04416,P0019,3,6155,0,18465.0,9732.0
OD011075,O04416,P0052,4,1682,5,6391.6,2527.6
OD011076,O04416,P0042,4,8402,10,30247.2,7399.2
OD011077,O04417,P0014,1,10018,5,9517.1,4164.1
OD011078,O04417,P0059,3,7607,15,19397.85,8477.85
OD011079,O04418,P0015,4,6239,10,22460.4,4620.4
OD011080,O04418,P0072,4,10954,20,35052.8,14296.8
OD011081,O04418,P0079,3,11587,25,26070.75,9771.75
OD011082,O04419,P0028,4,3631,5,13797.8,3461.8
OD011083,O04420,P0070,1,9093,10,8183.7,2339.7
OD011084,O04421,P0050,3,791,0,2373.0,1074.0
OD011085,O04421,P0023,3,12189,0,36567.0,19785.0
OD011086,O04422,P0031,1,14006,10,12605.4,6146.4
OD011087,O04422,P0009,3,4834,0,14502.0,4740.0
OD011088,O04423,P0060,3,3201,20,7682.4,3140.4
OD011089,O04423,P0040,2,6601,0,13202.0,5204.0
OD011090,O04424,P0006,1,5410,10,4869.0,1551.0
OD011091,O04424,P0014,1,10018,20,8014.4,2661.4
OD011092,O04424,P0078,1,2727,10,2454.3,731.3
OD011093,O04424,P0015,3,6239,0,18717.0,5337.0
OD011094,O04425,P0077,1,3416,5,3245.2,1569.2
OD011095,O04425,P0028,3,3631,10,9803.7,2051.7
OD011096,O04426,P0003,3,319,20,765.6,-20.4
OD011097,O04426,P0037,2,4495,0,8990.0,3862.0
OD011098,O04426,P0025,3,6585,5,18767.25,7682.25
OD011099,O04426,P0021,4,12927,15,43951.8,20199.8
OD011100,O04427,P0029,2,8916,15,15157.2,3013.2
OD011101,O04427,P0021,3,12927,5,36841.95,19027.95
OD011102,O04428,P0043,1,3251,5,3088.45,383.45
OD011103,O04428,P0017,3,10962,10,29597.4,14582.4
OD011104,O04428,P0079,3,11587,15,29546.85,13247.85
OD011105,O04428,P0032,3,11145,15,28419.75,9795.75
OD011106,O04429,P0077,2,3416,5,6490.4,3138.4
OD011107,O04430,P0067,3,3128,15,7976.4,1268.4
OD011108,O04430,P0001,2,8847,5,16809.3,7129.3
OD011109,O04431,P0037,4,4495,10,16182.0,5926.0
OD011110,O04431,P0082,3,2255,0,6765.0,3273.0
OD011111,O04431,P0032,3,11145,10,30091.5,11467.5
OD011112,O04431,P0015,3,6239,10,16845.3,3465.3
OD011113,O04432,P0073,1,3981,0,3981.0,1581.0
OD011114,O04432,P0020,4,1983,15,6742.2,482.2
OD011115,O04432,P0064,3,6997,10,18891.9,6873.9
OD011116,O04433,P0065,1,1750,15,1487.5,273.5
OD011117,O04433,P0032,3,11145,20,26748.0,8124.0
OD011118,O04433,P0076,2,7205,15,12248.5,3082.5
OD011119,O04434,P0078,1,2727,5,2590.65,867.65
OD011120,O04434,P0037,4,4495,0,17980.0,7724.0
OD011121,O04434,P0004,3,3517,5,10023.45,2439.45
OD011122,O04434,P0032,1,11145,20,8916.0,2708.0
OD011123,O04435,P0043,4,3251,0,13004.0,2184.0
OD011124,O04435,P0058,4,3214,10,11570.4,3698.4
OD011125,O04436,P0018,1,8947,15,7604.95,1543.95
OD011126,O04436,P0069,2,6924,10,12463.2,1053.2
OD011127,O04436,P0023,4,12189,15,41442.6,19066.6
OD011128,O04436,P0003,3,319,0,957.0,171.0
OD011129,O04437,P0013,4,1311,5,4981.8,2577.8
OD011130,O04437,P0025,2,6585,15,11194.5,3804.5
OD011131,O04437,P0002,3,8892,10,24008.4,9773.4
OD011132,O04437,P0020,1,1983,0,1983.0,418.0
OD011133,O04438,P0056,4,14270,20,45664.0,19444.0
OD011134,O04438,P0029,4,8916,5,33880.8,9592.8
OD011135,O04438,P0007,4,9936,0,39744.0,14972.0
OD011136,O04438,P0035,2,3553,10,6395.4,895.4
OD011137,O04439,P0034,4,8273,20,26473.6,381.6
OD011138,O04439,P0027,4,4363,20,13961.6,261.6
OD011139,O04440,P0007,3,9936,5,28317.6,9738.6
OD011140,O04440,P0011,2,7617,20,12187.2,2245.2
OD011141,O04440,P0058,4,3214,20,10284.8,2412.8
OD011142,O04441,P0078,4,2727,0,10908.0,4016.0
OD011143,O04442,P0033,4,5694,10,20498.4,2642.4
OD011144,O04442,P0035,4,3553,20,11369.6,369.6
OD011145,O04443,P0001,3,8847,25,19905.75,5385.75
OD011146,O04443,P0036,3,8476,10,22885.2,8941.2
OD011147,O04444,P0004,3,3517,20,8440.8,856.8
OD011148,O04444,P0003,4,319,5,1212.2,164.2
OD011149,O04444,P0002,1,8892,20,7113.6,2368.6
OD011150,O04444,P0015,4,6239,10,22460.4,4620.4
OD011151,O04445,P0002,3,8892,10,24008.4,9773.4
OD011152,O04445,P0061,3,6727,5,19171.95,5335.95
OD011153,O04445,P0081,1,4694,5,4459.3,1875.3
OD011154,O04445,P0039,3,7839,5,22341.15,6132.15
OD011155,O04446,P0068,3,375,15,956.25,56.25
OD011156,O04446,P0065,3,1750,20,4200.0,558.0
OD011157,O04447,P0016,2,7194,10,12949.2,5701.2
OD011158,O04447,P0015,3,6239,5,17781.15,4401.15
OD011159,O04447,P0029,4,8916,10,32097.6,7809.6
OD011160,O04447,P0021,2,12927,15,21975.9,10099.9
OD011161,O04448,P0043,2,3251,20,5201.6,-208.4
OD011162,O04448,P0021,4,12927,15,43951.8,20199.8
OD011163,O04449,P0014,3,10018,25,22540.5,6481.5
OD011164,O04449,P0036,4,8476,15,28818.4,10226.4
OD011165,O04449,P0027,3,4363,10,11780.1,1505.1
OD011166,O04449,P0051,2,8105,10,14589.0,5497.0
OD011167,O04450,P0003,1,319,0,319.0,57.0
OD011168,O04450,P0045,3,8473,20,20335.2,1573.2
OD011169,O04450,P0065,4,1750,5,6650.0,1794.0
OD011170,O04451,P0074,4,4472,20,14310.4,1670.4
OD011171,O04452,P0005,1,526,15,447.1,158.1
OD011172,O04452,P0077,1,3416,10,3074.4,1398.4
OD011173,O04452,P0039,1,7839,5,7447.05,2044.05
OD011174,O04453,P0007,3,9936,0,29808.0,11229.0
OD011175,O04454,P0056,4,14270,15,48518.0,22298.0
OD011176,O04455,P0039,3,7839,10,21165.3,4956.3
OD011177,O04455,P0002,3,8892,15,22674.6,8439.6
OD011178,O04455,P0037,4,4495,10,16182.0,5926.0
OD011179,O04455,P0054,3,7011,5,19981.35,9058.35
OD011180,O04456,P0049,1,4908,5,4662.6,2051.6
OD011181,O04456,P0078,1,2727,10,2454.3,731.3
OD011182,O04456,P0020,3,1983,5,5651.55,956.55
OD011183,O04457,P0038,3,5709,15,14557.95,5560.95
OD011184,O04457,P0010,1,6288,20,5030.4,929.4
OD011185,O04458,P0002,1,8892,5,8447.4,3702.4
OD011186,O04458,P0078,1,2727,10,2454.3,731.3
OD011187,O04459,P0046,1,10496,10,9446.4,4539.4
OD011188,O04460,P0015,3,6239,5,17781.15,4401.15
OD011189,O04460,P0072,1,10954,25,8215.5,3026.5
OD011190,O04460,P0078,3,2727,5,7771.95,2602.95
OD011191,O04460,P0074,1,4472,0,4472.0,1312.0
OD011192,O04461,P0062,4,6552,15,22276.8,6972.8
OD011193,O04462,P0069,1,6924,10,6231.6,526.6
OD011194,O04463,P0060,4,3201,15,10883.4,4827.4
OD011195,O04463,P0079,4,11587,5,44030.6,22298.6
OD011196,O04463,P0055,3,3114,15,7940.7,1211.7
OD011197,O04464,P0013,3,1311,15,3343.05,1540.05
OD011198,O04465,P0061,2,6727,10,12108.6,2884.6
OD011199,O04465,P0071,2,8287,15,14087.9,2817.9
OD011200,O04465,P0033,1,5694,15,4839.9,375.9
OD011201,O04466,P0003,1,319,10,287.1,25.1
OD011202,O04466,P0027,4,4363,15,14834.2,1134.2
OD011203,O04466,P0024,2,9546,5,18137.4,8285.4
OD011204,O04466,P0007,4,9936,0,39744.0,14972.0
OD011205,O04467,P0067,4,3128,10,11260.8,2316.8
OD011206,O04467,P0025,1,6585,10,5926.5,2231.5
OD011207,O04467,P0081,3,4694,0,14082.0,6330.0
OD011208,O04467,P0049,4,4908,5,18650.4,8206.4
OD011209,O04468,P0015,4,6239,0,24956.0,7116.0
OD011210,O04469,P0071,2,8287,0,16574.0,5304.0
OD011211,O04469,P0012,2,2280,5,4332.0,1086.0
OD011212,O04469,P0011,2,7617,5,14472.3,4530.3
OD011213,O04470,P0046,1,10496,0,10496.0,5589.0
OD011214,O04470,P0007,3,9936,5,28317.6,9738.6
OD011215,O04470,P0012,2,2280,5,4332.0,1086.0
OD011216,O04470,P0036,1,8476,10,7628.4,2980.4
OD011217,O04471,P0047,3,4367,10,11790.9,2448.9
OD011218,O04472,P0070,3,9093,0,27279.0,9747.0
OD011219,O04472,P0079,4,11587,5,44030.6,22298.6
OD011220,O04473,P0006,2,5410,10,9738.0,3102.0
OD011221,O04474,P0062,4,6552,0,26208.0,10904.0
OD011222,O04474,P0057,3,4846,10,13084.2,4522.2
OD011223,O04474,P0018,2,8947,10,16104.6,3982.6
OD011224,O04475,P0028,3,3631,20,8714.4,962.4
OD011225,O04475,P0010,1,6288,5,5973.6,1872.6
OD011226,O04475,P0039,2,7839,20,12542.4,1736.4
OD011227,O04475,P0051,1,8105,5,7699.75,3153.75
OD011228,O04476,P0062,3,6552,15,16707.6,5229.6
OD011229,O04476,P0081,3,4694,15,11969.7,4217.7
OD011230,O04477,P0060,4,3201,15,10883.4,4827.4
OD011231,O04477,P0004,4,3517,5,13364.6,3252.6
OD011232,O04478,P0075,1,2498,5,2373.1,1039.1
OD011233,O04478,P0063,3,5568,5,15868.8,6532.8
OD011234,O04479,P0070,1,9093,5,8638.35,2794.35
OD011235,O04479,P0049,3,4908,15,12515.4,4682.4
OD011236,O04479,P0021,3,12927,10,34902.9,17088.9
OD011237,O04479,P0001,3,8847,10,23886.9,9366.9
OD011238,O04480,P0014,4,10018,5,38068.4,16656.4
OD011239,O04480,P0076,2,7205,0,14410.0,5244.0
OD011240,O04481,P0038,3,5709,15,14557.95,5560.95
OD011241,O04481,P0023,3,12189,15,31081.95,14299.95
OD011242,O04481,P0050,4,791,15,2689.4,957.4
OD011243,O04481,P0044,3,1630,10,4401.0,687.0
OD011244,O04482,P0026,4,9610,5,36518.0,11662.0
OD011245,O04482,P0005,4,526,0,2104.0,948.0
OD011246,O04482,P0004,4,3517,5,13364.6,3252.6
OD011247,O04483,P0058,4,3214,15,10927.6,3055.6
OD011248,O04483,P0070,3,9093,0,27279.0,9747.0
OD011249,O04483,P0015,4,6239,5,23708.2,5868.2
OD011250,O04483,P0035,2,3553,20,5684.8,184.8
OD011251,O04484,P0041,1,8569,10,7712.1,2907.1
OD011252,O04484,P0037,1,4495,15,3820.75,1256.75
OD011253,O04484,P0059,4,7607,10,27385.2,12825.2
OD011254,O04484,P0051,1,8105,0,8105.0,3559.0
OD011255,O04485,P0075,2,2498,10,4496.4,1828.4
OD011256,O04485,P0068,4,375,20,1200.0,0.0
OD011257,O04486,P0022,3,5467,15,13940.85,6383.85
OD011258,O04486,P0063,2,5568,10,10022.4,3798.4
OD011259,O04487,P0050,4,791,10,2847.6,1115.6
OD011260,O04487,P0049,2,4908,20,7852.8,2630.8
OD011261,O04487,P0060,2,3201,0,6402.0,3374.0
OD011262,O04487,P0043,3,3251,20,7802.4,-312.6
OD011263,O04488,P0061,2,6727,15,11435.9,2211.9
OD011264,O04488,P0079,4,11587,5,44030.6,22298.6
OD011265,O04488,P0023,4,12189,0,48756.0,26380.0
OD011266,O04488,P0036,2,8476,15,14409.2,5113.2
OD011267,O04489,P0036,3,8476,15,21613.8,7669.8
OD011268,O04490,P0004,4,3517,20,11254.4,1142.4
OD011269,O04491,P0050,2,791,5,1502.9,636.9
OD011270,O04491,P0043,1,3251,0,3251.0,546.0
OD011271,O04491,P0009,2,4834,0,9668.0,3160.0
OD011272,O04491,P0026,3,9610,0,28830.0,10188.0
OD011273,O04492,P0022,3,5467,20,13120.8,5563.8
OD011274,O04492,P0004,4,3517,10,12661.2,2549.2
OD011275,O04492,P0016,1,7194,10,6474.6,2850.6
OD011276,O04492,P0061,3,6727,15,17153.85,3317.85
OD011277,O04493,P0030,3,10331,15,26344.05,8629.05
OD011278,O04493,P0053,4,500,10,1800.0,872.0
OD011279,O04494,P0071,3,8287,5,23617.95,6712.95
OD011280,O04494,P0020,1,1983,10,1784.7,219.7
OD011281,O04494,P0081,1,4694,15,3989.9,1405.9
OD011282,O04494,P0001,4,8847,20,28310.4,8950.4
OD011283,O04495,P0018,2,8947,5,16999.3,4877.3
OD011284,O04495,P0074,4,4472,0,17888.0,5248.0
OD011285,O04495,P0030,1,10331,25,7748.25,1843.25
OD011286,O04496,P0010,3,6288,20,15091.2,2788.2
OD011287,O04496,P0040,1,6601,5,6270.95,2271.95
OD011288,O04496,P0070,3,9093,15,23187.15,5655.15
OD011289,O04497,P0053,2,500,0,1000.0,536.0
OD011290,O04498,P0018,2,8947,10,16104.6,3982.6
OD011291,O04498,P0005,1,526,20,420.8,131.8
OD011292,O04499,P0036,3,8476,15,21613.8,7669.8
OD011293,O04500,P0029,4,8916,20,28531.2,4243.2
OD011294,O04500,P0030,3,10331,20,24794.4,7079.4
OD011295,O04500,P0001,1,8847,20,7077.6,2237.6
OD011296,O04501,P0032,3,11145,15,28419.75,9795.75
OD011297,O04501,P0045,1,8473,15,7202.05,948.05
OD011298,O04502,P0022,2,5467,20,8747.2,3709.2
OD011299,O04502,P0041,4,8569,15,29134.6,9914.6
OD011300,O04502,P0050,2,791,15,1344.7,478.7
OD011301,O04502,P0040,2,6601,10,11881.8,3883.8
OD011302,O04503,P0024,2,9546,5,18137.4,8285.4
OD011303,O04503,P0041,2,8569,20,13710.4,4100.4
OD011304,O04504,P0057,1,4846,5,4603.7,1749.7
OD011305,O04504,P0063,3,5568,20,13363.2,4027.2
OD011306,O04504,P0011,2,7617,10,13710.6,3768.6
OD011307,O04505,P0031,2,14006,10,25210.8,12292.8
OD011308,O04506,P0066,2,3382,5,6425.8,1607.8
OD011309,O04506,P0033,2,5694,0,11388.0,2460.0
OD011310,O04506,P0047,2,4367,25,6550.5,322.5
OD011311,O04506,P0082,4,2255,15,7667.0,3011.0
OD011312,O04507,P0029,2,8916,5,16940.4,4796.4
OD011313,O04507,P0078,1,2727,0,2727.0,1004.0
OD011314,O04508,P0050,2,791,10,1423.8,557.8
OD011315,O04508,P0071,3,8287,10,22374.9,5469.9
OD011316,O04508,P0023,2,12189,0,24378.0,13190.0
OD011317,O04509,P0025,1,6585,10,5926.5,2231.5
OD011318,O04509,P0074,3,4472,20,10732.8,1252.8
OD011319,O04510,P0042,3,8402,15,21425.1,4289.1
OD011320,O04511,P0024,2,9546,5,18137.4,8285.4
OD011321,O04511,P0008,2,9277,5,17626.3,4804.3
OD011322,O04512,P0012,4,2280,10,8208.0,1716.0
OD011323,O04512,P0071,3,8287,10,22374.9,5469.9
OD011324,O04512,P0021,1,12927,5,12280.65,6342.65
OD011325,O04512,P0009,3,4834,20,11601.6,1839.6
OD011326,O04513,P0034,4,8273,0,33092.0,7000.0
OD011327,O04513,P0038,2,5709,0,11418.0,5420.0
OD011328,O04513,P0035,1,3553,20,2842.4,92.4
OD011329,O04513,P0002,4,8892,0,35568.0,16588.0
OD011330,O04514,P0064,2,6997,5,13294.3,5282.3
OD011331,O04514,P0078,1,2727,10,2454.3,731.3
OD011332,O04515,P0005,2,526,5,999.4,421.4
OD011333,O04515,P0064,1,6997,15,5947.45,1941.45
OD011334,O04516,P0048,1,3582,15,3044.7,1081.7
OD011335,O04517,P0037,2,4495,10,8091.0,2963.0
OD011336,O04517,P0044,4,1630,15,5542.0,590.0
OD011337,O04517,P0026,2,9610,15,16337.0,3909.0
OD011338,O04518,P0057,4,4846,20,15507.2,4091.2
OD011339,O04518,P0069,4,6924,15,23541.6,721.6
OD011340,O04518,P0017,3,10962,15,27953.1,12938.1
OD011341,O04519,P0080,2,13672,20,21875.2,8111.2
OD011342,O04520,P0051,4,8105,5,30799.0,12615.0
OD011343,O04520,P0063,1,5568,15,4732.8,1620.8
OD011344,O04521,P0049,4,4908,10,17668.8,7224.8
OD011345,O04521,P0071,2,8287,5,15745.3,4475.3
OD011346,O04521,P0045,3,8473,5,24148.05,5386.05
OD011347,O04522,P0025,2,6585,25,9877.5,2487.5
OD011348,O04522,P0029,4,8916,0,35664.0,11376.0
OD011349,O04522,P0071,3,8287,5,23617.95,6712.95
OD011350,O04522,P0011,3,7617,15,19423.35,4510.35
OD011351,O04523,P0025,2,6585,20,10536.0,3146.0
OD011352,O04524,P0056,1,14270,25,10702.5,4147.5
OD011353,O04524,P0065,3,1750,0,5250.0,1608.0
OD011354,O04524,P0012,2,2280,15,3876.0,630.0
OD011355,O04525,P0052,4,1682,10,6055.2,2191.2
OD011356,O04525,P0073,2,3981,5,7563.9,2763.9
OD011357,O04526,P0080,2,13672,10,24609.6,10845.6
OD011358,O04526,P0029,2,8916,10,16048.8,3904.8
OD011359,O04526,P0071,3,8287,20,19888.8,2983.8
OD011360,O04527,P0045,2,8473,15,14404.1,1896.1
OD011361,O04527,P0055,3,3114,15,7940.7,1211.7
OD011362,O04527,P0034,4,8273,0,33092.0,7000.0
OD011363,O04527,P0081,3,4694,15,11969.7,4217.7
OD011364,O04528,P0082,3,2255,20,5412.0,1920.0
OD011365,O04529,P0057,3,4846,10,13084.2,4522.2
OD011366,O04529,P0014,1,10018,10,9016.2,3663.2
OD011367,O04529,P0047,2,4367,0,8734.0,2506.0
OD011368,O04529,P0081,3,4694,10,12673.8,4921.8
OD011369,O04530,P0043,4,3251,15,11053.4,233.4
OD011370,O04531,P0046,2,10496,5,19942.4,10128.4
OD011371,O04532,P0027,1,4363,15,3708.55,283.55
OD011372,O04532,P0047,4,4367,5,16594.6,4138.6
OD011373,O04532,P0001,2,8847,10,15924.6,6244.6
OD011374,O04532,P0044,3,1630,10,4401.0,687.0
OD011375,O04533,P0033,2,5694,15,9679.8,751.8
OD011376,O04534,P0079,2,11587,10,20856.6,9990.6
OD011377,O04534,P0029,2,8916,15,15157.2,3013.2
OD011378,O04534,P0019,3,6155,5,17541.75,8808.75
OD011379,O04534,P0012,3,2280,20,5472.0,603.0
OD011380,O04535,P0016,1,7194,10,6474.6,2850.6
OD011381,O04535,P0023,3,12189,20,29253.6,12471.6
OD011382,O04535,P0048,3,3582,15,9134.1,3245.1
OD011383,O04536,P0072,4,10954,0,43816.0,23060.0
OD011384,O04536,P0052,4,1682,0,6728.0,2864.0
OD011385,O04536,P0047,4,4367,20,13974.4,1518.4
OD011386,O04537,P0062,4,6552,0,26208.0,10904.0
OD011387,O04537,P0056,1,14270,15,12129.5,5574.5
OD011388,O04537,P0075,1,2498,20,1998.4,664.4
OD011389,O04538,P0005,2,526,10,946.8,368.8
OD011390,O04539,P0063,4,5568,10,20044.8,7596.8
OD011391,O04539,P0049,1,4908,5,4662.6,2051.6
OD011392,O04539,P0026,1,9610,10,8649.0,2435.0
OD011393,O04540,P0052,1,1682,10,1513.8,547.8
OD011394,O04540,P0013,1,1311,15,1114.35,513.35
OD011395,O04540,P0042,2,8402,0,16804.0,5380.0
OD011396,O04540,P0020,1,1983,10,1784.7,219.7
OD011397,O04541,P0019,2,6155,10,11079.0,5257.0
OD011398,O04541,P0070,2,9093,10,16367.4,4679.4
OD011399,O04541,P0009,4,4834,5,18369.2,5353.2
OD011400,O04541,P0047,1,4367,20,3493.6,379.6
OD011401,O04542,P0063,2,5568,10,10022.4,3798.4
OD011402,O04543,P0012,1,2280,15,1938.0,315.0
OD011403,O04543,P0076,3,7205,10,19453.5,5704.5
OD011404,O04544,P0038,4,5709,0,22836.0,10840.0
OD011405,O04544,P0020,3,1983,10,5354.1,659.1
OD011406,O04544,P0056,2,14270,5,27113.0,14003.0
OD011407,O04545,P0027,1,4363,15,3708.55,283.55
OD011408,O04545,P0026,4,9610,25,28830.0,3974.0
OD011409,O04546,P0038,3,5709,0,17127.0,8130.0
OD011410,O04546,P0052,4,1682,0,6728.0,2864.0
OD011411,O04546,P0018,2,8947,0,17894.0,5772.0
OD011412,O04547,P0038,4,5709,10,20552.4,8556.4
OD011413,O04547,P0004,2,3517,0,7034.0,1978.0
OD011414,O04548,P0024,2,9546,20,15273.6,5421.6
OD011415,O04548,P0014,2,10018,15,17030.6,6324.6
OD011416,O04548,P0046,3,10496,20,25190.4,10469.4
OD011417,O04548,P0031,4,14006,5,53222.8,27386.8
OD011418,O04549,P0075,1,2498,10,2248.2,914.2
OD011419,O04549,P0050,3,791,0,2373.0,1074.0
OD011420,O04550,P0015,3,6239,25,14037.75,657.75
OD011421,O04550,P0076,3,7205,10,19453.5,5704.5
OD011422,O04550,P0026,2,9610,0,19220.0,6792.0
OD011423,O04550,P0044,2,1630,5,3097.0,621.0
OD011424,O04551,P0043,2,3251,25,4876.5,-533.5
OD011425,O04551,P0052,3,1682,25,3784.5,886.5
OD011426,O04552,P0038,3,5709,20,13701.6,4704.6
OD011427,O04552,P0021,4,12927,20,41366.4,17614.4
OD011428,O04553,P0081,4,4694,5,17837.2,7501.2
OD011429,O04553,P0071,2,8287,25,12430.5,1160.5
OD011430,O04553,P0056,2,14270,20,22832.0,9722.0
OD011431,O04554,P0006,1,5410,10,4869.0,1551.0
OD011432,O04554,P0035,1,3553,10,3197.7,447.7
OD011433,O04554,P0053,1,500,0,500.0,268.0
OD011434,O04554,P0031,4,14006,20,44819.2,18983.2
OD011435,O04555,P0074,3,4472,20,10732.8,1252.8
OD011436,O04555,P0053,2,500,20,800.0,336.0
OD011437,O04555,P0082,1,2255,15,1916.75,752.75
OD011438,O04555,P0070,3,9093,15,23187.15,5655.15
OD011439,O04556,P0054,1,7011,10,6309.9,2668.9
OD011440,O04557,P0010,4,6288,15,21379.2,4975.2
OD011441,O04558,P0079,1,11587,5,11007.65,5574.65
OD011442,O04559,P0066,3,3382,10,9131.4,1904.4
OD011443,O04560,P0045,3,8473,5,24148.05,5386.05
OD011444,O04560,P0068,4,375,15,1275.0,75.0
OD011445,O04560,P0028,2,3631,15,6172.7,1004.7
OD011446,O04561,P0045,2,8473,10,15251.4,2743.4
OD011447,O04561,P0063,4,5568,15,18931.2,6483.2
OD011448,O04562,P0028,4,3631,10,13071.6,2735.6
OD011449,O04562,P0001,4,8847,10,31849.2,12489.2
OD011450,O04563,P0069,4,6924,10,24926.4,2106.4
OD011451,O04563,P0080,4,13672,10,49219.2,21691.2
OD011452,O04563,P0061,3,6727,0,20181.0,6345.0
OD011453,O04564,P0059,3,7607,10,20538.9,9618.9
OD011454,O04565,P0021,3,12927,5,36841.95,19027.95
OD011455,O04565,P0056,3,14270,20,34248.0,14583.0
OD011456,O04565,P0015,3,6239,5,17781.15,4401.15
OD011457,O04566,P0079,2,11587,15,19697.9,8831.9
OD011458,O04566,P0022,3,5467,0,16401.0,8844.0
OD011459,O04566,P0081,2,4694,10,8449.2,3281.2
OD011460,O04566,P0019,3,6155,10,16618.5,7885.5
OD011461,O04567,P0050,1,791,15,672.35,239.35
OD011462,O04567,P0082,4,2255,10,8118.0,3462.0
OD011463,O04568,P0072,4,10954,5,41625.2,20869.2
OD011464,O04568,P0031,2,14006,25,21009.0,8091.0
OD011465,O04569,P0078,1,2727,20,2181.6,458.6
OD011466,O04570,P0056,1,14270,15,12129.5,5574.5
OD011467,O04570,P0054,1,7011,5,6660.45,3019.45
OD011468,O04570,P0044,3,1630,10,4401.0,687.0
OD011469,O04570,P0022,3,5467,10,14760.9,7203.9
OD011470,O04571,P0070,3,9093,0,27279.0,9747.0
OD011471,O04571,P0079,1,11587,25,8690.25,3257.25
OD011472,O04571,P0065,1,1750,15,1487.5,273.5
OD011473,O04572,P0046,3,10496,10,28339.2,13618.2
OD011474,O04573,P0021,3,12927,25,29085.75,11271.75
OD011475,O04573,P0034,1,8273,15,7032.05,509.05
OD011476,O04574,P0009,4,4834,0,19336.0,6320.0
OD011477,O04574,P0080,3,13672,25,30762.0,10116.0
OD011478,O04574,P0028,4,3631,0,14524.0,4188.0
OD011479,O04574,P0003,3,319,20,765.6,-20.4
OD011480,O04575,P0082,3,2255,0,6765.0,3273.0
OD011481,O04575,P0065,1,1750,10,1575.0,361.0
OD011482,O04575,P0059,4,7607,5,28906.6,14346.6
OD011483,O04575,P0002,1,8892,10,8002.8,3257.8
OD011484,O04576,P0003,1,319,25,239.25,-22.75
OD011485,O04576,P0014,4,10018,0,40072.0,18660.0
OD011486,O04576,P0081,4,4694,15,15959.6,5623.6
OD011487,O04577,P0016,3,7194,15,18344.7,7472.7
OD011488,O04578,P0006,1,5410,15,4598.5,1280.5
OD011489,O04578,P0002,2,8892,10,16005.6,6515.6
OD011490,O04579,P0012,2,2280,0,4560.0,1314.0
OD011491,O04579,P0033,1,5694,15,4839.9,375.9
OD011492,O04579,P0001,3,8847,15,22559.85,8039.85
OD011493,O04579,P0027,2,4363,5,8289.7,1439.7
OD011494,O04580,P0005,2,526,20,841.6,263.6
OD011495,O04580,P0069,4,6924,10,24926.4,2106.4
OD011496,O04580,P0031,1,14006,25,10504.5,4045.5
OD011497,O04581,P0051,4,8105,20,25936.0,7752.0
OD011498,O04582,P0036,3,8476,10,22885.2,8941.2
OD011499,O04582,P0072,4,10954,0,43816.0,23060.0
OD011500,O04582,P0050,1,791,20,632.8,199.8
OD011501,O04583,P0047,3,4367,10,11790.9,2448.9
OD011502,O04583,P0027,3,4363,20,10471.2,196.2
OD011503,O04583,P0050,1,791,10,711.9,278.9
OD011504,O04583,P0069,1,6924,15,5885.4,180.4
OD011505,O04584,P0020,4,1983,25,5949.0,-311.0
OD011506,O04584,P0041,2,8569,20,13710.4,4100.4
OD011507,O04584,P0057,3,4846,0,14538.0,5976.0
OD011508,O04584,P0039,2,7839,10,14110.2,3304.2
OD011509,O04585,P0032,2,11145,15,18946.5,6530.5
OD011510,O04585,P0035,1,3553,5,3375.35,625.35
OD011511,O04585,P0009,1,4834,5,4592.3,1338.3
OD011512,O04585,P0081,3,4694,20,11265.6,3513.6
OD011513,O04586,P0025,3,6585,5,18767.25,7682.25
OD011514,O04587,P0019,1,6155,5,5847.25,2936.25
OD011515,O04587,P0013,1,1311,15,1114.35,513.35
OD011516,O04587,P0067,2,3128,20,5004.8,532.8
OD011517,O04587,P0004,4,3517,5,13364.6,3252.6
OD011518,O04588,P0071,4,8287,20,26518.4,3978.4
OD011519,O04588,P0013,2,1311,15,2228.7,1026.7
OD011520,O04588,P0020,4,1983,10,7138.8,878.8
OD011521,O04589,P0054,4,7011,25,21033.0,6469.0
OD011522,O04589,P0042,1,8402,10,7561.8,1849.8
OD011523,O04590,P0006,3,5410,0,16230.0,6276.0
OD011524,O04590,P0008,3,9277,0,27831.0,8598.0
OD011525,O04590,P0004,1,3517,10,3165.3,637.3
OD011526,O04590,P0009,2,4834,15,8217.8,1709.8
OD011527,O04591,P0001,3,8847,20,21232.8,6712.8
OD011528,O04591,P0014,2,10018,15,17030.6,6324.6
OD011529,O04591,P0062,1,6552,20,5241.6,1415.6
OD011530,O04592,P0010,1,6288,20,5030.4,929.4
OD011531,O04593,P0014,2,10018,5,19034.2,8328.2
OD011532,O04593,P0078,2,2727,5,5181.3,1735.3
OD011533,O04593,P0009,2,4834,10,8701.2,2193.2
OD011534,O04593,P0057,2,4846,5,9207.4,3499.4
OD011535,O04594,P0036,3,8476,0,25428.0,11484.0
OD011536,O04594,P0077,1,3416,15,2903.6,1227.6
OD011537,O04594,P0066,4,3382,10,12175.2,2539.2
OD011538,O04595,P0012,2,2280,0,4560.0,1314.0
OD011539,O04596,P0074,1,4472,10,4024.8,864.8
OD011540,O04597,P0067,3,3128,15,7976.4,1268.4
OD011541,O04597,P0028,3,3631,20,8714.4,962.4
OD011542,O04598,P0059,4,7607,20,24342.4,9782.4
OD011543,O04598,P0040,3,6601,10,17822.7,5825.7
OD011544,O04599,P0039,2,7839,5,14894.1,4088.1
OD011545,O04599,P0008,4,9277,5,35252.6,9608.6
OD011546,O04600,P0069,2,6924,15,11770.8,360.8
OD011547,O04600,P0064,1,6997,5,6647.15,2641.15
OD011548,O04600,P0077,3,3416,5,9735.6,4707.6
OD011549,O04601,P0050,1,791,20,632.8,199.8
OD011550,O04602,P0033,1,5694,0,5694.0,1230.0
OD011551,O04603,P0005,3,526,10,1420.2,553.2
OD011552,O04604,P0044,4,1630,15,5542.0,590.0
OD011553,O04604,P0005,2,526,5,999.4,421.4
OD011554,O04604,P0028,2,3631,0,7262.0,2094.0
OD011555,O04605,P0012,1,2280,10,2052.0,429.0
OD011556,O04605,P0017,2,10962,15,18635.4,8625.4
OD011557,O04605,P0021,4,12927,15,43951.8,20199.8
OD011558,O04606,P0058,1,3214,25,2410.5,442.5
OD011559,O04606,P0061,4,6727,10,24217.2,5769.2
OD011560,O04607,P0032,1,11145,15,9473.25,3265.25
OD011561,O04608,P0056,2,14270,15,24259.0,11149.0
OD011562,O04608,P0004,1,3517,15,2989.45,461.45
OD011563,O04609,P0002,2,8892,5,16894.8,7404.8
OD011564,O04609,P0032,3,11145,15,28419.75,9795.75
OD011565,O04610,P0070,4,9093,20,29097.6,5721.6
OD011566,O04610,P0068,4,375,5,1425.0,225.0
OD011567,O04610,P0023,3,12189,15,31081.95,14299.95
OD011568,O04610,P0029,4,8916,0,35664.0,11376.0
OD011569,O04611,P0047,1,4367,5,4148.65,1034.65
OD011570,O04611,P0011,3,7617,10,20565.9,5652.9
OD011571,O04611,P0075,1,2498,0,2498.0,1164.0
OD011572,O04611,P0079,1,11587,0,11587.0,6154.0
OD011573,O04612,P0019,3,6155,20,14772.0,6039.0
OD011574,O04612,P0078,1,2727,10,2454.3,731.3
OD011575,O04612,P0001,1,8847,0,8847.0,4007.0
OD011576,O04612,P0065,1,1750,0,1750.0,536.0
OD011577,O04613,P0046,1,10496,10,9446.4,4539.4
OD011578,O04613,P0074,2,4472,25,6708.0,388.0
OD011579,O04613,P0069,4,6924,15,23541.6,721.6
OD011580,O04613,P0013,2,1311,15,2228.7,1026.7
OD011581,O04614,P0002,2,8892,5,16894.8,7404.8
OD011582,O04614,P0071,4,8287,15,28175.8,5635.8
OD011583,O04614,P0009,4,4834,10,17402.4,4386.4
OD011584,O04614,P0030,2,10331,0,20662.0,8852.0
OD011585,O04615,P0014,4,10018,10,36064.8,14652.8
OD011586,O04616,P0033,2,5694,15,9679.8,751.8
OD011587,O04616,P0002,1,8892,0,8892.0,4147.0
OD011588,O04616,P0067,4,3128,0,12512.0,3568.0
OD011589,O04616,P0030,3,10331,20,24794.4,7079.4
OD011590,O04617,P0012,3,2280,5,6498.0,1629.0
OD011591,O04618,P0064,4,6997,5,26588.6,10564.6
OD011592,O04619,P0036,4,8476,15,28818.4,10226.4
OD011593,O04620,P0068,3,375,10,1012.5,112.5
OD011594,O04621,P0032,1,11145,15,9473.25,3265.25
OD011595,O04622,P0023,2,12189,10,21940.2,10752.2
OD011596,O04622,P0044,3,1630,10,4401.0,687.0
OD011597,O04623,P0023,2,12189,0,24378.0,13190.0
OD011598,O04624,P0061,1,6727,15,5717.95,1105.95
OD011599,O04625,P0070,4,9093,20,29097.6,5721.6
OD011600,O04625,P0072,3,10954,0,32862.0,17295.0
OD011601,O04625,P0041,1,8569,20,6855.2,2050.2
OD011602,O04626,P0027,3,4363,10,11780.1,1505.1
OD011603,O04627,P0040,1,6601,20,5280.8,1281.8
OD011604,O04628,P0053,3,500,0,1500.0,804.0
OD011605,O04628,P0055,2,3114,5,5916.6,1430.6
OD011606,O04628,P0062,1,6552,20,5241.6,1415.6
OD011607,O04629,P0065,3,1750,15,4462.5,820.5
OD011608,O04629,P0013,4,1311,15,4457.4,2053.4
OD011609,O04629,P0005,2,526,0,1052.0,474.0
OD011610,O04629,P0021,3,12927,20,31024.8,13210.8
OD011611,O04630,P0049,4,4908,5,18650.4,8206.4
OD011612,O04630,P0073,3,3981,0,11943.0,4743.0
OD011613,O04630,P0009,1,4834,15,4108.9,854.9
OD011614,O04631,P0053,1,500,5,475.0,243.0
OD011615,O04631,P0069,2,6924,5,13155.6,1745.6
OD011616,O04631,P0048,4,3582,20,11462.4,3610.4
OD011617,O04631,P0049,3,4908,5,13987.8,6154.8
OD011618,O04632,P0040,2,6601,15,11221.7,3223.7
OD011619,O04632,P0047,3,4367,25,9825.75,483.75
OD011620,O04632,P0036,2,8476,15,14409.2,5113.2
OD011621,O04632,P0011,3,7617,10,20565.9,5652.9
OD011622,O04633,P0080,4,13672,0,54688.0,27160.0
OD011623,O04633,P0036,3,8476,0,25428.0,11484.0
OD011624,O04633,P0079,2,11587,10,20856.6,9990.6
OD011625,O04634,P0054,2,7011,0,14022.0,6740.0
OD011626,O04634,P0009,3,4834,10,13051.8,3289.8
OD011627,O04635,P0041,4,8569,0,34276.0,15056.0
OD011628,O04635,P0033,4,5694,15,19359.6,1503.6
OD011629,O04636,P0031,4,14006,0,56024.0,30188.0
OD011630,O04636,P0055,1,3114,10,2802.6,559.6
OD011631,O04636,P0039,4,7839,10,28220.4,6608.4
OD011632,O04637,P0026,2,9610,0,19220.0,6792.0
OD011633,O04637,P0041,2,8569,5,16281.1,6671.1
OD011634,O04637,P0009,4,4834,15,16435.6,3419.6
OD011635,O04637,P0054,2,7011,20,11217.6,3935.6
OD011636,O04638,P0031,2,14006,0,28012.0,15094.0
OD011637,O04638,P0072,3,10954,5,31218.9,15651.9
OD011638,O04639,P0005,4,526,15,1788.4,632.4
OD011639,O04639,P0010,4,6288,15,21379.2,4975.2
OD011640,O04639,P0060,2,3201,5,6081.9,3053.9
OD011641,O04639,P0021,1,12927,10,11634.3,5696.3
OD011642,O04640,P0068,2,375,20,600.0,0.0
OD011643,O04640,P0031,2,14006,0,28012.0,15094.0
OD011644,O04640,P0059,1,7607,10,6846.3,3206.3
OD011645,O04641,P0027,3,4363,20,10471.2,196.2
OD011646,O04642,P0032,3,11145,5,31763.25,13139.25
OD011647,O04642,P0039,1,7839,25,5879.25,476.25
OD011648,O04642,P0054,4,7011,20,22435.2,7871.2
OD011649,O04642,P0013,3,1311,15,3343.05,1540.05
OD011650,O04643,P0041,2,8569,0,17138.0,7528.0
OD011651,O04643,P0078,1,2727,20,2181.6,458.6
OD011652,O04644,P0023,4,12189,5,46318.2,23942.2
OD011653,O04645,P0069,1,6924,5,6577.8,872.8
OD011654,O04645,P0014,3,10018,20,24043.2,7984.2
OD011655,O04645,P0009,3,4834,10,13051.8,3289.8
OD011656,O04645,P0056,2,14270,15,24259.0,11149.0
OD011657,O04646,P0045,4,8473,15,28808.2,3792.2
OD011658,O04646,P0047,2,4367,0,8734.0,2506.0
OD011659,O04646,P0040,4,6601,10,23763.6,7767.6
OD011660,O04647,P0042,3,8402,0,25206.0,8070.0
OD011661,O04647,P0079,1,11587,10,10428.3,4995.3
OD011662,O04647,P0034,3,8273,5,23578.05,4009.05
OD011663,O04648,P0026,4,9610,10,34596.0,9740.0
OD011664,O04649,P0041,3,8569,0,25707.0,11292.0
OD011665,O04649,P0012,4,2280,5,8664.0,2172.0
OD011666,O04650,P0024,3,9546,10,25774.2,10996.2
OD011667,O04651,P0018,3,8947,15,22814.85,4631.85
OD011668,O04651,P0032,3,11145,10,30091.5,11467.5
OD011669,O04652,P0061,3,6727,5,19171.95,5335.95
OD011670,O04652,P0012,3,2280,5,6498.0,1629.0
OD011671,O04653,P0015,1,6239,10,5615.1,1155.1
OD011672,O04653,P0049,3,4908,5,13987.8,6154.8
OD011673,O04654,P0082,3,2255,15,5750.25,2258.25
OD011674,O04654,P0057,2,4846,15,8238.2,2530.2
OD011675,O04655,P0025,1,6585,15,5597.25,1902.25
OD011676,O04655,P0030,1,10331,10,9297.9,3392.9
OD011677,O04656,P0005,4,526,10,1893.6,737.6
OD011678,O04656,P0050,4,791,5,3005.8,1273.8
OD011679,O04657,P0034,4,8273,10,29782.8,3690.8
OD011680,O04658,P0037,2,4495,0,8990.0,3862.0
OD011681,O04658,P0053,2,500,5,950.0,486.0
OD011682,O04658,P0058,4,3214,20,10284.8,2412.8
OD011683,O04659,P0002,1,8892,20,7113.6,2368.6
OD011684,O04659,P0008,4,9277,5,35252.6,9608.6
OD011685,O04659,P0006,4,5410,15,18394.0,5122.0
OD011686,O04659,P0075,4,2498,15,8493.2,3157.2
OD011687,O04660,P0063,2,5568,15,9465.6,3241.6
OD011688,O04660,P0061,1,6727,20,5381.6,769.6
OD011689,O04660,P0019,4,6155,20,19696.0,8052.0
OD011690,O04661,P0061,2,6727,25,10090.5,866.5
OD011691,O04661,P0020,4,1983,5,7535.4,1275.4
OD011692,O04661,P0028,3,3631,20,8714.4,962.4
OD011693,O04661,P0012,4,2280,25,6840.0,348.0
OD011694,O04662,P0078,4,2727,15,9271.8,2379.8
OD011695,O04663,P0038,2,5709,10,10276.2,4278.2
OD011696,O04664,P0082,1,2255,25,1691.25,527.25
OD011697,O04664,P0068,3,375,10,1012.5,112.5
OD011698,O04664,P0060,4,3201,20,10243.2,4187.2
OD011699,O04665,P0048,1,3582,20,2865.6,902.6
OD011700,O04665,P0053,2,500,10,900.0,436.0
OD011701,O04665,P0018,3,8947,20,21472.8,3289.8
OD011702,O04666,P0055,2,3114,5,5916.6,1430.6
OD011703,O04667,P0008,4,9277,10,33397.2,7753.2
OD011704,O04667,P0053,1,500,10,450.0,218.0
OD011705,O04667,P0039,1,7839,20,6271.2,868.2
OD011706,O04668,P0077,2,3416,0,6832.0,3480.0
OD011707,O04669,P0035,1,3553,0,3553.0,803.0
OD011708,O04670,P0063,3,5568,20,13363.2,4027.2
OD011709,O04670,P0062,1,6552,25,4914.0,1088.0
OD011710,O04670,P0027,2,4363,0,8726.0,1876.0
OD011711,O04671,P0056,2,14270,15,24259.0,11149.0
OD011712,O04672,P0021,2,12927,5,24561.3,12685.3
OD011713,O04672,P0026,2,9610,5,18259.0,5831.0
OD011714,O04672,P0058,3,3214,15,8195.7,2291.7
OD011715,O04673,P0040,4,6601,20,21123.2,5127.2
OD011716,O04673,P0025,4,6585,5,25023.0,10243.0
OD011717,O04673,P0017,1,10962,15,9317.7,4312.7
OD011718,O04674,P0066,1,3382,10,3043.8,634.8
OD011719,O04674,P0079,2,11587,10,20856.6,9990.6
OD011720,O04674,P0063,1,5568,0,5568.0,2456.0
OD011721,O04675,P0063,3,5568,15,14198.4,4862.4
OD011722,O04676,P0070,3,9093,20,21823.2,4291.2
OD011723,O04677,P0020,1,1983,0,1983.0,418.0
OD011724,O04677,P0003,4,319,10,1148.4,100.4
OD011725,O04677,P0079,3,11587,10,31284.9,14985.9
OD011726,O04677,P0014,1,10018,0,10018.0,4665.0
OD011727,O04678,P0072,4,10954,5,41625.2,20869.2
OD011728,O04678,P0050,3,791,10,2135.7,836.7
OD011729,O04679,P0080,1,13672,0,13672.0,6790.0
OD011730,O04680,P0067,2,3128,10,5630.4,1158.4
OD011731,O04680,P0054,4,7011,0,28044.0,13480.0
OD011732,O04680,P0008,4,9277,0,37108.0,11464.0
OD011733,O04681,P0006,1,5410,5,5139.5,1821.5
OD011734,O04681,P0026,1,9610,15,8168.5,1954.5
OD011735,O04681,P0017,1,10962,20,8769.6,3764.6
OD011736,O04682,P0071,2,8287,10,14916.6,3646.6
OD011737,O04682,P0030,2,10331,5,19628.9,7818.9
OD011738,O04683,P0021,1,12927,5,12280.65,6342.65
OD011739,O04684,P0019,3,6155,20,14772.0,6039.0
OD011740,O04684,P0052,2,1682,5,3195.8,1263.8
OD011741,O04684,P0022,4,5467,15,18587.8,8511.8
OD011742,O04685,P0041,2,8569,10,15424.2,5814.2
OD011743,O04686,P0012,4,2280,25,6840.0,348.0
OD011744,O04686,P0062,1,6552,20,5241.6,1415.6
OD011745,O04686,P0025,2,6585,25,9877.5,2487.5
OD011746,O04686,P0041,1,8569,10,7712.1,2907.1
OD011747,O04687,P0014,2,10018,15,17030.6,6324.6
OD011748,O04687,P0059,2,7607,10,13692.6,6412.6
OD011749,O04687,P0051,3,8105,0,24315.0,10677.0
OD011750,O04688,P0044,2,1630,5,3097.0,621.0
OD011751,O04689,P0073,4,3981,15,13535.4,3935.4
OD011752,O04689,P0011,4,7617,0,30468.0,10584.0
OD011753,O04689,P0005,4,526,15,1788.4,632.4
OD011754,O04689,P0079,3,11587,15,29546.85,13247.85
OD011755,O04690,P0059,2,7607,5,14453.3,7173.3
OD011756,O04691,P0005,2,526,10,946.8,368.8
OD011757,O04691,P0015,1,6239,15,5303.15,843.15
OD011758,O04692,P0071,1,8287,15,7043.95,1408.95
OD011759,O04692,P0059,3,7607,5,21679.95,10759.95
OD011760,O04692,P0014,3,10018,10,27048.6,10989.6
OD011761,O04692,P0012,3,2280,20,5472.0,603.0
OD011762,O04693,P0038,4,5709,5,21694.2,9698.2
OD011763,O04693,P0052,3,1682,10,4541.4,1643.4
OD011764,O04694,P0064,1,6997,0,6997.0,2991.0
OD011765,O04694,P0022,3,5467,15,13940.85,6383.85
OD011766,O04694,P0008,2,9277,5,17626.3,4804.3
OD011767,O04694,P0053,2,500,5,950.0,486.0
OD011768,O04695,P0076,4,7205,15,24497.0,6165.0
OD011769,O04695,P0007,2,9936,0,19872.0,7486.0
OD011770,O04696,P0060,1,3201,5,3040.95,1526.95
OD011771,O04697,P0064,4,6997,5,26588.6,10564.6
OD011772,O04698,P0043,1,3251,0,3251.0,546.0
OD011773,O04698,P0020,4,1983,0,7932.0,1672.0
OD011774,O04698,P0074,1,4472,15,3801.2,641.2
OD011775,O04699,P0020,2,1983,0,3966.0,836.0
OD011776,O04699,P0081,4,4694,5,17837.2,7501.2
OD011777,O04699,P0045,2,8473,5,16098.7,3590.7
OD011778,O04699,P0019,4,6155,5,23389.0,11745.0
OD011779,O04700,P0018,1,8947,5,8499.65,2438.65
OD011780,O04700,P0051,2,8105,25,12157.5,3065.5
OD011781,O04700,P0008,3,9277,5,26439.45,7206.45
OD011782,O04700,P0064,3,6997,15,17842.35,5824.35
OD011783,O04701,P0039,1,7839,10,7055.1,1652.1
OD011784,O04701,P0032,2,11145,5,21175.5,8759.5
OD011785,O04701,P0079,3,11587,15,29546.85,13247.85
OD011786,O04702,P0079,3,11587,20,27808.8,11509.8
OD011787,O04702,P0060,1,3201,15,2720.85,1206.85
OD011788,O04702,P0007,4,9936,10,35769.6,10997.6
OD011789,O04703,P0003,4,319,20,1020.8,-27.2
OD011790,O04704,P0049,3,4908,15,12515.4,4682.4
OD011791,O04704,P0014,2,10018,0,20036.0,9330.0
OD011792,O04704,P0078,2,2727,20,4363.2,917.2
OD011793,O04705,P0048,3,3582,10,9671.4,3782.4
OD011794,O04706,P0058,2,3214,5,6106.6,2170.6
OD011795,O04706,P0030,3,10331,5,29443.35,11728.35
OD011796,O04707,P0082,1,2255,15,1916.75,752.75
OD011797,O04707,P0049,3,4908,25,11043.0,3210.0
OD011798,O04708,P0058,3,3214,25,7231.5,1327.5
OD011799,O04708,P0030,2,10331,10,18595.8,6785.8
OD011800,O04709,P0053,2,500,20,800.0,336.0
OD011801,O04710,P0049,2,4908,15,8343.6,3121.6
OD011802,O04710,P0010,2,6288,15,10689.6,2487.6
OD011803,O04710,P0045,1,8473,10,7625.7,1371.7
OD011804,O04710,P0021,2,12927,25,19390.5,7514.5
OD011805,O04711,P0010,1,6288,5,5973.6,1872.6
OD011806,O04711,P0011,1,7617,20,6093.6,1122.6
OD011807,O04711,P0074,4,4472,5,16993.6,4353.6
OD011808,O04712,P0064,4,6997,15,23789.8,7765.8
OD011809,O04712,P0078,1,2727,15,2317.95,594.95
OD011810,O04712,P0057,3,4846,25,10903.5,2341.5
OD011811,O04713,P0062,4,6552,10,23587.2,8283.2
OD011812,O04713,P0031,2,14006,10,25210.8,12292.8
OD011813,O04713,P0056,2,14270,25,21405.0,8295.0
OD011814,O04713,P0026,1,9610,5,9129.5,2915.5
OD011815,O04714,P0059,2,7607,10,13692.6,6412.6
OD011816,O04714,P0029,3,8916,5,25410.6,7194.6
OD011817,O04714,P0005,2,526,0,1052.0,474.0
OD011818,O04715,P0056,3,14270,20,34248.0,14583.0
OD011819,O04715,P0074,1,4472,5,4248.4,1088.4
OD011820,O04716,P0022,4,5467,15,18587.8,8511.8
OD011821,O04717,P0042,3,8402,10,22685.4,5549.4
OD011822,O04717,P0061,1,6727,0,6727.0,2115.0
OD011823,O04717,P0016,3,7194,10,19423.8,8551.8
OD011824,O04717,P0015,3,6239,15,15909.45,2529.45
OD011825,O04718,P0005,4,526,5,1998.8,842.8
OD011826,O04718,P0036,3,8476,0,25428.0,11484.0
OD011827,O04719,P0073,3,3981,5,11345.85,4145.85
OD011828,O04720,P0042,1,8402,20,6721.6,1009.6
OD011829,O04720,P0004,4,3517,0,14068.0,3956.0
OD011830,O04720,P0074,4,4472,15,15204.8,2564.8
OD011831,O04720,P0013,4,1311,0,5244.0,2840.0
OD011832,O04721,P0017,3,10962,10,29597.4,14582.4
OD011833,O04722,P0034,4,8273,20,26473.6,381.6
OD011834,O04722,P0049,1,4908,0,4908.0,2297.0
OD011835,O04723,P0080,2,13672,15,23242.4,9478.4
OD011836,O04723,P0046,1,10496,20,8396.8,3489.8
OD011837,O04723,P0060,1,3201,15,2720.85,1206.85
OD011838,O04724,P0043,1,3251,0,3251.0,546.0
OD011839,O04724,P0074,4,4472,10,16099.2,3459.2
OD011840,O04724,P0007,2,9936,10,17884.8,5498.8
OD011841,O04725,P0049,3,4908,10,13251.6,5418.6
OD011842,O04725,P0018,4,8947,15,30419.8,6175.8
OD011843,O04726,P0035,1,3553,20,2842.4,92.4
OD011844,O04726,P0017,3,10962,5,31241.7,16226.7
OD011845,O04726,P0055,1,3114,10,2802.6,559.6
OD011846,O04727,P0018,4,8947,0,35788.0,11544.0
OD011847,O04727,P0058,4,3214,5,12213.2,4341.2
OD011848,O04727,P0008,3,9277,15,23656.35,4423.35
OD011849,O04727,P0015,3,6239,20,14973.6,1593.6
OD011850,O04728,P0071,3,8287,15,21131.85,4226.85
OD011851,O04729,P0026,3,9610,10,25947.0,7305.0
OD011852,O04729,P0047,1,4367,15,3711.95,597.95
OD011853,O04729,P0055,3,3114,25,7006.5,277.5
OD011854,O04730,P0028,2,3631,0,7262.0,2094.0
OD011855,O04730,P0071,1,8287,0,8287.0,2652.0
OD011856,O04731,P0032,3,11145,15,28419.75,9795.75
OD011857,O04732,P0024,2,9546,5,18137.4,8285.4
OD011858,O04732,P0037,4,4495,20,14384.0,4128.0
OD011859,O04732,P0006,2,5410,10,9738.0,3102.0
OD011860,O04732,P0067,2,3128,10,5630.4,1158.4
OD011861,O04733,P0039,1,7839,10,7055.1,1652.1
OD011862,O04733,P0063,3,5568,5,15868.8,6532.8
OD011863,O04733,P0004,2,3517,5,6682.3,1626.3
OD011864,O04733,P0005,2,526,5,999.4,421.4
OD011865,O04734,P0005,2,526,5,999.4,421.4
OD011866,O04734,P0049,1,4908,20,3926.4,1315.4
OD011867,O04735,P0033,2,5694,15,9679.8,751.8
OD011868,O04735,P0037,1,4495,0,4495.0,1931.0
OD011869,O04735,P0059,3,7607,0,22821.0,11901.0
OD011870,O04736,P0018,1,8947,10,8052.3,1991.3
OD011871,O04736,P0037,3,4495,15,11462.25,3770.25
OD011872,O04737,P0022,1,5467,20,4373.6,1854.6
OD011873,O04737,P0058,1,3214,15,2731.9,763.9
OD011874,O04738,P0046,3,10496,5,29913.6,15192.6
OD011875,O04738,P0037,2,4495,15,7641.5,2513.5
OD011876,O04738,P0064,3,6997,25,15743.25,3725.25
OD011877,O04739,P0014,1,10018,5,9517.1,4164.1
OD011878,O04739,P0027,1,4363,20,3490.4,65.4
OD011879,O04739,P0060,2,3201,5,6081.9,3053.9
OD011880,O04739,P0057,3,4846,5,13811.1,5249.1
OD011881,O04740,P0062,3,6552,15,16707.6,5229.6
OD011882,O04740,P0077,1,3416,15,2903.6,1227.6
OD011883,O04741,P0035,3,3553,5,10126.05,1876.05
OD011884,O04741,P0048,1,3582,0,3582.0,1619.0
OD011885,O04741,P0027,1,4363,20,3490.4,65.4
OD011886,O04741,P0036,1,8476,0,8476.0,3828.0
OD011887,O04742,P0019,3,6155,15,15695.25,6962.25
OD011888,O04742,P0033,3,5694,5,16227.9,2835.9
OD011889,O04742,P0068,3,375,10,1012.5,112.5
OD011890,O04743,P0054,4,7011,10,25239.6,10675.6
OD011891,O04743,P0026,2,9610,10,17298.0,4870.0
OD011892,O04743,P0051,1,8105,15,6889.25,2343.25
OD011893,O04744,P0057,2,4846,10,8722.8,3014.8
OD011894,O04744,P0076,1,7205,0,7205.0,2622.0
OD011895,O04744,P0032,1,11145,15,9473.25,3265.25
OD011896,O04744,P0074,1,4472,20,3577.6,417.6
OD011897,O04745,P0057,3,4846,0,14538.0,5976.0
OD011898,O04745,P0017,1,10962,10,9865.8,4860.8
OD011899,O04745,P0023,4,12189,5,46318.2,23942.2
OD011900,O04745,P0027,4,4363,10,15706.8,2006.8
OD011901,O04746,P0041,4,8569,15,29134.6,9914.6
OD011902,O04746,P0002,3,8892,25,20007.0,5772.0
OD011903,O04746,P0023,1,12189,20,9751.2,4157.2
OD011904,O04746,P0069,4,6924,10,24926.4,2106.4
OD011905,O04747,P0066,3,3382,5,9638.7,2411.7
OD011906,O04747,P0003,2,319,0,638.0,114.0
OD011907,O04747,P0072,2,10954,0,21908.0,11530.0
OD011908,O04747,P0008,4,9277,20,29686.4,4042.4
OD011909,O04748,P0064,2,6997,15,11894.9,3882.9
OD011910,O04748,P0062,1,6552,25,4914.0,1088.0
OD011911,O04749,P0051,2,8105,10,14589.0,5497.0
OD011912,O04749,P0038,4,5709,15,19410.6,7414.6
OD011913,O04749,P0001,3,8847,10,23886.9,9366.9
OD011914,O04750,P0012,1,2280,15,1938.0,315.0
OD011915,O04750,P0065,4,1750,5,6650.0,1794.0
OD011916,O04750,P0004,3,3517,15,8968.35,1384.35
OD011917,O04751,P0049,2,4908,20,7852.8,2630.8
OD011918,O04751,P0059,3,7607,5,21679.95,10759.95
OD011919,O04752,P0001,3,8847,20,21232.8,6712.8
OD011920,O04752,P0036,2,8476,5,16104.4,6808.4
OD011921,O04752,P0057,3,4846,20,11630.4,3068.4
OD011922,O04752,P0082,2,2255,10,4059.0,1731.0
OD011923,O04753,P0076,2,7205,0,14410.0,5244.0
OD011924,O04753,P0060,4,3201,5,12163.8,6107.8
OD011925,O04753,P0032,1,11145,15,9473.25,3265.25
OD011926,O04753,P0075,3,2498,10,6744.6,2742.6
OD011927,O04754,P0075,4,2498,20,7993.6,2657.6
OD011928,O04754,P0022,3,5467,5,15580.95,8023.95
OD011929,O04754,P0067,4,3128,10,11260.8,2316.8
OD011930,O04755,P0045,2,8473,20,13556.8,1048.8
OD011931,O04755,P0076,2,7205,15,12248.5,3082.5
OD011932,O04755,P0069,4,6924,15,23541.6,721.6
OD011933,O04755,P0048,3,3582,10,9671.4,3782.4
OD011934,O04756,P0053,1,500,0,500.0,268.0
OD011935,O04756,P0055,3,3114,10,8407.8,1678.8
OD011936,O04756,P0076,3,7205,15,18372.75,4623.75
OD011937,O04756,P0077,4,3416,10,12297.6,5593.6
OD011938,O04757,P0073,4,3981,15,13535.4,3935.4
OD011939,O04757,P0076,1,7205,15,6124.25,1541.25
OD011940,O04758,P0053,2,500,20,800.0,336.0
OD011941,O04759,P0060,4,3201,10,11523.6,5467.6
OD011942,O04760,P0032,4,11145,15,37893.0,13061.0
OD011943,O04760,P0016,3,7194,10,19423.8,8551.8
OD011944,O04760,P0005,2,526,10,946.8,368.8
OD011945,O04760,P0076,3,7205,5,20534.25,6785.25
OD011946,O04761,P0044,1,1630,5,1548.5,310.5
OD011947,O04762,P0054,2,7011,5,13320.9,6038.9
OD011948,O04763,P0032,4,11145,10,40122.0,15290.0
OD011949,O04763,P0026,1,9610,15,8168.5,1954.5
OD011950,O04764,P0060,3,3201,10,8642.7,4100.7
OD011951,O04765,P0025,4,6585,15,22389.0,7609.0
OD011952,O04766,P0007,4,9936,15,33782.4,9010.4
OD011953,O04766,P0075,3,2498,15,6369.9,2367.9
OD011954,O04766,P0012,1,2280,15,1938.0,315.0
OD011955,O04766,P0076,4,7205,10,25938.0,7606.0
OD011956,O04767,P0069,2,6924,25,10386.0,-1024.0
OD011957,O04768,P0031,4,14006,10,50421.6,24585.6
OD011958,O04768,P0081,3,4694,15,11969.7,4217.7
OD011959,O04768,P0074,1,4472,10,4024.8,864.8
OD011960,O04768,P0051,2,8105,15,13778.5,4686.5
OD011961,O04769,P0037,2,4495,5,8540.5,3412.5
OD011962,O04769,P0044,1,1630,10,1467.0,229.0
OD011963,O04769,P0021,2,12927,20,20683.2,8807.2
OD011964,O04769,P0007,2,9936,15,16891.2,4505.2
OD011965,O04770,P0043,1,3251,5,3088.45,383.45
OD011966,O04770,P0030,3,10331,0,30993.0,13278.0
OD011967,O04770,P0038,3,5709,5,16270.65,7273.65
OD011968,O04770,P0010,4,6288,10,22636.8,6232.8
OD011969,O04771,P0005,3,526,15,1341.3,474.3
OD011970,O04772,P0045,3,8473,15,21606.15,2844.15
OD011971,O04772,P0058,2,3214,15,5463.8,1527.8
OD011972,O04772,P0009,3,4834,20,11601.6,1839.6
OD011973,O04773,P0022,3,5467,5,15580.95,8023.95
OD011974,O04773,P0062,4,6552,0,26208.0,10904.0
OD011975,O04774,P0061,3,6727,20,16144.8,2308.8
OD011976,O04774,P0035,1,3553,10,3197.7,447.7
OD011977,O04774,P0044,4,1630,5,6194.0,1242.0
OD011978,O04774,P0081,1,4694,15,3989.9,1405.9
OD011979,O04775,P0022,4,5467,10,19681.2,9605.2
OD011980,O04776,P0016,1,7194,0,7194.0,3570.0
OD011981,O04776,P0039,2,7839,5,14894.1,4088.1
OD011982,O04777,P0062,1,6552,25,4914.0,1088.0
OD011983,O04777,P0053,2,500,10,900.0,436.0
OD011984,O04777,P0006,3,5410,25,12172.5,2218.5
OD011985,O04778,P0036,4,8476,10,30513.6,11921.6
OD011986,O04778,P0013,4,1311,20,4195.2,1791.2
OD011987,O04778,P0034,4,8273,15,28128.2,2036.2
OD011988,O04778,P0012,2,2280,10,4104.0,858.0
OD011989,O04779,P0053,1,500,5,475.0,243.0
OD011990,O04779,P0030,3,10331,0,30993.0,13278.0
OD011991,O04779,P0034,1,8273,5,7859.35,1336.35
OD011992,O04779,P0006,3,5410,15,13795.5,3841.5
OD011993,O04780,P0010,2,6288,0,12576.0,4374.0
OD011994,O04780,P0048,2,3582,0,7164.0,3238.0
OD011995,O04781,P0073,4,3981,0,15924.0,6324.0
OD011996,O04781,P0039,3,7839,15,19989.45,3780.45
OD011997,O04782,P0079,2,11587,15,19697.9,8831.9
OD011998,O04782,P0069,2,6924,5,13155.6,1745.6
OD011999,O04783,P0056,3,14270,20,34248.0,14583.0
OD012000,O04783,P0038,4,5709,5,21694.2,9698.2
OD012001,O04784,P0062,2,6552,10,11793.6,4141.6
OD012002,O04784,P0051,4,8105,0,32420.0,14236.0
OD012003,O04785,P0070,1,9093,10,8183.7,2339.7
OD012004,O04785,P0048,3,3582,15,9134.1,3245.1
OD012005,O04786,P0022,2,5467,15,9293.9,4255.9
OD012006,O04786,P0060,2,3201,0,6402.0,3374.0
OD012007,O04787,P0018,1,8947,15,7604.95,1543.95
OD012008,O04787,P0049,4,4908,10,17668.8,7224.8
OD012009,O04787,P0021,3,12927,15,32963.85,15149.85
OD012010,O04787,P0058,4,3214,10,11570.4,3698.4
OD012011,O04788,P0023,3,12189,15,31081.95,14299.95
OD012012,O04788,P0045,3,8473,0,25419.0,6657.0
OD012013,O04788,P0013,2,1311,15,2228.7,1026.7
OD012014,O04789,P0077,3,3416,25,7686.0,2658.0
OD012015,O04789,P0079,3,11587,20,27808.8,11509.8
OD012016,O04789,P0030,3,10331,15,26344.05,8629.05
OD012017,O04789,P0017,1,10962,15,9317.7,4312.7
OD012018,O04790,P0033,4,5694,15,19359.6,1503.6
OD012019,O04790,P0012,4,2280,25,6840.0,348.0
OD012020,O04790,P0069,2,6924,10,12463.2,1053.2
OD012021,O04790,P0024,2,9546,10,17182.8,7330.8
OD012022,O04791,P0002,3,8892,20,21340.8,7105.8
OD012023,O04791,P0025,1,6585,5,6255.75,2560.75
OD012024,O04791,P0029,1,8916,20,7132.8,1060.8
OD012025,O04791,P0003,2,319,5,606.1,82.1
OD012026,O04792,P0005,4,526,20,1683.2,527.2
OD012027,O04793,P0015,2,6239,5,11854.1,2934.1
OD012028,O04793,P0014,4,10018,0,40072.0,18660.0
OD012029,O04794,P0075,1,2498,15,2123.3,789.3
OD012030,O04794,P0044,1,1630,20,1304.0,66.0
OD012031,O04794,P0018,4,8947,20,28630.4,4386.4
OD012032,O04794,P0076,4,7205,0,28820.0,10488.0
OD012033,O04795,P0040,2,6601,0,13202.0,5204.0
OD012034,O04796,P0041,1,8569,5,8140.55,3335.55
OD012035,O04796,P0057,2,4846,10,8722.8,3014.8
OD012036,O04796,P0033,2,5694,20,9110.4,182.4
OD012037,O04797,P0073,2,3981,10,7165.8,2365.8
OD012038,O04797,P0062,4,6552,15,22276.8,6972.8
OD012039,O04797,P0071,2,8287,5,15745.3,4475.3
OD012040,O04798,P0066,2,3382,5,6425.8,1607.8
OD012041,O04798,P0071,1,8287,20,6629.6,994.6
OD012042,O04798,P0025,3,6585,5,18767.25,7682.25
OD012043,O04799,P0048,2,3582,5,6805.8,2879.8
OD012044,O04799,P0037,4,4495,15,15283.0,5027.0
OD012045,O04800,P0011,4,7617,0,30468.0,10584.0
OD012046,O04801,P0027,1,4363,15,3708.55,283.55
OD012047,O04801,P0049,1,4908,10,4417.2,1806.2
OD012048,O04801,P0039,4,7839,10,28220.4,6608.4
OD012049,O04802,P0061,4,6727,10,24217.2,5769.2
OD012050,O04802,P0044,3,1630,15,4156.5,442.5
OD012051,O04803,P0013,4,1311,5,4981.8,2577.8
OD012052,O04803,P0056,4,14270,0,57080.0,30860.0
OD012053,O04803,P0006,1,5410,5,5139.5,1821.5
OD012054,O04804,P0035,4,3553,15,12080.2,1080.2
OD012055,O04805,P0051,2,8105,0,16210.0,7118.0
OD012056,O04806,P0080,1,13672,10,12304.8,5422.8
OD012057,O04806,P0003,3,319,10,861.3,75.3
OD012058,O04806,P0069,3,6924,15,17656.2,541.2
OD012059,O04806,P0070,3,9093,5,25915.05,8383.05
OD012060,O04807,P0037,1,4495,10,4045.5,1481.5
OD012061,O04807,P0060,4,3201,15,10883.4,4827.4
OD012062,O04807,P0004,3,3517,10,9495.9,1911.9
OD012063,O04808,P0034,3,8273,15,21096.15,1527.15
OD012064,O04809,P0035,2,3553,0,7106.0,1606.0
OD012065,O04809,P0013,4,1311,20,4195.2,1791.2
OD012066,O04809,P0051,4,8105,5,30799.0,12615.0
OD012067,O04809,P0055,4,3114,15,10587.6,1615.6
OD012068,O04810,P0076,4,7205,20,23056.0,4724.0
OD012069,O04811,P0081,4,4694,15,15959.6,5623.6
OD012070,O04811,P0026,4,9610,20,30752.0,5896.0
OD012071,O04811,P0038,2,5709,20,9134.4,3136.4
OD012072,O04812,P0071,4,8287,5,31490.6,8950.6
OD012073,O04812,P0065,1,1750,5,1662.5,448.5
OD012074,O04812,P0042,2,8402,10,15123.6,3699.6
OD012075,O04812,P0052,3,1682,5,4793.7,1895.7
OD012076,O04813,P0025,4,6585,15,22389.0,7609.0
OD012077,O04814,P0078,4,2727,10,9817.2,2925.2
OD012078,O04814,P0017,3,10962,15,27953.1,12938.1
OD012079,O04815,P0027,3,4363,20,10471.2,196.2
OD012080,O04816,P0081,2,4694,10,8449.2,3281.2
OD012081,O04816,P0048,4,3582,0,14328.0,6476.0
OD012082,O04816,P0011,2,7617,15,12948.9,3006.9
OD012083,O04816,P0065,4,1750,10,6300.0,1444.0
OD012084,O04817,P0015,3,6239,15,15909.45,2529.45
OD012085,O04818,P0033,3,5694,5,16227.9,2835.9
OD012086,O04819,P0016,3,7194,0,21582.0,10710.0
OD012087,O04820,P0029,3,8916,25,20061.0,1845.0
OD012088,O04820,P0040,4,6601,5,25083.8,9087.8
OD012089,O04820,P0043,1,3251,10,2925.9,220.9
OD012090,O04820,P0048,4,3582,15,12178.8,4326.8
OD012091,O04821,P0017,2,10962,20,17539.2,7529.2
OD012092,O04821,P0060,3,3201,10,8642.7,4100.7
OD012093,O04821,P0065,3,1750,25,3937.5,295.5
OD012094,O04821,P0020,4,1983,0,7932.0,1672.0
OD012095,O04822,P0027,3,4363,0,13089.0,2814.0
OD012096,O04822,P0005,2,526,10,946.8,368.8
OD012097,O04822,P0007,3,9936,5,28317.6,9738.6
OD012098,O04822,P0043,2,3251,10,5851.8,441.8
OD012099,O04823,P0082,2,2255,10,4059.0,1731.0
OD012100,O04823,P0051,4,8105,20,25936.0,7752.0
OD012101,O04823,P0006,4,5410,20,17312.0,4040.0
OD012102,O04824,P0013,3,1311,25,2949.75,1146.75
OD012103,O04824,P0003,4,319,20,1020.8,-27.2
OD012104,O04825,P0076,1,7205,5,6844.75,2261.75
OD012105,O04826,P0036,1,8476,0,8476.0,3828.0
OD012106,O04826,P0006,4,5410,15,18394.0,5122.0
OD012107,O04826,P0067,2,3128,25,4692.0,220.0
OD012108,O04826,P0059,1,7607,0,7607.0,3967.0
OD012109,O04827,P0075,3,2498,5,7119.3,3117.3
OD012110,O04827,P0030,4,10331,10,37191.6,13571.6
OD012111,O04827,P0001,4,8847,15,30079.8,10719.8
OD012112,O04827,P0066,1,3382,5,3212.9,803.9
OD012113,O04828,P0055,4,3114,15,10587.6,1615.6
OD012114,O04829,P0011,3,7617,0,22851.0,7938.0
OD012115,O04829,P0005,3,526,25,1183.5,316.5
OD012116,O04829,P0050,4,791,10,2847.6,1115.6
OD012117,O04829,P0081,2,4694,15,7979.8,2811.8
OD012118,O04830,P0068,2,375,20,600.0,0.0
OD012119,O04830,P0077,4,3416,10,12297.6,5593.6
OD012120,O04830,P0012,3,2280,5,6498.0,1629.0
OD012121,O04830,P0055,1,3114,0,3114.0,871.0
OD012122,O04831,P0072,3,10954,10,29575.8,14008.8
OD012123,O04832,P0020,4,1983,10,7138.8,878.8
OD012124,O04832,P0018,1,8947,10,8052.3,1991.3
OD012125,O04832,P0008,4,9277,10,33397.2,7753.2
OD012126,O04832,P0023,1,12189,5,11579.55,5985.55
OD012127,O04833,P0022,1,5467,10,4920.3,2401.3
OD012128,O04833,P0026,1,9610,5,9129.5,2915.5
OD012129,O04834,P0040,1,6601,10,5940.9,1941.9
OD012130,O04834,P0055,3,3114,10,8407.8,1678.8
OD012131,O04835,P0029,4,8916,10,32097.6,7809.6
OD012132,O04835,P0078,4,2727,0,10908.0,4016.0
OD012133,O04836,P0008,1,9277,15,7885.45,1474.45
OD012134,O04836,P0078,4,2727,15,9271.8,2379.8
OD012135,O04836,P0014,4,10018,15,34061.2,12649.2
OD012136,O04837,P0014,4,10018,20,32057.6,10645.6
OD012137,O04837,P0045,4,8473,5,32197.4,7181.4
OD012138,O04837,P0051,3,8105,15,20667.75,7029.75
OD012139,O04838,P0028,2,3631,10,6535.8,1367.8
OD012140,O04838,P0067,3,3128,5,8914.8,2206.8
OD012141,O04838,P0055,3,3114,20,7473.6,744.6
OD012142,O04838,P0001,3,8847,15,22559.85,8039.85
OD012143,O04839,P0039,1,7839,5,7447.05,2044.05
OD012144,O04840,P0030,2,10331,0,20662.0,8852.0
OD012145,O04840,P0033,2,5694,5,10818.6,1890.6
OD012146,O04841,P0064,2,6997,20,11195.2,3183.2
OD012147,O04841,P0005,4,526,15,1788.4,632.4
OD012148,O04841,P0002,4,8892,5,33789.6,14809.6
OD012149,O04841,P0073,2,3981,0,7962.0,3162.0
OD012150,O04842,P0082,2,2255,20,3608.0,1280.0
OD012151,O04842,P0043,4,3251,15,11053.4,233.4
OD012152,O04842,P0036,4,8476,15,28818.4,10226.4
OD012153,O04843,P0003,3,319,10,861.3,75.3
OD012154,O04843,P0080,4,13672,5,51953.6,24425.6
OD012155,O04843,P0021,1,12927,10,11634.3,5696.3
OD012156,O04844,P0077,4,3416,20,10931.2,4227.2
OD012157,O04845,P0015,3,6239,0,18717.0,5337.0
OD012158,O04845,P0053,3,500,5,1425.0,729.0
OD012159,O04846,P0031,2,14006,10,25210.8,12292.8
OD012160,O04846,P0022,2,5467,0,10934.0,5896.0
OD012161,O04846,P0014,2,10018,5,19034.2,8328.2
OD012162,O04847,P0003,1,319,0,319.0,57.0
OD012163,O04847,P0074,2,4472,15,7602.4,1282.4
OD012164,O04848,P0036,3,8476,5,24156.6,10212.6
OD012165,O04848,P0075,3,2498,15,6369.9,2367.9
OD012166,O04849,P0072,2,10954,10,19717.2,9339.2
OD012167,O04849,P0020,2,1983,10,3569.4,439.4
OD012168,O04849,P0030,3,10331,5,29443.35,11728.35
OD012169,O04849,P0022,2,5467,20,8747.2,3709.2
OD012170,O04850,P0064,2,6997,5,13294.3,5282.3
OD012171,O04851,P0067,1,3128,10,2815.2,579.2
OD012172,O04852,P0049,2,4908,20,7852.8,2630.8
OD012173,O04852,P0081,2,4694,15,7979.8,2811.8
OD012174,O04852,P0039,3,7839,5,22341.15,6132.15
OD012175,O04853,P0059,3,7607,15,19397.85,8477.85
OD012176,O04853,P0074,4,4472,0,17888.0,5248.0
OD012177,O04853,P0069,1,6924,5,6577.8,872.8
OD012178,O04853,P0057,2,4846,0,9692.0,3984.0
OD012179,O04854,P0049,4,4908,5,18650.4,8206.4
OD012180,O04854,P0064,3,6997,5,19941.45,7923.45
OD012181,O04855,P0038,1,5709,20,4567.2,1568.2
OD012182,O04856,P0053,4,500,0,2000.0,1072.0
OD012183,O04856,P0080,1,13672,5,12988.4,6106.4
OD012184,O04856,P0048,4,3582,10,12895.2,5043.2
OD012185,O04857,P0028,2,3631,25,5446.5,278.5
OD012186,O04858,P0080,3,13672,10,36914.4,16268.4
OD012187,O04858,P0062,1,6552,25,4914.0,1088.0
OD012188,O04858,P0079,2,11587,5,22015.3,11149.3
OD012189,O04858,P0026,1,9610,25,7207.5,993.5
OD012190,O04859,P0072,1,10954,5,10406.3,5217.3
OD012191,O04860,P0055,2,3114,10,5605.2,1119.2
OD012192,O04860,P0067,4,3128,10,11260.8,2316.8
OD012193,O04860,P0002,1,8892,10,8002.8,3257.8
OD012194,O04861,P0011,3,7617,5,21708.45,6795.45
OD012195,O04861,P0020,1,1983,15,1685.55,120.55
OD012196,O04862,P0032,1,11145,15,9473.25,3265.25
OD012197,O04862,P0018,4,8947,0,35788.0,11544.0
OD012198,O04862,P0062,1,6552,10,5896.8,2070.8
OD012199,O04862,P0048,2,3582,0,7164.0,3238.0
OD012200,O04863,P0026,2,9610,5,18259.0,5831.0
OD012201,O04863,P0079,1,11587,10,10428.3,4995.3
OD012202,O04863,P0037,4,4495,25,13485.0,3229.0
OD012203,O04863,P0005,1,526,20,420.8,131.8
OD012204,O04864,P0005,2,526,10,946.8,368.8
OD012205,O04864,P0027,3,4363,25,9816.75,-458.25
OD012206,O04864,P0002,2,8892,0,17784.0,8294.0
OD012207,O04864,P0068,2,375,10,675.0,75.0
OD012208,O04865,P0079,3,11587,20,27808.8,11509.8
OD012209,O04865,P0023,4,12189,25,36567.0,14191.0
OD012210,O04865,P0025,2,6585,20,10536.0,3146.0
OD012211,O04866,P0006,2,5410,15,9197.0,2561.0
OD012212,O04866,P0060,1,3201,10,2880.9,1366.9
OD012213,O04866,P0017,3,10962,10,29597.4,14582.4
OD012214,O04866,P0014,1,10018,10,9016.2,3663.2
OD012215,O04867,P0013,1,1311,15,1114.35,513.35
OD012216,O04867,P0032,1,11145,10,10030.5,3822.5
OD012217,O04867,P0067,2,3128,5,5943.2,1471.2
OD012218,O04867,P0049,1,4908,15,4171.8,1560.8
OD012219,O04868,P0027,2,4363,20,6980.8,130.8
OD012220,O04868,P0055,4,3114,15,10587.6,1615.6
OD012221,O04869,P0044,3,1630,5,4645.5,931.5
OD012222,O04869,P0081,4,4694,0,18776.0,8440.0
OD012223,O04869,P0058,1,3214,10,2892.6,924.6
OD012224,O04870,P0073,3,3981,10,10748.7,3548.7
OD012225,O04870,P0049,2,4908,25,7362.0,2140.0
OD012226,O04870,P0006,2,5410,5,10279.0,3643.0
OD012227,O04870,P0082,1,2255,5,2142.25,978.25
OD012228,O04871,P0070,2,9093,5,17276.7,5588.7
OD012229,O04871,P0017,2,10962,5,20827.8,10817.8
OD012230,O04871,P0018,1,8947,25,6710.25,649.25
OD012231,O04872,P0052,3,1682,5,4793.7,1895.7
OD012232,O04873,P0026,3,9610,10,25947.0,7305.0
OD012233,O04874,P0078,2,2727,5,5181.3,1735.3
OD012234,O04874,P0057,4,4846,5,18414.8,6998.8
OD012235,O04875,P0029,3,8916,15,22735.8,4519.8
OD012236,O04875,P0001,4,8847,5,33618.6,14258.6
OD012237,O04876,P0014,4,10018,5,38068.4,16656.4
OD012238,O04876,P0052,2,1682,10,3027.6,1095.6
OD012239,O04876,P0039,2,7839,25,11758.5,952.5
OD012240,O04876,P0068,1,375,0,375.0,75.0
OD012241,O04877,P0021,1,12927,10,11634.3,5696.3
OD012242,O04877,P0059,2,7607,15,12931.9,5651.9
OD012243,O04877,P0065,1,1750,0,1750.0,536.0
OD012244,O04878,P0003,4,319,15,1084.6,36.6
OD012245,O04878,P0036,1,8476,0,8476.0,3828.0
OD012246,O04878,P0011,4,7617,20,24374.4,4490.4
OD012247,O04879,P0004,1,3517,10,3165.3,637.3
OD012248,O04880,P0027,2,4363,5,8289.7,1439.7
OD012249,O04880,P0007,4,9936,20,31795.2,7023.2
OD012250,O04881,P0023,1,12189,0,12189.0,6595.0
OD012251,O04881,P0036,1,8476,20,6780.8,2132.8
OD012252,O04881,P0033,2,5694,15,9679.8,751.8
OD012253,O04881,P0073,1,3981,15,3383.85,983.85
OD012254,O04882,P0026,4,9610,0,38440.0,13584.0
OD012255,O04882,P0015,1,6239,10,5615.1,1155.1
OD012256,O04882,P0082,1,2255,20,1804.0,640.0
OD012257,O04883,P0071,1,8287,20,6629.6,994.6
OD012258,O04883,P0073,2,3981,15,6767.7,1967.7
OD012259,O04883,P0019,4,6155,5,23389.0,11745.0
OD012260,O04884,P0006,3,5410,5,15418.5,5464.5
OD012261,O04884,P0007,1,9936,10,8942.4,2749.4
OD012262,O04884,P0077,3,3416,20,8198.4,3170.4
OD012263,O04885,P0028,4,3631,10,13071.6,2735.6
OD012264,O04885,P0060,2,3201,5,6081.9,3053.9
OD012265,O04885,P0019,3,6155,5,17541.75,8808.75
OD012266,O04886,P0057,3,4846,5,13811.1,5249.1
OD012267,O04886,P0025,4,6585,5,25023.0,10243.0
OD012268,O04887,P0022,2,5467,25,8200.5,3162.5
OD012269,O04887,P0070,4,9093,15,30916.2,7540.2
OD012270,O04887,P0068,1,375,5,356.25,56.25
OD012271,O04888,P0013,3,1311,15,3343.05,1540.05
OD012272,O04888,P0035,1,3553,5,3375.35,625.35
OD012273,O04888,P0038,2,5709,0,11418.0,5420.0
OD012274,O04889,P0071,4,8287,25,24861.0,2321.0
OD012275,O04889,P0063,2,5568,15,9465.6,3241.6
OD012276,O04889,P0016,3,7194,15,18344.7,7472.7
OD012277,O04890,P0050,4,791,10,2847.6,1115.6
OD012278,O04891,P0001,4,8847,10,31849.2,12489.2
OD012279,O04891,P0070,1,9093,15,7729.05,1885.05
OD012280,O04891,P0079,4,11587,10,41713.2,19981.2
OD012281,O04892,P0025,2,6585,25,9877.5,2487.5
OD012282,O04893,P0082,2,2255,10,4059.0,1731.0
OD012283,O04893,P0040,3,6601,0,19803.0,7806.0
OD012284,O04893,P0002,2,8892,0,17784.0,8294.0
OD012285,O04894,P0023,3,12189,5,34738.65,17956.65
OD012286,O04894,P0052,1,1682,20,1345.6,379.6
OD012287,O04894,P0051,4,8105,10,29178.0,10994.0
OD012288,O04895,P0055,4,3114,0,12456.0,3484.0
OD012289,O04896,P0037,1,4495,10,4045.5,1481.5
OD012290,O04896,P0022,2,5467,15,9293.9,4255.9
OD012291,O04897,P0082,1,2255,20,1804.0,640.0
OD012292,O04897,P0072,1,10954,15,9310.9,4121.9
OD012293,O04897,P0001,1,8847,5,8404.65,3564.65
OD012294,O04898,P0001,2,8847,20,14155.2,4475.2
OD012295,O04899,P0068,2,375,5,712.5,112.5
OD012296,O04899,P0023,4,12189,20,39004.8,16628.8
OD012297,O04900,P0031,3,14006,5,39917.1,20540.1
OD012298,O04901,P0012,2,2280,10,4104.0,858.0
OD012299,O04902,P0073,4,3981,15,13535.4,3935.4
OD012300,O04902,P0028,2,3631,20,5809.6,641.6
OD012301,O04902,P0065,3,1750,10,4725.0,1083.0
OD012302,O04903,P0001,4,8847,5,33618.6,14258.6
OD012303,O04904,P0050,1,791,20,632.8,199.8
OD012304,O04904,P0025,1,6585,20,5268.0,1573.0
OD012305,O04904,P0020,2,1983,10,3569.4,439.4
OD012306,O04904,P0014,2,10018,0,20036.0,9330.0
OD012307,O04905,P0051,4,8105,5,30799.0,12615.0
OD012308,O04905,P0018,1,8947,20,7157.6,1096.6
OD012309,O04905,P0073,1,3981,0,3981.0,1581.0
OD012310,O04905,P0013,2,1311,10,2359.8,1157.8
OD012311,O04906,P0073,2,3981,15,6767.7,1967.7
OD012312,O04906,P0040,4,6601,10,23763.6,7767.6
OD012313,O04906,P0011,2,7617,5,14472.3,4530.3
OD012314,O04907,P0069,3,6924,20,16617.6,-497.4
OD012315,O04907,P0021,1,12927,0,12927.0,6989.0
OD012316,O04908,P0075,1,2498,25,1873.5,539.5
OD012317,O04908,P0054,3,7011,10,18929.7,8006.7
OD012318,O04909,P0070,4,9093,0,36372.0,12996.0
OD012319,O04910,P0061,3,6727,10,18162.9,4326.9
OD012320,O04910,P0019,4,6155,0,24620.0,12976.0
OD012321,O04910,P0008,2,9277,0,18554.0,5732.0
OD012322,O04910,P0057,3,4846,10,13084.2,4522.2
OD012323,O04911,P0015,1,6239,25,4679.25,219.25
OD012324,O04911,P0033,1,5694,10,5124.6,660.6
OD012325,O04911,P0023,3,12189,0,36567.0,19785.0
OD012326,O04911,P0060,1,3201,20,2560.8,1046.8
OD012327,O04912,P0008,3,9277,5,26439.45,7206.45
OD012328,O04912,P0017,1,10962,5,10413.9,5408.9
OD012329,O04912,P0033,1,5694,15,4839.9,375.9
OD012330,O04912,P0077,4,3416,20,10931.2,4227.2
OD012331,O04913,P0005,1,526,0,526.0,237.0
OD012332,O04913,P0064,3,6997,10,18891.9,6873.9
OD012333,O04913,P0052,3,1682,5,4793.7,1895.7
OD012334,O04914,P0034,3,8273,5,23578.05,4009.05
OD012335,O04914,P0066,4,3382,0,13528.0,3892.0
OD012336,O04915,P0026,1,9610,5,9129.5,2915.5
OD012337,O04916,P0006,3,5410,15,13795.5,3841.5
OD012338,O04916,P0008,1,9277,10,8349.3,1938.3
OD012339,O04917,P0065,3,1750,25,3937.5,295.5
OD012340,O04917,P0001,2,8847,0,17694.0,8014.0
OD012341,O04918,P0020,4,1983,10,7138.8,878.8
OD012342,O04918,P0058,3,3214,5,9159.9,3255.9
OD012343,O04918,P0006,4,5410,5,20558.0,7286.0
OD012344,O04918,P0074,4,4472,25,13416.0,776.0
OD012345,O04919,P0004,1,3517,0,3517.0,989.0
OD012346,O04920,P0026,2,9610,10,17298.0,4870.0
OD012347,O04920,P0061,4,6727,10,24217.2,5769.2
OD012348,O04921,P0052,1,1682,15,1429.7,463.7
OD012349,O04921,P0081,4,4694,20,15020.8,4684.8
OD012350,O04921,P0009,2,4834,10,8701.2,2193.2
OD012351,O04921,P0023,2,12189,10,21940.2,10752.2
OD012352,O04922,P0005,4,526,0,2104.0,948.0
OD012353,O04922,P0063,4,5568,20,17817.6,5369.6
OD012354,O04922,P0065,3,1750,0,5250.0,1608.0
OD012355,O04923,P0042,2,8402,15,14283.4,2859.4
OD012356,O04923,P0017,2,10962,25,16443.0,6433.0
OD012357,O04923,P0048,4,3582,15,12178.8,4326.8
OD012358,O04924,P0077,4,3416,10,12297.6,5593.6
OD012359,O04924,P0014,3,10018,15,25545.9,9486.9
OD012360,O04925,P0073,4,3981,10,14331.6,4731.6
OD012361,O04925,P0001,1,8847,15,7519.95,2679.95
OD012362,O04925,P0025,1,6585,5,6255.75,2560.75
OD012363,O04925,P0024,4,9546,15,32456.4,12752.4
OD012364,O04926,P0023,1,12189,20,9751.2,4157.2
OD012365,O04926,P0069,4,6924,10,24926.4,2106.4
OD012366,O04927,P0053,1,500,5,475.0,243.0
OD012367,O04927,P0050,3,791,25,1779.75,480.75
OD012368,O04928,P0006,2,5410,10,9738.0,3102.0
OD012369,O04928,P0080,4,13672,10,49219.2,21691.2
OD012370,O04929,P0056,2,14270,10,25686.0,12576.0
OD012371,O04929,P0005,4,526,0,2104.0,948.0
OD012372,O04929,P0026,3,9610,25,21622.5,2980.5
OD012373,O04930,P0066,2,3382,5,6425.8,1607.8
OD012374,O04930,P0022,1,5467,10,4920.3,2401.3
OD012375,O04930,P0072,3,10954,20,26289.6,10722.6
OD012376,O04930,P0037,2,4495,10,8091.0,2963.0
OD012377,O04931,P0019,3,6155,20,14772.0,6039.0
OD012378,O04931,P0044,4,1630,5,6194.0,1242.0
OD012379,O04931,P0069,1,6924,20,5539.2,-165.8
OD012380,O04932,P0006,2,5410,5,10279.0,3643.0
OD012381,O04933,P0027,3,4363,5,12434.55,2159.55
OD012382,O04934,P0006,2,5410,10,9738.0,3102.0
OD012383,O04934,P0029,3,8916,5,25410.6,7194.6
OD012384,O04935,P0051,4,8105,0,32420.0,14236.0
OD012385,O04935,P0057,4,4846,10,17445.6,6029.6
OD012386,O04935,P0043,3,3251,15,8290.05,175.05
OD012387,O04936,P0081,4,4694,20,15020.8,4684.8
OD012388,O04936,P0065,2,1750,5,3325.0,897.0
OD012389,O04937,P0025,3,6585,20,15804.0,4719.0
OD012390,O04937,P0009,1,4834,20,3867.2,613.2
OD012391,O04937,P0020,2,1983,15,3371.1,241.1
OD012392,O04937,P0032,3,11145,10,30091.5,11467.5
OD012393,O04938,P0028,4,3631,0,14524.0,4188.0
OD012394,O04938,P0064,1,6997,15,5947.45,1941.45
OD012395,O04938,P0053,2,500,5,950.0,486.0
OD012396,O04938,P0004,1,3517,5,3341.15,813.15
OD012397,O04939,P0049,1,4908,0,4908.0,2297.0
OD012398,O04939,P0063,4,5568,20,17817.6,5369.6
OD012399,O04940,P0030,1,10331,5,9814.45,3909.45
OD012400,O04941,P0046,4,10496,20,33587.2,13959.2
OD012401,O04941,P0010,2,6288,5,11947.2,3745.2
OD012402,O04941,P0029,4,8916,5,33880.8,9592.8
OD012403,O04941,P0017,2,10962,15,18635.4,8625.4
OD012404,O04942,P0078,3,2727,5,7771.95,2602.95
OD012405,O04942,P0034,3,8273,15,21096.15,1527.15
OD012406,O04942,P0027,1,4363,10,3926.7,501.7
OD012407,O04943,P0047,2,4367,15,7423.9,1195.9
OD012408,O04943,P0036,3,8476,15,21613.8,7669.8
OD012409,O04944,P0041,1,8569,20,6855.2,2050.2
OD012410,O04944,P0074,1,4472,15,3801.2,641.2
OD012411,O04944,P0055,3,3114,0,9342.0,2613.0
OD012412,O04944,P0023,4,12189,10,43880.4,21504.4
OD012413,O04945,P0002,2,8892,5,16894.8,7404.8
OD012414,O04945,P0041,4,8569,5,32562.2,13342.2
OD012415,O04946,P0038,4,5709,0,22836.0,10840.0
OD012416,O04946,P0072,1,10954,10,9858.6,4669.6
OD012417,O04946,P0051,1,8105,0,8105.0,3559.0
OD012418,O04947,P0025,4,6585,10,23706.0,8926.0
OD012419,O04947,P0012,3,2280,10,6156.0,1287.0
OD012420,O04947,P0035,3,3553,5,10126.05,1876.05
OD012421,O04948,P0076,1,7205,20,5764.0,1181.0
OD012422,O04948,P0073,2,3981,0,7962.0,3162.0
OD012423,O04948,P0065,2,1750,20,2800.0,372.0
OD012424,O04948,P0046,2,10496,10,18892.8,9078.8
OD012425,O04949,P0072,3,10954,10,29575.8,14008.8
OD012426,O04949,P0044,2,1630,20,2608.0,132.0
OD012427,O04949,P0048,3,3582,15,9134.1,3245.1
OD012428,O04950,P0057,4,4846,10,17445.6,6029.6
OD012429,O04950,P0053,2,500,20,800.0,336.0
OD012430,O04950,P0005,3,526,0,1578.0,711.0
OD012431,O04951,P0078,4,2727,10,9817.2,2925.2
OD012432,O04952,P0047,2,4367,0,8734.0,2506.0
OD012433,O04952,P0034,2,8273,0,16546.0,3500.0
OD012434,O04952,P0018,2,8947,5,16999.3,4877.3
OD012435,O04952,P0017,4,10962,5,41655.6,21635.6
OD012436,O04953,P0038,2,5709,15,9705.3,3707.3
OD012437,O04953,P0007,3,9936,20,23846.4,5267.4
OD012438,O04954,P0039,4,7839,15,26652.6,5040.6
OD012439,O04954,P0030,1,10331,15,8781.35,2876.35
OD012440,O04954,P0021,3,12927,10,34902.9,17088.9
OD012441,O04954,P0015,2,6239,5,11854.1,2934.1
OD012442,O04955,P0029,4,8916,0,35664.0,11376.0
OD012443,O04955,P0069,3,6924,5,19733.4,2618.4
OD012444,O04955,P0070,4,9093,25,27279.0,3903.0
OD012445,O04955,P0012,3,2280,10,6156.0,1287.0
OD012446,O04956,P0005,2,526,15,894.2,316.2
OD012447,O04957,P0061,4,6727,0,26908.0,8460.0
OD012448,O04957,P0053,4,500,10,1800.0,872.0
OD012449,O04957,P0047,2,4367,15,7423.9,1195.9
OD012450,O04957,P0009,1,4834,0,4834.0,1580.0
OD012451,O04958,P0073,1,3981,10,3582.9,1182.9
OD012452,O04958,P0076,2,7205,10,12969.0,3803.0
OD012453,O04959,P0020,2,1983,10,3569.4,439.4
OD012454,O04959,P0041,3,8569,10,23136.3,8721.3
OD012455,O04959,P0011,1,7617,5,7236.15,2265.15
OD012456,O04960,P0013,2,1311,25,1966.5,764.5
OD012457,O04960,P0025,1,6585,10,5926.5,2231.5
OD012458,O04960,P0036,2,8476,15,14409.2,5113.2
OD012459,O04960,P0022,4,5467,20,17494.4,7418.4
OD012460,O04961,P0029,1,8916,25,6687.0,615.0
OD012461,O04961,P0033,4,5694,10,20498.4,2642.4
OD012462,O04962,P0037,4,4495,15,15283.0,5027.0
OD012463,O04962,P0058,2,3214,5,6106.6,2170.6
OD012464,O04962,P0019,4,6155,15,20927.0,9283.0
OD012465,O04963,P0009,3,4834,10,13051.8,3289.8
OD012466,O04963,P0055,4,3114,10,11210.4,2238.4
OD012467,O04963,P0012,3,2280,10,6156.0,1287.0
OD012468,O04964,P0002,3,8892,10,24008.4,9773.4
OD012469,O04964,P0067,4,3128,15,10635.2,1691.2
OD012470,O04965,P0025,1,6585,15,5597.25,1902.25
OD012471,O04966,P0051,3,8105,5,23099.25,9461.25
OD012472,O04966,P0014,4,10018,10,36064.8,14652.8
OD012473,O04966,P0073,4,3981,25,11943.0,2343.0
OD012474,O04967,P0021,1,12927,10,11634.3,5696.3
OD012475,O04967,P0076,2,7205,15,12248.5,3082.5
OD012476,O04967,P0081,4,4694,0,18776.0,8440.0
OD012477,O04967,P0022,1,5467,15,4646.95,2127.95
OD012478,O04968,P0059,2,7607,5,14453.3,7173.3
OD012479,O04968,P0027,2,4363,15,7417.1,567.1
OD012480,O04969,P0080,4,13672,0,54688.0,27160.0
OD012481,O04970,P0064,4,6997,5,26588.6,10564.6
OD012482,O04971,P0007,1,9936,25,7452.0,1259.0
OD012483,O04971,P0023,1,12189,15,10360.65,4766.65
OD012484,O04971,P0049,3,4908,20,11779.2,3946.2
OD012485,O04971,P0043,2,3251,20,5201.6,-208.4
OD012486,O04972,P0049,4,4908,25,14724.0,4280.0
OD012487,O04972,P0003,1,319,25,239.25,-22.75
OD012488,O04972,P0068,2,375,5,712.5,112.5
OD012489,O04973,P0058,1,3214,0,3214.0,1246.0
OD012490,O04973,P0014,1,10018,5,9517.1,4164.1
OD012491,O04973,P0036,4,8476,25,25428.0,6836.0
OD012492,O04974,P0074,3,4472,0,13416.0,3936.0
OD012493,O04974,P0010,3,6288,0,18864.0,6561.0
OD012494,O04974,P0041,3,8569,10,23136.3,8721.3
OD012495,O04974,P0035,4,3553,10,12790.8,1790.8
OD012496,O04975,P0075,1,2498,5,2373.1,1039.1
OD012497,O04976,P0038,4,5709,10,20552.4,8556.4
OD012498,O04976,P0044,4,1630,10,5868.0,916.0
OD012499,O04977,P0029,2,8916,20,14265.6,2121.6
OD012500,O04977,P0074,2,4472,20,7155.2,835.2
OD012501,O04978,P0077,2,3416,15,5807.2,2455.2
OD012502,O04979,P0057,2,4846,5,9207.4,3499.4
OD012503,O04979,P0039,4,7839,20,25084.8,3472.8
OD012504,O04979,P0043,4,3251,15,11053.4,233.4
OD012505,O04980,P0080,4,13672,20,43750.4,16222.4
OD012506,O04980,P0051,1,8105,10,7294.5,2748.5
OD012507,O04980,P0059,3,7607,10,20538.9,9618.9
OD012508,O04980,P0071,2,8287,5,15745.3,4475.3
OD012509,O04981,P0001,2,8847,0,17694.0,8014.0
OD012510,O04981,P0048,2,3582,0,7164.0,3238.0
OD012511,O04981,P0031,1,14006,25,10504.5,4045.5
OD012512,O04982,P0003,1,319,10,287.1,25.1
OD012513,O04983,P0075,4,2498,10,8992.8,3656.8
OD012514,O04983,P0052,2,1682,0,3364.0,1432.0
OD012515,O04984,P0031,3,14006,15,35715.3,16338.3
OD012516,O04984,P0075,1,2498,5,2373.1,1039.1
OD012517,O04984,P0072,1,10954,10,9858.6,4669.6
OD012518,O04985,P0061,3,6727,10,18162.9,4326.9
OD012519,O04985,P0082,1,2255,10,2029.5,865.5
OD012520,O04985,P0027,1,4363,15,3708.55,283.55
OD012521,O04985,P0043,4,3251,15,11053.4,233.4
OD012522,O04986,P0073,1,3981,10,3582.9,1182.9
OD012523,O04986,P0025,2,6585,5,12511.5,5121.5
OD012524,O04986,P0066,4,3382,0,13528.0,3892.0
OD012525,O04987,P0058,3,3214,20,7713.6,1809.6
OD012526,O04987,P0027,2,4363,20,6980.8,130.8
OD012527,O04988,P0003,2,319,20,510.4,-13.6
OD012528,O04988,P0042,2,8402,20,13443.2,2019.2
OD012529,O04989,P0040,1,6601,0,6601.0,2602.0
OD012530,O04989,P0078,4,2727,20,8726.4,1834.4
OD012531,O04989,P0066,1,3382,15,2874.7,465.7
OD012532,O04990,P0077,2,3416,10,6148.8,2796.8
OD012533,O04990,P0007,2,9936,15,16891.2,4505.2
OD012534,O04990,P0022,1,5467,5,5193.65,2674.65
OD012535,O04991,P0054,3,7011,0,21033.0,10110.0
OD012536,O04991,P0043,4,3251,10,11703.6,883.6
OD012537,O04992,P0052,1,1682,5,1597.9,631.9
OD012538,O04992,P0015,2,6239,5,11854.1,2934.1
OD012539,O04993,P0027,3,4363,15,11125.65,850.65
OD012540,O04993,P0061,2,6727,20,10763.2,1539.2
OD012541,O04994,P0025,1,6585,10,5926.5,2231.5
OD012542,O04994,P0016,3,7194,0,21582.0,10710.0
OD012543,O04994,P0073,1,3981,10,3582.9,1182.9
OD012544,O04994,P0064,2,6997,25,10495.5,2483.5
OD012545,O04995,P0005,1,526,5,499.7,210.7
OD012546,O04995,P0063,4,5568,15,18931.2,6483.2
OD012547,O04996,P0020,4,1983,5,7535.4,1275.4
OD012548,O04996,P0038,1,5709,10,5138.1,2139.1
OD012549,O04997,P0049,4,4908,5,18650.4,8206.4
OD012550,O04998,P0047,2,4367,0,8734.0,2506.0
OD012551,O04998,P0001,2,8847,10,15924.6,6244.6
OD012552,O04999,P0035,1,3553,10,3197.7,447.7
OD012553,O04999,P0082,3,2255,10,6088.5,2596.5
OD012554,O04999,P0008,1,9277,5,8813.15,2402.15
OD012555,O04999,P0004,2,3517,15,5978.9,922.9
OD012556,O05000,P0009,4,4834,15,16435.6,3419.6
OD012557,O05000,P0050,3,791,20,1898.4,599.4
OD012558,O05000,P0065,2,1750,0,3500.0,1072.0
