OrderID,OrderDate,CustomerID,PaymentMethod,OrderStatus
O00001,2026-01-19,C0484,UPI,Delivered
O00002,2026-02-14,C0450,Credit Card,Delivered
O00003,2025-11-21,C0523,Credit Card,Delivered
O00004,2025-05-08,C0871,UPI,Delivered
O00005,2025-05-04,C0354,Net Banking,Delivered
O00006,2025-12-21,C0986,Credit Card,Delivered
O00007,2024-03-13,C0658,UPI,Delivered
O00008,2025-05-23,C0597,Net Banking,Delivered
O00009,2025-01-24,C0100,Net Banking,Delivered
O00010,2025-09-10,C0616,Credit Card,Delivered
O00011,2026-05-06,C0948,Net Banking,Delivered
O00012,2024-10-21,C0558,COD,Delivered
O00013,2025-01-03,C0556,Credit Card,Delivered
O00014,2026-03-06,C0278,UPI,Cancelled
O00015,2026-05-14,C0693,UPI,Delivered
O00016,2025-11-24,C0699,Credit Card,Returned
O00017,2025-07-02,C0990,UPI,Delivered
O00018,2025-10-10,C0626,COD,Delivered
O00019,2026-04-29,C0491,Net Banking,Delivered
O00020,2025-07-21,C0255,Net Banking,Delivered
O00021,2024-07-05,C0381,COD,Delivered
O00022,2026-05-02,C0892,COD,Delivered
O00023,2026-02-08,C0542,UPI,Delivered
O00024,2025-03-20,C0264,UPI,Delivered
O00025,2025-07-23,C0610,Debit Card,Delivered
O00026,2024-12-28,C0825,Credit Card,Delivered
O00027,2024-05-02,C0879,Credit Card,Delivered
O00028,2024-07-06,C0329,Debit Card,Delivered
O00029,2026-01-11,C0115,COD,Delivered
O00030,2025-11-10,C0276,Credit Card,Delivered
O00031,2025-02-23,C0488,Net Banking,Delivered
O00032,2025-09-17,C0281,UPI,Delivered
O00033,2024-09-08,C0275,Debit Card,Delivered
O00034,2025-09-10,C0773,UPI,Delivered
O00035,2025-07-02,C0843,COD,Delivered
O00036,2024-11-30,C0719,UPI,Delivered
O00037,2024-04-01,C0896,Debit Card,Delivered
O00038,2025-06-13,C0328,UPI,Cancelled
O00039,2026-05-15,C0211,UPI,Delivered
O00040,2024-03-03,C0727,Credit Card,Delivered
O00041,2025-10-23,C0923,Credit Card,Delivered
O00042,2025-05-26,C0552,UPI,Delivered
O00043,2024-05-18,C0992,UPI,Delivered
O00044,2025-11-28,C0026,Debit Card,Delivered
O00045,2024-07-03,C0027,Debit Card,Delivered
O00046,2024-07-23,C0702,UPI,Delivered
O00047,2026-02-10,C0083,Debit Card,Delivered
O00048,2024-08-01,C0896,UPI,Delivered
O00049,2024-09-12,C0946,Credit Card,Delivered
O00050,2024-05-14,C0682,UPI,Delivered
O00051,2025-07-26,C0413,Credit Card,Delivered
O00052,2026-05-24,C0167,UPI,Delivered
O00053,2026-04-01,C0700,COD,Delivered
O00054,2024-03-28,C0169,UPI,Delivered
O00055,2026-04-15,C0801,UPI,Delivered
O00056,2024-07-25,C0979,UPI,Delivered
O00057,2024-05-08,C0229,COD,Delivered
O00058,2026-04-02,C0979,Debit Card,Delivered
O00059,2024-01-03,C0609,Debit Card,Delivered
O00060,2026-07-22,C0367,COD,Delivered
O00061,2026-01-23,C0528,COD,Delivered
O00062,2024-04-30,C0791,Debit Card,Delivered
O00063,2025-01-19,C0647,UPI,Delivered
O00064,2025-09-05,C0538,Net Banking,Delivered
O00065,2024-02-07,C0864,UPI,Delivered
O00066,2024-12-06,C0524,Debit Card,Delivered
O00067,2026-07-13,C0072,Debit Card,Delivered
O00068,2025-10-06,C0645,Net Banking,Delivered
O00069,2025-12-14,C0106,Credit Card,Delivered
O00070,2026-05-09,C0732,Debit Card,Delivered
O00071,2024-01-21,C0885,COD,Delivered
O00072,2024-08-29,C0965,UPI,Delivered
O00073,2025-03-30,C0689,UPI,Delivered
O00074,2025-09-12,C0282,Debit Card,Delivered
O00075,2024-10-29,C0133,COD,Delivered
O00076,2025-08-18,C0534,UPI,Delivered
O00077,2025-08-17,C0975,UPI,Delivered
O00078,2026-03-13,C0269,UPI,Returned
O00079,2024-03-09,C0412,UPI,Delivered
O00080,2024-05-08,C0673,COD,Delivered
O00081,2024-07-14,C0619,Debit Card,Delivered
O00082,2024-05-19,C0791,Debit Card,Delivered
O00083,2025-03-19,C0865,Credit Card,Delivered
O00084,2024-10-09,C0747,Net Banking,Delivered
O00085,2024-11-07,C0018,UPI,Delivered
O00086,2026-01-15,C0754,Credit Card,Delivered
O00087,2025-06-18,C0117,Credit Card,Delivered
O00088,2025-10-26,C0798,UPI,Returned
O00089,2024-10-03,C0794,Credit Card,Delivered
O00090,2024-03-01,C0144,UPI,Delivered
O00091,2024-11-14,C0717,UPI,Delivered
O00092,2026-06-08,C0551,UPI,Delivered
O00093,2024-02-21,C0929,Net Banking,Delivered
O00094,2026-05-05,C0666,UPI,Delivered
O00095,2024-06-01,C0688,COD,Delivered
O00096,2026-01-18,C0961,UPI,Cancelled
O00097,2024-11-06,C0753,Net Banking,Delivered
O00098,2026-03-24,C0422,COD,Delivered
O00099,2025-06-27,C0898,COD,Delivered
O00100,2025-07-20,C0369,COD,Delivered
O00101,2026-05-13,C0646,UPI,Delivered
O00102,2025-01-23,C0558,UPI,Delivered
O00103,2025-07-01,C0050,Credit Card,Delivered
O00104,2025-09-13,C0678,UPI,Delivered
O00105,2024-06-25,C0106,UPI,Cancelled
O00106,2024-12-27,C0216,COD,Delivered
O00107,2024-11-09,C0658,Credit Card,Delivered
O00108,2026-03-17,C0923,Debit Card,Delivered
O00109,2026-04-27,C0425,COD,Delivered
O00110,2024-04-06,C0072,Debit Card,Delivered
O00111,2026-05-30,C0988,Debit Card,Delivered
O00112,2024-07-31,C0842,Net Banking,Delivered
O00113,2026-04-08,C0785,UPI,Cancelled
O00114,2024-05-16,C0759,Credit Card,Delivered
O00115,2024-01-06,C0446,COD,Delivered
O00116,2024-04-18,C0925,COD,Delivered
O00117,2025-06-30,C0186,COD,Delivered
O00118,2024-02-08,C0070,Credit Card,Delivered
O00119,2025-10-23,C0974,COD,Delivered
O00120,2025-02-28,C0150,UPI,Delivered
O00121,2025-09-21,C0246,UPI,Delivered
O00122,2024-09-17,C0774,Credit Card,Delivered
O00123,2025-03-01,C0538,Credit Card,Cancelled
O00124,2024-03-27,C0935,UPI,Returned
O00125,2025-04-09,C0652,Credit Card,Returned
O00126,2024-03-16,C0099,UPI,Delivered
O00127,2025-04-15,C0910,Credit Card,Cancelled
O00128,2025-02-17,C0278,Net Banking,Returned
O00129,2026-04-04,C0563,Debit Card,Cancelled
O00130,2026-06-13,C0663,UPI,Delivered
O00131,2025-12-26,C0944,Credit Card,Delivered
O00132,2025-04-01,C0455,Debit Card,Delivered
O00133,2024-10-11,C0104,Credit Card,Delivered
O00134,2024-08-26,C0946,Credit Card,Delivered
O00135,2025-11-07,C0601,Debit Card,Delivered
O00136,2025-08-21,C0653,COD,Returned
O00137,2025-10-14,C0725,UPI,Delivered
O00138,2025-11-02,C0233,Credit Card,Delivered
O00139,2025-07-11,C0394,Credit Card,Returned
O00140,2025-01-06,C0501,Credit Card,Returned
O00141,2025-05-09,C0695,UPI,Delivered
O00142,2025-09-15,C0251,UPI,Delivered
O00143,2026-07-07,C0521,UPI,Delivered
O00144,2024-02-14,C0079,COD,Delivered
O00145,2025-02-04,C0052,Debit Card,Delivered
O00146,2024-09-03,C0898,Debit Card,Delivered
O00147,2025-09-07,C0921,Net Banking,Delivered
O00148,2025-08-19,C0781,UPI,Delivered
O00149,2025-03-25,C0226,COD,Cancelled
O00150,2025-04-29,C0051,Credit Card,Delivered
O00151,2025-10-07,C0186,UPI,Cancelled
O00152,2025-09-11,C0034,Net Banking,Delivered
O00153,2024-01-18,C0803,Net Banking,Delivered
O00154,2025-08-28,C0742,Net Banking,Cancelled
O00155,2025-10-23,C0131,UPI,Cancelled
O00156,2026-01-27,C0632,COD,Delivered
O00157,2024-10-15,C0443,COD,Delivered
O00158,2025-02-17,C0838,Credit Card,Delivered
O00159,2025-12-21,C0759,UPI,Delivered
O00160,2025-09-29,C0432,UPI,Cancelled
O00161,2024-08-22,C0704,COD,Delivered
O00162,2025-02-19,C0497,Credit Card,Delivered
O00163,2026-07-26,C0403,Credit Card,Delivered
O00164,2025-05-13,C0323,UPI,Delivered
O00165,2025-09-25,C0210,UPI,Delivered
O00166,2025-10-11,C0615,Debit Card,Delivered
O00167,2024-04-24,C0329,Credit Card,Delivered
O00168,2026-07-20,C0372,COD,Delivered
O00169,2025-11-04,C0460,Debit Card,Delivered
O00170,2025-12-13,C0133,Net Banking,Delivered
O00171,2024-08-21,C0835,UPI,Delivered
O00172,2025-06-23,C0651,UPI,Returned
O00173,2024-01-11,C0121,Credit Card,Delivered
O00174,2024-07-24,C0606,UPI,Delivered
O00175,2025-11-09,C0452,UPI,Cancelled
O00176,2024-09-03,C0965,COD,Delivered
O00177,2025-07-12,C0129,Credit Card,Delivered
O00178,2026-01-27,C0091,UPI,Delivered
O00179,2024-05-06,C0604,UPI,Delivered
O00180,2024-05-26,C0575,UPI,Delivered
O00181,2024-04-27,C0029,COD,Delivered
O00182,2026-06-29,C0722,UPI,Delivered
O00183,2025-01-16,C0524,UPI,Delivered
O00184,2025-02-15,C0333,Debit Card,Returned
O00185,2025-10-25,C0297,UPI,Delivered
O00186,2025-08-06,C0130,UPI,Delivered
O00187,2024-12-28,C0293,UPI,Cancelled
O00188,2025-05-23,C0173,UPI,Delivered
O00189,2024-05-16,C0720,UPI,Delivered
O00190,2024-06-23,C0944,UPI,Returned
O00191,2024-10-15,C0024,Net Banking,Delivered
O00192,2025-04-25,C0099,UPI,Delivered
O00193,2024-01-19,C0406,Net Banking,Cancelled
O00194,2024-07-13,C0356,Net Banking,Delivered
O00195,2024-11-25,C0139,Credit Card,Delivered
O00196,2026-07-24,C0503,UPI,Cancelled
O00197,2024-06-23,C0826,UPI,Delivered
O00198,2025-03-24,C0174,Debit Card,Returned
O00199,2026-07-13,C0029,Debit Card,Delivered
O00200,2024-12-19,C0931,Debit Card,Delivered
O00201,2025-05-13,C0496,UPI,Delivered
O00202,2024-05-20,C0655,COD,Delivered
O00203,2026-01-27,C0828,UPI,Delivered
O00204,2026-06-15,C0351,Credit Card,Delivered
O00205,2026-07-18,C0554,Credit Card,Delivered
O00206,2024-04-02,C0299,UPI,Delivered
O00207,2024-08-26,C0720,Credit Card,Delivered
O00208,2024-07-23,C0842,Net Banking,Delivered
O00209,2025-07-13,C0945,Net Banking,Cancelled
O00210,2025-03-08,C0192,COD,Delivered
O00211,2024-09-01,C0672,Credit Card,Delivered
O00212,2026-04-11,C0064,Debit Card,Cancelled
O00213,2024-11-12,C0755,UPI,Delivered
O00214,2026-07-13,C0770,Credit Card,Delivered
O00215,2024-10-21,C0664,UPI,Delivered
O00216,2025-10-01,C0215,Credit Card,Cancelled
O00217,2026-05-05,C0834,UPI,Delivered
O00218,2024-10-08,C0166,Credit Card,Delivered
O00219,2024-01-17,C0543,Credit Card,Returned
O00220,2024-03-11,C0883,COD,Returned
O00221,2024-09-25,C0232,Credit Card,Delivered
O00222,2024-11-20,C0794,COD,Delivered
O00223,2026-03-04,C0541,Net Banking,Returned
O00224,2024-10-31,C0195,Credit Card,Delivered
O00225,2025-03-26,C0506,Debit Card,Delivered
O00226,2024-01-07,C0334,UPI,Delivered
O00227,2024-11-09,C0768,Net Banking,Delivered
O00228,2026-03-27,C0793,Credit Card,Delivered
O00229,2024-04-12,C0304,COD,Delivered
O00230,2026-03-31,C0833,Debit Card,Delivered
O00231,2024-07-11,C0437,Net Banking,Delivered
O00232,2026-01-22,C0323,Net Banking,Delivered
O00233,2025-07-27,C0502,UPI,Delivered
O00234,2025-06-12,C0858,UPI,Delivered
O00235,2024-06-19,C0914,Credit Card,Delivered
O00236,2025-06-20,C0393,Credit Card,Delivered
O00237,2024-09-07,C0806,UPI,Delivered
O00238,2026-02-03,C0599,COD,Delivered
O00239,2025-01-21,C0149,Credit Card,Cancelled
O00240,2024-07-25,C0761,COD,Cancelled
O00241,2025-06-24,C0833,Net Banking,Delivered
O00242,2025-09-20,C0405,Credit Card,Delivered
O00243,2025-02-19,C0283,COD,Delivered
O00244,2026-03-04,C0362,Credit Card,Delivered
O00245,2025-01-14,C0379,COD,Delivered
O00246,2024-05-23,C0198,Credit Card,Delivered
O00247,2024-01-25,C0556,Credit Card,Delivered
O00248,2026-04-01,C0356,Credit Card,Delivered
O00249,2025-10-29,C0540,Credit Card,Delivered
O00250,2024-03-13,C0429,Credit Card,Delivered
O00251,2025-09-23,C0017,Credit Card,Delivered
O00252,2026-04-03,C0639,UPI,Delivered
O00253,2026-04-12,C0379,COD,Delivered
O00254,2024-04-02,C0680,Credit Card,Delivered
O00255,2025-05-19,C0506,Credit Card,Delivered
O00256,2025-08-20,C0756,Debit Card,Returned
O00257,2024-12-01,C0899,Net Banking,Delivered
O00258,2025-02-28,C0076,COD,Delivered
O00259,2025-05-13,C0231,Credit Card,Delivered
O00260,2024-12-29,C0716,UPI,Delivered
O00261,2025-09-21,C0962,Credit Card,Delivered
O00262,2026-01-14,C0248,Credit Card,Delivered
O00263,2024-07-17,C0302,COD,Delivered
O00264,2025-12-18,C0726,Credit Card,Delivered
O00265,2025-02-16,C0215,COD,Delivered
O00266,2024-12-04,C0158,Credit Card,Delivered
O00267,2025-10-20,C0069,COD,Delivered
O00268,2026-07-25,C0393,UPI,Delivered
O00269,2025-03-04,C0085,COD,Delivered
O00270,2026-02-21,C0267,COD,Delivered
O00271,2026-06-17,C0069,COD,Delivered
O00272,2024-05-18,C0611,UPI,Delivered
O00273,2025-11-23,C0347,UPI,Delivered
O00274,2026-07-30,C0962,Debit Card,Delivered
O00275,2025-06-25,C0728,UPI,Delivered
O00276,2024-02-26,C0927,UPI,Delivered
O00277,2024-08-19,C0673,UPI,Returned
O00278,2025-10-19,C0423,Credit Card,Cancelled
O00279,2025-03-10,C0606,Credit Card,Cancelled
O00280,2025-01-18,C0174,UPI,Delivered
O00281,2025-07-13,C0677,UPI,Delivered
O00282,2024-07-12,C0115,Credit Card,Delivered
O00283,2026-01-05,C0220,Credit Card,Delivered
O00284,2025-10-09,C0956,UPI,Delivered
O00285,2025-06-17,C0031,Credit Card,Cancelled
O00286,2025-06-01,C0523,COD,Delivered
O00287,2025-12-16,C0343,COD,Delivered
O00288,2026-01-20,C0377,COD,Delivered
O00289,2024-07-03,C0130,COD,Delivered
O00290,2026-05-21,C1000,Credit Card,Delivered
O00291,2024-10-18,C0617,Debit Card,Delivered
O00292,2024-11-30,C0539,Credit Card,Delivered
O00293,2026-01-01,C0739,Debit Card,Delivered
O00294,2024-04-25,C0002,UPI,Delivered
O00295,2026-04-04,C0871,Debit Card,Delivered
O00296,2024-02-18,C0101,Credit Card,Delivered
O00297,2025-11-15,C0533,UPI,Delivered
O00298,2024-03-22,C0058,Net Banking,Delivered
O00299,2026-04-13,C0389,UPI,Returned
O00300,2024-11-28,C0692,UPI,Delivered
O00301,2025-07-10,C0941,UPI,Delivered
O00302,2024-11-30,C0341,Credit Card,Delivered
O00303,2025-06-15,C0861,UPI,Delivered
O00304,2024-08-08,C0020,COD,Delivered
O00305,2025-09-26,C0255,Credit Card,Delivered
O00306,2026-01-15,C0317,Credit Card,Delivered
O00307,2026-01-02,C0038,UPI,Delivered
O00308,2024-11-18,C0660,Debit Card,Delivered
O00309,2026-04-30,C0537,Net Banking,Delivered
O00310,2024-01-03,C0386,Debit Card,Delivered
O00311,2025-11-24,C0633,Debit Card,Delivered
O00312,2024-07-24,C0928,COD,Delivered
O00313,2026-04-11,C0026,COD,Cancelled
O00314,2024-02-09,C0454,Debit Card,Returned
O00315,2024-02-28,C0681,UPI,Delivered
O00316,2025-07-27,C0323,Debit Card,Cancelled
O00317,2025-10-05,C0737,Credit Card,Delivered
O00318,2025-05-21,C0513,Debit Card,Cancelled
O00319,2025-07-25,C0819,Net Banking,Delivered
O00320,2026-06-02,C0773,Debit Card,Delivered
O00321,2026-04-22,C0013,Net Banking,Delivered
O00322,2024-05-01,C0915,UPI,Delivered
O00323,2025-04-23,C0908,UPI,Delivered
O00324,2025-09-10,C0560,UPI,Cancelled
O00325,2024-04-05,C0921,COD,Cancelled
O00326,2026-05-08,C0825,Net Banking,Delivered
O00327,2025-02-17,C0371,Debit Card,Delivered
O00328,2024-08-22,C0291,Debit Card,Delivered
O00329,2026-06-16,C0332,Debit Card,Delivered
O00330,2024-03-02,C0606,COD,Delivered
O00331,2024-09-12,C0261,Net Banking,Delivered
O00332,2025-07-14,C0994,Debit Card,Delivered
O00333,2026-06-23,C0790,Debit Card,Delivered
O00334,2024-12-13,C0871,UPI,Delivered
O00335,2025-11-01,C0205,Debit Card,Delivered
O00336,2024-05-03,C0697,Credit Card,Delivered
O00337,2025-04-26,C0687,UPI,Cancelled
O00338,2024-11-12,C0950,Net Banking,Delivered
O00339,2025-05-18,C0387,Credit Card,Delivered
O00340,2025-12-19,C0892,COD,Delivered
O00341,2024-02-17,C0821,UPI,Delivered
O00342,2025-02-12,C0468,Credit Card,Delivered
O00343,2026-07-20,C0415,Credit Card,Delivered
O00344,2024-05-15,C0069,UPI,Delivered
O00345,2024-07-19,C0472,Credit Card,Delivered
O00346,2024-09-06,C0104,UPI,Delivered
O00347,2024-11-09,C0758,UPI,Delivered
O00348,2026-05-18,C0161,UPI,Delivered
O00349,2025-01-02,C0200,UPI,Delivered
O00350,2025-03-04,C0216,Debit Card,Cancelled
O00351,2026-04-09,C0946,UPI,Delivered
O00352,2026-03-17,C0212,Debit Card,Delivered
O00353,2025-04-24,C0508,Net Banking,Delivered
O00354,2024-11-09,C0016,Credit Card,Delivered
O00355,2025-05-14,C0498,COD,Delivered
O00356,2025-12-21,C0884,Debit Card,Delivered
O00357,2024-12-20,C0332,Debit Card,Delivered
O00358,2025-04-29,C0717,UPI,Delivered
O00359,2024-07-29,C0877,Net Banking,Delivered
O00360,2025-12-04,C0551,Net Banking,Delivered
O00361,2024-02-13,C0601,Credit Card,Delivered
O00362,2025-06-24,C0942,UPI,Returned
O00363,2025-07-24,C0256,Credit Card,Delivered
O00364,2025-08-05,C0992,Debit Card,Delivered
O00365,2024-04-01,C0766,Credit Card,Delivered
O00366,2024-09-21,C0728,Debit Card,Delivered
O00367,2026-06-13,C0880,UPI,Delivered
O00368,2024-08-07,C0815,Net Banking,Cancelled
O00369,2026-06-20,C0172,UPI,Delivered
O00370,2026-07-13,C0649,UPI,Delivered
O00371,2025-03-17,C1000,Credit Card,Delivered
O00372,2025-02-04,C0498,UPI,Delivered
O00373,2025-02-03,C0471,UPI,Delivered
O00374,2025-12-27,C0384,UPI,Delivered
O00375,2026-06-17,C0690,Credit Card,Delivered
O00376,2026-02-27,C0589,COD,Delivered
O00377,2025-07-29,C0700,Net Banking,Delivered
O00378,2026-05-07,C0507,Credit Card,Cancelled
O00379,2026-03-14,C0992,UPI,Delivered
O00380,2025-05-04,C0527,Credit Card,Delivered
O00381,2025-04-29,C0804,Debit Card,Delivered
O00382,2026-01-26,C0831,UPI,Delivered
O00383,2025-04-14,C0325,UPI,Delivered
O00384,2025-07-27,C0214,UPI,Delivered
O00385,2026-07-26,C0208,Net Banking,Delivered
O00386,2026-04-23,C0169,Credit Card,Cancelled
O00387,2025-11-12,C0330,Net Banking,Delivered
O00388,2025-03-20,C0280,UPI,Delivered
O00389,2024-09-25,C0978,UPI,Delivered
O00390,2024-09-23,C0305,Credit Card,Delivered
O00391,2024-02-23,C0146,Credit Card,Delivered
O00392,2025-06-11,C0775,UPI,Delivered
O00393,2025-06-03,C0516,UPI,Delivered
O00394,2025-09-07,C0090,UPI,Cancelled
O00395,2024-02-28,C0453,UPI,Delivered
O00396,2026-04-04,C0060,UPI,Delivered
O00397,2024-02-09,C0311,COD,Delivered
O00398,2024-08-24,C0528,Credit Card,Cancelled
O00399,2025-01-20,C0227,Debit Card,Returned
O00400,2025-08-28,C0474,Credit Card,Delivered
O00401,2026-01-03,C0978,UPI,Delivered
O00402,2025-12-16,C0541,UPI,Delivered
O00403,2025-10-11,C0663,Credit Card,Delivered
O00404,2024-10-26,C0757,Credit Card,Delivered
O00405,2025-01-29,C0782,UPI,Returned
O00406,2024-07-25,C0079,Net Banking,Delivered
O00407,2024-12-01,C0433,Credit Card,Delivered
O00408,2025-08-15,C0801,UPI,Delivered
O00409,2025-12-30,C0153,UPI,Delivered
O00410,2025-05-28,C0789,Credit Card,Delivered
O00411,2024-06-26,C0401,Net Banking,Delivered
O00412,2025-01-30,C0279,UPI,Cancelled
O00413,2025-01-05,C0057,UPI,Delivered
O00414,2026-05-07,C0977,Credit Card,Delivered
O00415,2026-03-01,C0186,UPI,Delivered
O00416,2025-10-19,C0398,Debit Card,Delivered
O00417,2024-11-13,C0605,Debit Card,Cancelled
O00418,2026-01-05,C0788,UPI,Delivered
O00419,2025-01-03,C0158,UPI,Delivered
O00420,2025-01-18,C0787,Debit Card,Delivered
O00421,2024-03-02,C0693,UPI,Delivered
O00422,2026-03-16,C0359,UPI,Delivered
O00423,2025-05-19,C0440,Net Banking,Delivered
O00424,2024-08-26,C0589,UPI,Delivered
O00425,2024-07-13,C0466,Credit Card,Returned
O00426,2025-11-08,C0663,UPI,Delivered
O00427,2024-08-09,C0446,Debit Card,Delivered
O00428,2024-03-01,C0750,UPI,Delivered
O00429,2024-05-08,C0801,COD,Cancelled
O00430,2025-11-15,C0743,Debit Card,Delivered
O00431,2024-06-04,C0488,UPI,Delivered
O00432,2026-07-05,C0530,Credit Card,Delivered
O00433,2025-01-12,C0073,Credit Card,Delivered
O00434,2025-09-13,C0929,Credit Card,Delivered
O00435,2026-02-19,C0928,Net Banking,Cancelled
O00436,2026-07-11,C0701,Credit Card,Delivered
O00437,2026-05-17,C0950,UPI,Delivered
O00438,2026-06-21,C0017,Debit Card,Delivered
O00439,2026-02-28,C0531,UPI,Delivered
O00440,2025-08-08,C0731,Net Banking,Delivered
O00441,2025-03-12,C0326,Debit Card,Delivered
O00442,2024-07-25,C0995,UPI,Delivered
O00443,2025-01-22,C0632,UPI,Delivered
O00444,2025-04-24,C0613,Net Banking,Delivered
O00445,2026-03-01,C0546,Net Banking,Delivered
O00446,2026-06-05,C0596,Credit Card,Delivered
O00447,2026-04-17,C0921,UPI,Returned
O00448,2024-12-05,C0708,Credit Card,Returned
O00449,2026-05-18,C0842,UPI,Delivered
O00450,2024-12-05,C0202,UPI,Delivered
O00451,2024-07-22,C0344,UPI,Delivered
O00452,2024-06-09,C0853,UPI,Delivered
O00453,2025-06-23,C0523,Credit Card,Delivered
O00454,2025-01-26,C0859,COD,Delivered
O00455,2026-02-07,C0400,Debit Card,Delivered
O00456,2025-11-07,C0218,UPI,Cancelled
O00457,2025-07-28,C0445,Credit Card,Delivered
O00458,2025-06-17,C0765,Credit Card,Delivered
O00459,2024-03-10,C0222,UPI,Delivered
O00460,2026-06-11,C0383,COD,Delivered
O00461,2025-02-08,C0881,Credit Card,Delivered
O00462,2025-08-30,C0592,COD,Delivered
O00463,2025-11-05,C0007,Credit Card,Delivered
O00464,2025-08-13,C0272,Debit Card,Delivered
O00465,2025-05-31,C0739,UPI,Delivered
O00466,2026-04-07,C0016,Credit Card,Delivered
O00467,2024-04-29,C0424,UPI,Delivered
O00468,2026-03-24,C0524,Net Banking,Cancelled
O00469,2025-11-20,C0803,Net Banking,Delivered
O00470,2025-11-18,C0753,Net Banking,Delivered
O00471,2026-06-20,C0021,Debit Card,Delivered
O00472,2024-08-04,C0690,Net Banking,Delivered
O00473,2024-02-25,C0939,UPI,Delivered
O00474,2024-12-31,C0228,Credit Card,Cancelled
O00475,2025-11-29,C0785,Debit Card,Delivered
O00476,2025-05-18,C0288,Debit Card,Delivered
O00477,2026-01-13,C0809,Debit Card,Delivered
O00478,2026-02-05,C0134,UPI,Delivered
O00479,2026-07-13,C0984,UPI,Delivered
O00480,2025-03-30,C0283,COD,Delivered
O00481,2024-04-13,C0404,Credit Card,Delivered
O00482,2024-03-17,C0665,UPI,Delivered
O00483,2024-08-17,C0066,Net Banking,Cancelled
O00484,2026-07-02,C0649,COD,Delivered
O00485,2024-09-14,C0604,UPI,Delivered
O00486,2024-09-20,C0437,Net Banking,Delivered
O00487,2024-11-26,C0829,COD,Delivered
O00488,2024-06-30,C0934,COD,Delivered
O00489,2026-06-11,C0259,COD,Delivered
O00490,2026-02-06,C0980,Credit Card,Delivered
O00491,2025-07-03,C0966,Credit Card,Delivered
O00492,2025-11-18,C0103,UPI,Delivered
O00493,2024-01-27,C0993,UPI,Delivered
O00494,2024-10-02,C0567,Credit Card,Delivered
O00495,2025-10-13,C0769,Credit Card,Delivered
O00496,2024-10-25,C0101,UPI,Delivered
O00497,2026-03-09,C0198,Credit Card,Delivered
O00498,2024-03-31,C0813,UPI,Delivered
O00499,2025-04-24,C0226,Net Banking,Delivered
O00500,2025-07-26,C0943,UPI,Cancelled
O00501,2025-04-02,C0463,Credit Card,Delivered
O00502,2025-03-26,C0237,Credit Card,Delivered
O00503,2024-12-30,C0026,UPI,Delivered
O00504,2026-05-08,C0121,COD,Delivered
O00505,2025-11-05,C0910,Credit Card,Delivered
O00506,2024-12-16,C0506,UPI,Delivered
O00507,2025-10-16,C0182,UPI,Delivered
O00508,2025-02-03,C0711,UPI,Delivered
O00509,2024-09-09,C0814,UPI,Delivered
O00510,2026-02-19,C0767,Credit Card,Delivered
O00511,2026-05-30,C0634,Credit Card,Delivered
O00512,2026-03-13,C0543,COD,Delivered
O00513,2025-04-03,C0984,Debit Card,Delivered
O00514,2025-11-29,C0315,UPI,Delivered
O00515,2026-07-05,C0991,UPI,Delivered
O00516,2025-05-13,C0797,Credit Card,Delivered
O00517,2026-07-14,C0618,UPI,Delivered
O00518,2025-05-22,C0736,UPI,Delivered
O00519,2024-10-30,C0273,Net Banking,Delivered
O00520,2025-05-15,C0910,UPI,Delivered
O00521,2026-03-13,C0232,Net Banking,Delivered
O00522,2025-08-20,C0420,UPI,Delivered
O00523,2024-06-14,C0768,COD,Delivered
O00524,2025-02-18,C0442,Debit Card,Delivered
O00525,2025-04-06,C0496,Debit Card,Cancelled
O00526,2026-07-08,C0024,UPI,Delivered
O00527,2024-04-23,C0109,COD,Delivered
O00528,2025-03-08,C0703,Net Banking,Delivered
O00529,2024-12-21,C0502,Debit Card,Delivered
O00530,2026-07-16,C0859,Credit Card,Delivered
O00531,2025-11-25,C0025,Debit Card,Delivered
O00532,2024-07-25,C0187,UPI,Returned
O00533,2026-02-06,C0288,Credit Card,Delivered
O00534,2024-08-22,C0628,Net Banking,Delivered
O00535,2025-03-17,C0338,Credit Card,Delivered
O00536,2024-12-20,C0878,UPI,Delivered
O00537,2025-05-29,C0914,Credit Card,Delivered
O00538,2024-07-26,C0037,Debit Card,Delivered
O00539,2025-12-09,C0794,UPI,Delivered
O00540,2026-05-02,C0137,UPI,Delivered
O00541,2024-05-04,C0508,UPI,Delivered
O00542,2024-05-17,C0227,Net Banking,Delivered
O00543,2024-12-04,C0320,UPI,Delivered
O00544,2025-06-20,C0840,Debit Card,Delivered
O00545,2024-03-08,C0916,Credit Card,Cancelled
O00546,2025-07-26,C0182,Net Banking,Delivered
O00547,2025-06-24,C0874,COD,Delivered
O00548,2025-01-17,C0086,UPI,Cancelled
O00549,2024-01-19,C0467,UPI,Delivered
O00550,2025-11-13,C0926,Net Banking,Delivered
O00551,2025-03-25,C0053,UPI,Delivered
O00552,2024-03-14,C0860,UPI,Delivered
O00553,2025-07-26,C0867,Net Banking,Returned
O00554,2026-07-27,C0235,COD,Delivered
O00555,2025-10-26,C0959,Credit Card,Delivered
O00556,2024-10-02,C0779,UPI,Delivered
O00557,2024-02-17,C0799,Credit Card,Delivered
O00558,2024-07-29,C0433,UPI,Delivered
O00559,2026-05-04,C0496,Net Banking,Delivered
O00560,2026-07-08,C0999,Net Banking,Delivered
O00561,2025-10-12,C0100,COD,Delivered
O00562,2025-09-13,C0990,UPI,Cancelled
O00563,2025-11-25,C0599,Credit Card,Delivered
O00564,2025-06-23,C0403,UPI,Delivered
O00565,2025-12-09,C0396,UPI,Delivered
O00566,2024-07-09,C0527,Net Banking,Delivered
O00567,2024-11-10,C0415,UPI,Delivered
O00568,2026-06-19,C0939,Debit Card,Delivered
O00569,2025-07-16,C0613,Debit Card,Returned
O00570,2025-10-22,C0677,COD,Delivered
O00571,2026-02-18,C0463,Net Banking,Delivered
O00572,2025-07-15,C0541,Net Banking,Delivered
O00573,2026-06-18,C0626,Credit Card,Delivered
O00574,2026-01-27,C0619,UPI,Delivered
O00575,2024-04-22,C0922,Credit Card,Delivered
O00576,2024-06-18,C0364,Credit Card,Delivered
O00577,2025-04-12,C0130,Debit Card,Cancelled
O00578,2025-11-08,C0084,Debit Card,Delivered
O00579,2026-07-09,C0271,Credit Card,Delivered
O00580,2024-01-14,C0244,UPI,Delivered
O00581,2025-12-15,C0388,UPI,Delivered
O00582,2024-10-14,C0214,Debit Card,Delivered
O00583,2026-06-25,C0818,Debit Card,Delivered
O00584,2024-07-07,C0166,Debit Card,Delivered
O00585,2026-07-02,C0791,Credit Card,Delivered
O00586,2024-06-03,C0059,UPI,Delivered
O00587,2025-07-20,C0602,Net Banking,Delivered
O00588,2025-11-24,C0883,Net Banking,Delivered
O00589,2025-12-22,C0843,Credit Card,Delivered
O00590,2026-06-06,C0924,Debit Card,Delivered
O00591,2025-04-15,C0504,Credit Card,Delivered
O00592,2024-03-15,C0706,Debit Card,Delivered
O00593,2024-10-03,C0123,Net Banking,Delivered
O00594,2026-07-28,C0648,Debit Card,Delivered
O00595,2025-10-06,C0413,Credit Card,Delivered
O00596,2024-12-08,C0139,Credit Card,Delivered
O00597,2025-02-28,C0229,Debit Card,Delivered
O00598,2025-07-24,C0274,Debit Card,Delivered
O00599,2025-05-25,C0439,Credit Card,Delivered
O00600,2026-05-06,C0562,Debit Card,Delivered
O00601,2024-06-30,C0910,UPI,Delivered
O00602,2025-04-02,C0118,COD,Delivered
O00603,2026-07-06,C0714,Net Banking,Delivered
O00604,2026-04-30,C0995,Credit Card,Delivered
O00605,2026-04-12,C0905,Credit Card,Delivered
O00606,2024-03-04,C0483,UPI,Cancelled
O00607,2026-04-18,C0395,UPI,Delivered
O00608,2024-09-16,C0703,UPI,Delivered
O00609,2024-07-11,C0876,Debit Card,Delivered
O00610,2025-10-16,C0460,COD,Delivered
O00611,2025-09-07,C0835,Credit Card,Delivered
O00612,2025-02-09,C0693,Credit Card,Delivered
O00613,2025-12-26,C0935,Credit Card,Returned
O00614,2026-01-23,C0078,UPI,Delivered
O00615,2026-07-31,C0952,UPI,Delivered
O00616,2025-12-21,C0412,Net Banking,Returned
O00617,2024-04-02,C0075,COD,Cancelled
O00618,2025-03-05,C0295,Credit Card,Delivered
O00619,2025-10-15,C0793,Debit Card,Delivered
O00620,2025-03-09,C0021,COD,Delivered
O00621,2025-02-07,C0906,UPI,Delivered
O00622,2025-03-09,C0171,Net Banking,Delivered
O00623,2024-04-21,C0015,Debit Card,Delivered
O00624,2026-07-17,C0211,Credit Card,Returned
O00625,2025-01-09,C0560,UPI,Delivered
O00626,2024-02-28,C0086,Debit Card,Delivered
O00627,2024-02-12,C0149,Net Banking,Delivered
O00628,2024-07-25,C0700,UPI,Delivered
O00629,2026-02-18,C0372,Credit Card,Delivered
O00630,2024-10-22,C0480,UPI,Delivered
O00631,2024-04-27,C0818,COD,Delivered
O00632,2025-06-15,C0151,Credit Card,Delivered
O00633,2024-08-09,C0141,Net Banking,Delivered
O00634,2024-06-14,C0069,Credit Card,Delivered
O00635,2025-10-04,C0260,UPI,Delivered
O00636,2024-06-04,C0988,UPI,Delivered
O00637,2024-07-02,C0846,UPI,Delivered
O00638,2024-03-30,C0968,UPI,Delivered
O00639,2024-04-03,C0521,Credit Card,Delivered
O00640,2024-01-13,C0633,UPI,Delivered
O00641,2026-04-13,C0371,Credit Card,Delivered
O00642,2026-03-15,C0419,Credit Card,Delivered
O00643,2026-01-11,C0101,Credit Card,Delivered
O00644,2026-04-13,C0661,Debit Card,Delivered
O00645,2026-03-14,C0954,Debit Card,Delivered
O00646,2025-03-13,C0658,COD,Delivered
O00647,2025-06-21,C0865,UPI,Delivered
O00648,2025-08-09,C0968,Credit Card,Delivered
O00649,2026-05-25,C0243,Credit Card,Delivered
O00650,2026-07-24,C0753,Credit Card,Delivered
O00651,2026-03-21,C0512,Debit Card,Delivered
O00652,2024-05-29,C0849,Credit Card,Cancelled
O00653,2025-10-21,C0555,Credit Card,Delivered
O00654,2024-01-08,C0095,Credit Card,Delivered
O00655,2024-01-29,C0226,COD,Delivered
O00656,2024-10-22,C0518,COD,Delivered
O00657,2026-07-14,C0214,UPI,Delivered
O00658,2025-12-21,C0718,UPI,Delivered
O00659,2025-10-01,C0067,Net Banking,Delivered
O00660,2024-12-05,C0396,COD,Delivered
O00661,2025-09-19,C0612,UPI,Delivered
O00662,2025-03-14,C0012,Credit Card,Delivered
O00663,2024-05-23,C0237,COD,Delivered
O00664,2026-07-30,C0834,Debit Card,Delivered
O00665,2026-04-09,C0770,UPI,Delivered
O00666,2026-01-16,C0399,Credit Card,Delivered
O00667,2025-06-02,C0407,COD,Delivered
O00668,2024-02-14,C0925,Net Banking,Cancelled
O00669,2024-08-26,C0849,Debit Card,Delivered
O00670,2024-06-03,C0480,Debit Card,Delivered
O00671,2024-06-29,C0647,UPI,Cancelled
O00672,2024-08-02,C0222,Net Banking,Delivered
O00673,2024-03-28,C0156,UPI,Delivered
O00674,2024-09-12,C0654,COD,Delivered
O00675,2025-05-25,C0428,Credit Card,Delivered
O00676,2024-03-13,C0158,COD,Delivered
O00677,2026-07-19,C0977,UPI,Delivered
O00678,2024-06-27,C0416,Credit Card,Delivered
O00679,2024-07-30,C0326,UPI,Delivered
O00680,2026-03-15,C0371,Debit Card,Delivered
O00681,2024-08-21,C0344,Net Banking,Delivered
O00682,2025-04-09,C0262,Debit Card,Delivered
O00683,2026-01-20,C0283,Credit Card,Delivered
O00684,2024-08-10,C0850,UPI,Delivered
O00685,2025-09-22,C0856,COD,Delivered
O00686,2026-04-04,C0229,Debit Card,Delivered
O00687,2024-09-20,C0888,Debit Card,Delivered
O00688,2024-07-25,C0280,Net Banking,Delivered
O00689,2025-08-29,C0870,Debit Card,Returned
O00690,2026-06-03,C0290,Credit Card,Delivered
O00691,2026-01-03,C0680,Debit Card,Delivered
O00692,2024-12-31,C0047,Debit Card,Delivered
O00693,2024-10-02,C0975,COD,Delivered
O00694,2025-01-14,C0715,Net Banking,Delivered
O00695,2026-01-12,C0214,UPI,Delivered
O00696,2024-11-04,C0758,Credit Card,Delivered
O00697,2025-09-22,C0024,UPI,Delivered
O00698,2024-09-24,C0321,UPI,Delivered
O00699,2026-02-23,C0274,Debit Card,Delivered
O00700,2024-03-04,C0556,COD,Delivered
O00701,2026-03-20,C0844,UPI,Delivered
O00702,2024-12-15,C0313,Credit Card,Delivered
O00703,2026-07-13,C0363,COD,Delivered
O00704,2026-07-03,C0668,Net Banking,Returned
O00705,2025-05-08,C1000,Credit Card,Delivered
O00706,2025-06-06,C0380,Net Banking,Delivered
O00707,2024-04-07,C0711,Credit Card,Delivered
O00708,2024-03-11,C0919,UPI,Delivered
O00709,2024-12-29,C0981,UPI,Delivered
O00710,2025-07-23,C0674,UPI,Delivered
O00711,2026-03-12,C0907,Credit Card,Delivered
O00712,2026-02-01,C0470,COD,Delivered
O00713,2024-10-02,C0746,Net Banking,Delivered
O00714,2024-02-19,C0675,Credit Card,Delivered
O00715,2024-12-23,C0116,Credit Card,Delivered
O00716,2025-12-28,C0605,UPI,Delivered
O00717,2026-06-24,C0042,Debit Card,Delivered
O00718,2026-07-16,C0796,Net Banking,Delivered
O00719,2025-07-17,C0379,UPI,Delivered
O00720,2026-02-21,C0722,UPI,Cancelled
O00721,2025-04-29,C0206,Debit Card,Delivered
O00722,2024-03-24,C0466,Credit Card,Delivered
O00723,2026-06-17,C0732,Credit Card,Delivered
O00724,2026-03-15,C0280,Debit Card,Delivered
O00725,2025-09-29,C0648,Credit Card,Delivered
O00726,2026-03-18,C0618,UPI,Delivered
O00727,2025-08-06,C0118,Credit Card,Delivered
O00728,2024-10-22,C0237,Credit Card,Delivered
O00729,2024-08-23,C0309,COD,Delivered
O00730,2024-02-25,C0456,COD,Delivered
O00731,2026-07-07,C0900,COD,Returned
O00732,2024-12-25,C0475,Debit Card,Delivered
O00733,2026-06-25,C0100,Credit Card,Delivered
O00734,2024-04-19,C0261,Debit Card,Delivered
O00735,2024-07-10,C0993,COD,Delivered
O00736,2026-06-22,C0305,UPI,Delivered
O00737,2024-04-02,C0354,Credit Card,Delivered
O00738,2026-05-11,C0286,Debit Card,Delivered
O00739,2025-07-21,C0328,Debit Card,Delivered
O00740,2024-02-29,C0103,UPI,Delivered
O00741,2025-10-11,C0063,Credit Card,Delivered
O00742,2024-02-08,C0687,Net Banking,Delivered
O00743,2025-06-23,C0282,Credit Card,Delivered
O00744,2024-02-18,C0441,Net Banking,Delivered
O00745,2025-02-23,C0293,Credit Card,Delivered
O00746,2025-09-28,C0738,COD,Cancelled
O00747,2024-01-13,C0007,Credit Card,Delivered
O00748,2024-02-05,C0639,Credit Card,Delivered
O00749,2024-04-10,C0936,UPI,Delivered
O00750,2026-03-04,C0092,UPI,Delivered
O00751,2024-03-26,C0935,Debit Card,Delivered
O00752,2025-05-30,C0190,Credit Card,Delivered
O00753,2024-08-10,C0871,Credit Card,Delivered
O00754,2024-12-03,C0476,UPI,Returned
O00755,2024-06-14,C0511,Net Banking,Delivered
O00756,2025-01-17,C0462,Net Banking,Cancelled
O00757,2026-05-05,C0053,UPI,Delivered
O00758,2026-06-13,C0754,Debit Card,Delivered
O00759,2025-01-10,C0486,Net Banking,Delivered
O00760,2025-04-15,C0644,Debit Card,Delivered
O00761,2026-02-28,C0490,UPI,Delivered
O00762,2025-10-03,C0978,Debit Card,Delivered
O00763,2024-01-31,C0364,UPI,Delivered
O00764,2025-01-09,C0112,UPI,Delivered
O00765,2024-01-11,C0409,UPI,Delivered
O00766,2024-10-28,C0007,Credit Card,Delivered
O00767,2024-04-05,C0742,UPI,Delivered
O00768,2024-07-08,C0668,COD,Delivered
O00769,2025-03-28,C0197,UPI,Delivered
O00770,2024-07-10,C0835,UPI,Cancelled
O00771,2025-04-30,C0876,Credit Card,Delivered
O00772,2024-09-22,C0735,UPI,Cancelled
O00773,2025-02-27,C0367,Credit Card,Delivered
O00774,2024-05-07,C0250,UPI,Delivered
O00775,2024-08-25,C0916,UPI,Delivered
O00776,2026-07-08,C0595,UPI,Delivered
O00777,2024-12-20,C0240,Credit Card,Delivered
O00778,2026-07-28,C0380,UPI,Cancelled
O00779,2024-04-21,C0907,Net Banking,Delivered
O00780,2026-04-07,C0872,Debit Card,Returned
O00781,2025-03-21,C0835,Debit Card,Delivered
O00782,2024-12-08,C0471,Credit Card,Delivered
O00783,2024-05-24,C0775,Credit Card,Delivered
O00784,2024-03-05,C0919,COD,Delivered
O00785,2024-09-03,C0701,UPI,Delivered
O00786,2026-01-04,C0455,UPI,Returned
O00787,2025-05-04,C0366,UPI,Delivered
O00788,2026-04-04,C0290,UPI,Returned
O00789,2025-03-14,C0874,UPI,Delivered
O00790,2024-04-15,C0403,Debit Card,Delivered
O00791,2024-06-29,C0058,Credit Card,Delivered
O00792,2024-07-02,C0521,COD,Delivered
O00793,2024-08-13,C0304,UPI,Delivered
O00794,2026-02-15,C0115,UPI,Cancelled
O00795,2026-02-28,C0210,COD,Delivered
O00796,2026-06-27,C0041,Net Banking,Delivered
O00797,2024-03-29,C0816,Credit Card,Delivered
O00798,2025-11-18,C0173,Credit Card,Delivered
O00799,2025-06-13,C0234,Net Banking,Delivered
O00800,2025-01-05,C0793,Credit Card,Delivered
O00801,2026-07-24,C0884,UPI,Delivered
O00802,2026-07-01,C0590,Net Banking,Delivered
O00803,2025-02-02,C0620,Credit Card,Delivered
O00804,2024-04-15,C0793,UPI,Delivered
O00805,2024-09-27,C0403,Credit Card,Delivered
O00806,2026-04-10,C0039,Credit Card,Delivered
O00807,2025-05-17,C0119,COD,Delivered
O00808,2025-11-09,C0335,UPI,Delivered
O00809,2025-06-08,C0336,COD,Returned
O00810,2026-04-28,C0539,Credit Card,Delivered
O00811,2024-02-01,C0616,Credit Card,Delivered
O00812,2025-01-27,C0074,UPI,Delivered
O00813,2024-02-09,C0191,Debit Card,Delivered
O00814,2025-10-21,C0324,COD,Delivered
O00815,2024-08-05,C0147,Credit Card,Delivered
O00816,2025-12-31,C0767,UPI,Delivered
O00817,2024-03-22,C0284,Credit Card,Returned
O00818,2026-04-24,C0213,Net Banking,Delivered
O00819,2025-12-20,C0635,UPI,Cancelled
O00820,2024-07-19,C0718,Debit Card,Cancelled
O00821,2025-03-22,C0929,Credit Card,Delivered
O00822,2026-04-23,C0752,UPI,Delivered
O00823,2025-03-03,C0394,Credit Card,Delivered
O00824,2024-02-07,C0339,UPI,Delivered
O00825,2024-07-29,C0798,Net Banking,Delivered
O00826,2025-03-19,C0022,Debit Card,Delivered
O00827,2024-11-22,C0771,Credit Card,Delivered
O00828,2026-01-30,C0869,Credit Card,Delivered
O00829,2024-08-14,C0105,UPI,Returned
O00830,2024-02-17,C0466,Net Banking,Delivered
O00831,2024-01-18,C0459,Credit Card,Delivered
O00832,2026-06-30,C0432,Credit Card,Delivered
O00833,2025-03-14,C0770,Credit Card,Delivered
O00834,2026-03-17,C0716,Credit Card,Delivered
O00835,2025-12-08,C0822,UPI,Delivered
O00836,2024-07-05,C0774,UPI,Delivered
O00837,2024-12-10,C0619,UPI,Delivered
O00838,2024-08-11,C0763,Net Banking,Delivered
O00839,2026-04-09,C0936,UPI,Delivered
O00840,2025-05-02,C0221,UPI,Delivered
O00841,2026-06-27,C0379,Net Banking,Delivered
O00842,2026-05-26,C0222,UPI,Delivered
O00843,2026-04-28,C0258,Debit Card,Delivered
O00844,2024-08-16,C0713,UPI,Delivered
O00845,2025-01-24,C0367,UPI,Cancelled
O00846,2025-08-11,C0770,Credit Card,Delivered
O00847,2024-07-06,C0349,UPI,Delivered
O00848,2026-05-07,C0225,Net Banking,Cancelled
O00849,2024-09-26,C0714,Credit Card,Cancelled
O00850,2025-08-29,C0738,UPI,Delivered
O00851,2024-11-05,C0236,UPI,Delivered
O00852,2024-05-11,C0183,Credit Card,Delivered
O00853,2025-07-04,C0712,UPI,Delivered
O00854,2024-03-12,C0869,UPI,Delivered
O00855,2026-03-03,C0758,Credit Card,Delivered
O00856,2026-04-24,C0444,Net Banking,Delivered
O00857,2025-11-02,C0865,Credit Card,Cancelled
O00858,2024-07-05,C0623,Debit Card,Delivered
O00859,2025-04-30,C0006,COD,Delivered
O00860,2024-07-09,C0236,UPI,Returned
O00861,2025-02-25,C0127,Net Banking,Delivered
O00862,2024-04-29,C0104,Net Banking,Delivered
O00863,2024-08-07,C0749,Credit Card,Delivered
O00864,2024-02-22,C0915,COD,Delivered
O00865,2026-01-03,C0480,UPI,Delivered
O00866,2025-03-26,C0155,UPI,Delivered
O00867,2025-02-15,C0257,Net Banking,Delivered
O00868,2025-10-04,C0235,Credit Card,Cancelled
O00869,2024-08-24,C0500,UPI,Delivered
O00870,2026-01-27,C0289,UPI,Delivered
O00871,2026-01-07,C0510,Net Banking,Delivered
O00872,2025-12-20,C0552,Net Banking,Delivered
O00873,2025-02-09,C0800,Credit Card,Delivered
O00874,2025-08-30,C0709,COD,Delivered
O00875,2025-02-25,C0785,UPI,Delivered
O00876,2025-12-12,C0894,UPI,Delivered
O00877,2024-09-03,C0776,Debit Card,Delivered
O00878,2024-03-12,C0569,Net Banking,Delivered
O00879,2026-04-09,C0298,UPI,Delivered
O00880,2024-07-03,C0610,UPI,Delivered
O00881,2024-01-06,C0137,Net Banking,Delivered
O00882,2024-07-24,C0376,COD,Delivered
O00883,2025-06-27,C0087,Debit Card,Delivered
O00884,2025-09-02,C0419,UPI,Delivered
O00885,2026-06-24,C0754,COD,Delivered
O00886,2025-01-21,C0199,COD,Delivered
O00887,2026-02-06,C0463,Credit Card,Cancelled
O00888,2025-11-29,C0437,Net Banking,Delivered
O00889,2024-03-16,C0310,Net Banking,Delivered
O00890,2024-06-25,C0596,COD,Delivered
O00891,2026-04-06,C0754,Net Banking,Delivered
O00892,2026-03-09,C0281,Debit Card,Delivered
O00893,2024-12-14,C0323,Debit Card,Delivered
O00894,2024-09-11,C0764,Credit Card,Returned
O00895,2026-04-16,C0702,Debit Card,Delivered
O00896,2025-12-02,C0951,Net Banking,Delivered
O00897,2024-11-03,C0942,COD,Delivered
O00898,2024-12-10,C0152,Credit Card,Delivered
O00899,2024-05-06,C0994,Credit Card,Delivered
O00900,2026-07-25,C0302,Credit Card,Delivered
O00901,2024-10-13,C0278,Debit Card,Delivered
O00902,2026-02-04,C0651,Debit Card,Delivered
O00903,2025-12-25,C0688,UPI,Delivered
O00904,2026-01-31,C0008,Credit Card,Delivered
O00905,2025-08-18,C0807,UPI,Delivered
O00906,2025-05-01,C0235,UPI,Delivered
O00907,2025-01-17,C0675,Net Banking,Delivered
O00908,2025-02-09,C0561,UPI,Delivered
O00909,2025-01-22,C0302,UPI,Delivered
O00910,2025-06-08,C0038,UPI,Delivered
O00911,2025-07-10,C0136,UPI,Delivered
O00912,2025-09-30,C0822,Net Banking,Cancelled
O00913,2026-07-26,C0421,Credit Card,Delivered
O00914,2025-09-17,C0219,COD,Delivered
O00915,2024-10-02,C0348,Credit Card,Cancelled
O00916,2025-05-14,C0808,UPI,Delivered
O00917,2025-12-17,C0546,UPI,Delivered
O00918,2024-12-02,C0864,Debit Card,Delivered
O00919,2026-07-20,C0079,Credit Card,Delivered
O00920,2025-04-25,C0748,COD,Delivered
O00921,2026-06-15,C0895,Debit Card,Delivered
O00922,2026-06-29,C0273,Credit Card,Delivered
O00923,2024-09-29,C0161,Net Banking,Cancelled
O00924,2026-07-08,C0687,COD,Delivered
O00925,2024-02-27,C0878,Credit Card,Delivered
O00926,2024-11-23,C0308,UPI,Delivered
O00927,2025-12-31,C0374,Debit Card,Delivered
O00928,2024-04-18,C0976,Credit Card,Returned
O00929,2024-10-05,C0733,COD,Delivered
O00930,2025-11-16,C0009,Credit Card,Delivered
O00931,2024-11-23,C0801,UPI,Delivered
O00932,2026-02-14,C0444,COD,Delivered
O00933,2024-11-10,C0113,Net Banking,Delivered
O00934,2025-04-18,C0989,UPI,Delivered
O00935,2024-04-20,C0205,COD,Delivered
O00936,2025-11-29,C0405,UPI,Delivered
O00937,2026-02-19,C0698,Credit Card,Delivered
O00938,2026-07-23,C0853,COD,Delivered
O00939,2024-08-16,C0197,Credit Card,Delivered
O00940,2025-05-11,C0778,UPI,Cancelled
O00941,2024-06-04,C0774,Credit Card,Delivered
O00942,2025-04-17,C0760,Debit Card,Delivered
O00943,2025-12-01,C0115,UPI,Delivered
O00944,2024-09-28,C0121,Credit Card,Delivered
O00945,2026-06-05,C0653,Debit Card,Delivered
O00946,2024-01-02,C0065,UPI,Cancelled
O00947,2026-01-27,C0276,Debit Card,Delivered
O00948,2025-12-22,C0825,COD,Returned
O00949,2025-05-25,C0239,Credit Card,Delivered
O00950,2026-07-01,C0302,Credit Card,Delivered
O00951,2024-10-12,C0392,UPI,Delivered
O00952,2026-05-20,C0522,Debit Card,Delivered
O00953,2024-01-13,C0969,COD,Delivered
O00954,2025-08-30,C0369,UPI,Delivered
O00955,2025-05-12,C0233,Credit Card,Delivered
O00956,2026-01-02,C0195,Credit Card,Delivered
O00957,2024-08-25,C0907,Credit Card,Delivered
O00958,2024-04-03,C0012,UPI,Delivered
O00959,2024-12-03,C0906,Net Banking,Delivered
O00960,2026-02-19,C0921,UPI,Delivered
O00961,2024-06-19,C0689,Debit Card,Delivered
O00962,2025-08-28,C0177,Credit Card,Delivered
O00963,2025-10-22,C0217,Credit Card,Delivered
O00964,2025-09-15,C0011,UPI,Delivered
O00965,2025-07-20,C0446,Debit Card,Delivered
O00966,2026-04-28,C0630,UPI,Delivered
O00967,2026-07-24,C0164,UPI,Delivered
O00968,2025-04-11,C0551,Credit Card,Delivered
O00969,2025-09-19,C0053,Debit Card,Delivered
O00970,2024-05-22,C0218,UPI,Cancelled
O00971,2024-07-19,C0718,UPI,Delivered
O00972,2024-06-28,C0999,Net Banking,Delivered
O00973,2025-12-14,C0824,Net Banking,Delivered
O00974,2024-12-29,C0360,UPI,Delivered
O00975,2025-04-23,C0385,Debit Card,Delivered
O00976,2025-07-18,C0056,Credit Card,Returned
O00977,2025-04-15,C0118,Debit Card,Cancelled
O00978,2025-01-18,C0900,COD,Delivered
O00979,2025-11-22,C0253,UPI,Delivered
O00980,2026-07-14,C0798,Net Banking,Delivered
O00981,2025-02-20,C0780,Credit Card,Delivered
O00982,2026-04-04,C0803,Credit Card,Delivered
O00983,2024-11-03,C0845,Debit Card,Delivered
O00984,2025-10-10,C0180,COD,Delivered
O00985,2025-11-24,C0415,UPI,Delivered
O00986,2025-01-01,C0870,UPI,Delivered
O00987,2024-01-01,C0235,UPI,Delivered
O00988,2024-02-13,C0855,COD,Delivered
O00989,2026-01-08,C0708,Debit Card,Delivered
O00990,2026-04-22,C0820,Debit Card,Delivered
O00991,2024-04-07,C0080,UPI,Delivered
O00992,2025-12-20,C0647,COD,Cancelled
O00993,2024-09-21,C0022,Net Banking,Cancelled
O00994,2026-03-10,C0477,Debit Card,Delivered
O00995,2026-02-21,C0843,UPI,Delivered
O00996,2024-05-19,C0440,UPI,Delivered
O00997,2025-04-25,C0737,Credit Card,Delivered
O00998,2024-08-24,C0570,Debit Card,Delivered
O00999,2026-06-22,C0093,UPI,Delivered
O01000,2024-03-12,C0192,Debit Card,Delivered
O01001,2025-10-28,C0103,UPI,Delivered
O01002,2024-07-08,C0396,Net Banking,Delivered
O01003,2024-09-24,C0007,Credit Card,Delivered
O01004,2024-11-16,C0640,UPI,Returned
O01005,2024-04-16,C0567,Credit Card,Delivered
O01006,2024-08-19,C0231,Credit Card,Delivered
O01007,2024-02-11,C0874,UPI,Delivered
O01008,2025-12-02,C0574,Net Banking,Cancelled
O01009,2026-06-01,C0240,UPI,Delivered
O01010,2024-05-18,C0090,UPI,Delivered
O01011,2025-09-06,C0232,UPI,Delivered
O01012,2025-11-13,C0457,UPI,Delivered
O01013,2026-05-12,C0233,UPI,Delivered
O01014,2024-09-29,C0354,UPI,Delivered
O01015,2025-04-25,C0333,Credit Card,Delivered
O01016,2025-02-19,C0439,UPI,Delivered
O01017,2025-05-20,C0375,Debit Card,Delivered
O01018,2026-01-02,C0292,UPI,Delivered
O01019,2025-12-25,C0345,UPI,Delivered
O01020,2026-05-02,C0664,UPI,Delivered
O01021,2025-02-27,C0428,COD,Delivered
O01022,2025-02-10,C0657,Debit Card,Delivered
O01023,2025-07-21,C0130,Net Banking,Delivered
O01024,2025-01-24,C0141,UPI,Delivered
O01025,2024-12-07,C0415,Net Banking,Delivered
O01026,2025-09-05,C0093,UPI,Delivered
O01027,2026-07-21,C0626,UPI,Delivered
O01028,2025-05-07,C0284,Debit Card,Delivered
O01029,2024-07-10,C0956,Credit Card,Delivered
O01030,2025-05-13,C0923,COD,Delivered
O01031,2026-04-01,C0655,UPI,Delivered
O01032,2025-12-12,C0223,COD,Delivered
O01033,2024-08-20,C0744,Debit Card,Delivered
O01034,2024-08-14,C0463,Credit Card,Delivered
O01035,2025-01-05,C0545,UPI,Delivered
O01036,2024-05-18,C0276,UPI,Delivered
O01037,2026-05-05,C0682,COD,Delivered
O01038,2026-03-27,C0140,Credit Card,Delivered
O01039,2024-05-28,C0357,Debit Card,Delivered
O01040,2024-04-24,C0713,COD,Delivered
O01041,2025-03-25,C0023,UPI,Delivered
O01042,2024-03-03,C0968,Credit Card,Delivered
O01043,2024-04-13,C0736,Debit Card,Delivered
O01044,2026-04-30,C0880,UPI,Delivered
O01045,2026-05-20,C0270,UPI,Delivered
O01046,2025-10-29,C0859,Credit Card,Delivered
O01047,2024-09-29,C0665,Credit Card,Cancelled
O01048,2024-01-06,C0333,Debit Card,Delivered
O01049,2024-05-26,C0085,UPI,Delivered
O01050,2024-07-02,C0621,COD,Delivered
O01051,2024-01-28,C0031,UPI,Delivered
O01052,2025-07-03,C0741,Debit Card,Returned
O01053,2024-04-28,C0240,Credit Card,Delivered
O01054,2024-10-19,C0890,UPI,Returned
O01055,2025-01-05,C0363,UPI,Delivered
O01056,2024-08-31,C0822,Net Banking,Delivered
O01057,2025-08-02,C0389,COD,Delivered
O01058,2025-12-26,C0653,UPI,Delivered
O01059,2024-08-05,C0668,Credit Card,Delivered
O01060,2024-06-25,C0299,Credit Card,Delivered
O01061,2024-10-25,C0857,UPI,Delivered
O01062,2025-11-06,C0371,Debit Card,Delivered
O01063,2024-02-27,C0099,Net Banking,Delivered
O01064,2024-09-25,C0047,UPI,Delivered
O01065,2024-11-03,C0999,COD,Delivered
O01066,2025-07-23,C0839,UPI,Returned
O01067,2024-10-14,C0422,Debit Card,Delivered
O01068,2024-04-14,C0480,Credit Card,Delivered
O01069,2024-08-15,C0579,Credit Card,Delivered
O01070,2024-09-03,C0062,Credit Card,Returned
O01071,2025-11-30,C0109,UPI,Delivered
O01072,2025-05-08,C0679,Debit Card,Delivered
O01073,2024-03-23,C0549,Debit Card,Delivered
O01074,2024-07-04,C0119,UPI,Cancelled
O01075,2024-09-08,C0598,Net Banking,Delivered
O01076,2024-12-20,C0382,UPI,Delivered
O01077,2026-01-19,C0392,Debit Card,Delivered
O01078,2026-05-21,C0977,UPI,Delivered
O01079,2025-11-26,C0052,UPI,Delivered
O01080,2026-03-06,C0603,UPI,Delivered
O01081,2026-06-15,C0289,Credit Card,Delivered
O01082,2026-07-26,C0337,Debit Card,Delivered
O01083,2024-07-28,C0810,Credit Card,Delivered
O01084,2026-03-26,C0204,UPI,Delivered
O01085,2026-03-18,C0880,Credit Card,Delivered
O01086,2025-08-31,C0238,Debit Card,Cancelled
O01087,2025-03-22,C0382,Debit Card,Delivered
O01088,2025-04-04,C0667,UPI,Delivered
O01089,2025-04-16,C0752,UPI,Delivered
O01090,2025-12-20,C0136,Net Banking,Delivered
O01091,2025-01-04,C0407,UPI,Returned
O01092,2026-06-18,C0508,UPI,Cancelled
O01093,2026-07-22,C0362,UPI,Delivered
O01094,2025-05-06,C0381,Credit Card,Delivered
O01095,2026-07-11,C0881,Credit Card,Delivered
O01096,2024-05-16,C0576,Debit Card,Delivered
O01097,2025-01-01,C0635,UPI,Delivered
O01098,2026-06-30,C0254,Debit Card,Delivered
O01099,2024-07-02,C0477,UPI,Delivered
O01100,2025-08-10,C0114,Net Banking,Delivered
O01101,2024-10-13,C0020,Credit Card,Delivered
O01102,2025-04-16,C0528,Credit Card,Delivered
O01103,2025-01-09,C0145,UPI,Cancelled
O01104,2025-10-15,C0208,UPI,Delivered
O01105,2026-01-18,C0531,Credit Card,Delivered
O01106,2025-06-20,C0376,Debit Card,Delivered
O01107,2025-05-25,C0504,UPI,Delivered
O01108,2026-03-12,C0904,COD,Delivered
O01109,2025-08-01,C0166,COD,Delivered
O01110,2024-09-06,C0550,Credit Card,Delivered
O01111,2026-07-08,C0181,COD,Delivered
O01112,2025-05-24,C0861,UPI,Cancelled
O01113,2025-09-21,C0617,UPI,Returned
O01114,2024-03-13,C0612,UPI,Delivered
O01115,2024-10-08,C0602,Credit Card,Returned
O01116,2026-07-04,C0927,UPI,Delivered
O01117,2024-12-25,C0812,COD,Delivered
O01118,2024-01-10,C0444,UPI,Delivered
O01119,2024-07-29,C0332,UPI,Delivered
O01120,2026-04-14,C0503,Net Banking,Delivered
O01121,2024-05-31,C0913,UPI,Delivered
O01122,2024-01-05,C0079,UPI,Delivered
O01123,2024-07-13,C0585,Debit Card,Delivered
O01124,2024-10-09,C0935,UPI,Cancelled
O01125,2025-04-08,C0938,UPI,Cancelled
O01126,2024-04-22,C0688,UPI,Delivered
O01127,2024-09-27,C0396,Credit Card,Delivered
O01128,2024-06-11,C0608,COD,Delivered
O01129,2025-04-04,C0857,Net Banking,Delivered
O01130,2024-04-14,C0103,UPI,Delivered
O01131,2025-11-23,C0402,Credit Card,Delivered
O01132,2025-07-09,C0975,Credit Card,Delivered
O01133,2024-10-08,C0224,COD,Delivered
O01134,2025-11-17,C0518,UPI,Delivered
O01135,2024-06-10,C0634,Credit Card,Delivered
O01136,2024-12-16,C0236,Debit Card,Delivered
O01137,2025-03-09,C0427,COD,Delivered
O01138,2026-05-01,C0116,UPI,Delivered
O01139,2024-05-19,C0163,UPI,Delivered
O01140,2025-04-15,C0226,UPI,Delivered
O01141,2024-05-11,C0230,UPI,Delivered
O01142,2024-03-27,C0182,Debit Card,Delivered
O01143,2025-11-18,C0249,Debit Card,Delivered
O01144,2024-07-01,C0318,Debit Card,Delivered
O01145,2025-01-02,C0965,UPI,Delivered
O01146,2024-05-08,C0210,UPI,Cancelled
O01147,2024-09-02,C0656,UPI,Delivered
O01148,2025-08-23,C0392,UPI,Delivered
O01149,2025-07-31,C0857,Net Banking,Delivered
O01150,2025-10-31,C0096,UPI,Delivered
O01151,2026-06-17,C0894,UPI,Delivered
O01152,2025-01-12,C0858,Credit Card,Delivered
O01153,2024-05-28,C0756,Credit Card,Delivered
O01154,2026-05-01,C0086,Credit Card,Delivered
O01155,2025-03-08,C0415,Net Banking,Delivered
O01156,2025-09-19,C0394,UPI,Delivered
O01157,2025-12-26,C0696,Debit Card,Cancelled
O01158,2025-04-13,C0633,UPI,Returned
O01159,2025-03-21,C0844,UPI,Delivered
O01160,2025-04-25,C0501,COD,Returned
O01161,2026-06-02,C0604,UPI,Delivered
O01162,2024-10-20,C0582,Debit Card,Delivered
O01163,2026-02-03,C0916,UPI,Delivered
O01164,2024-05-22,C0133,Credit Card,Delivered
O01165,2024-09-06,C0791,Net Banking,Delivered
O01166,2026-05-27,C0649,COD,Delivered
O01167,2024-10-28,C0314,Net Banking,Delivered
O01168,2024-01-25,C0699,Credit Card,Delivered
O01169,2026-02-27,C0221,UPI,Delivered
O01170,2026-06-07,C0976,Debit Card,Delivered
O01171,2026-06-08,C0438,Debit Card,Delivered
O01172,2026-06-19,C0046,UPI,Delivered
O01173,2024-03-10,C0790,Credit Card,Delivered
O01174,2025-09-16,C0192,Net Banking,Delivered
O01175,2026-05-24,C0520,Credit Card,Delivered
O01176,2024-04-21,C0379,UPI,Delivered
O01177,2024-12-29,C0788,COD,Delivered
O01178,2024-10-29,C0691,UPI,Cancelled
O01179,2025-04-15,C0334,UPI,Delivered
O01180,2024-03-31,C0039,Debit Card,Delivered
O01181,2025-06-13,C0293,Credit Card,Delivered
O01182,2025-10-22,C0690,Debit Card,Delivered
O01183,2026-01-08,C0162,UPI,Delivered
O01184,2025-12-26,C0331,UPI,Delivered
O01185,2026-05-21,C0886,UPI,Delivered
O01186,2025-10-24,C0104,COD,Delivered
O01187,2024-07-10,C0161,Credit Card,Delivered
O01188,2025-07-05,C0799,UPI,Delivered
O01189,2024-08-29,C0635,UPI,Delivered
O01190,2024-05-17,C0054,UPI,Returned
O01191,2024-12-10,C0940,Credit Card,Delivered
O01192,2024-06-28,C0034,UPI,Delivered
O01193,2025-12-12,C0242,Credit Card,Delivered
O01194,2025-05-17,C0967,Credit Card,Delivered
O01195,2024-07-21,C0890,Net Banking,Delivered
O01196,2025-07-26,C0113,Debit Card,Delivered
O01197,2024-07-10,C0318,Credit Card,Delivered
O01198,2024-01-05,C0023,UPI,Cancelled
O01199,2026-06-08,C0558,Debit Card,Delivered
O01200,2024-08-24,C0824,Debit Card,Delivered
O01201,2025-11-23,C0647,UPI,Delivered
O01202,2024-11-06,C0118,COD,Delivered
O01203,2025-07-02,C0985,UPI,Delivered
O01204,2024-02-25,C0701,UPI,Delivered
O01205,2025-03-18,C0643,UPI,Delivered
O01206,2024-08-24,C0934,COD,Delivered
O01207,2026-05-19,C0212,Credit Card,Delivered
O01208,2026-05-10,C0418,Net Banking,Delivered
O01209,2024-07-15,C0113,UPI,Delivered
O01210,2025-08-07,C0044,Credit Card,Delivered
O01211,2025-07-24,C0128,Credit Card,Delivered
O01212,2026-01-21,C0876,Net Banking,Delivered
O01213,2025-05-28,C0158,UPI,Delivered
O01214,2025-03-24,C0785,UPI,Returned
O01215,2024-12-25,C0827,UPI,Delivered
O01216,2025-11-30,C0394,COD,Delivered
O01217,2026-03-29,C0867,Credit Card,Delivered
O01218,2024-01-30,C0852,Credit Card,Delivered
O01219,2026-02-17,C0512,Credit Card,Delivered
O01220,2024-04-17,C0914,COD,Delivered
O01221,2026-04-23,C0045,COD,Delivered
O01222,2026-07-23,C0108,Debit Card,Delivered
O01223,2025-08-24,C0219,UPI,Returned
O01224,2025-12-17,C0443,UPI,Delivered
O01225,2026-06-09,C0830,COD,Cancelled
O01226,2025-03-20,C0315,Credit Card,Delivered
O01227,2026-06-11,C0177,UPI,Delivered
O01228,2025-03-13,C0228,Credit Card,Delivered
O01229,2026-01-01,C0703,COD,Delivered
O01230,2026-06-08,C0983,Credit Card,Delivered
O01231,2025-08-28,C0672,Credit Card,Delivered
O01232,2025-04-01,C0906,Net Banking,Delivered
O01233,2025-09-06,C0267,Credit Card,Delivered
O01234,2026-01-04,C0870,UPI,Delivered
O01235,2025-11-28,C0838,COD,Delivered
O01236,2025-11-26,C0379,COD,Delivered
O01237,2025-05-09,C0489,Net Banking,Delivered
O01238,2025-11-04,C0702,Debit Card,Delivered
O01239,2024-09-03,C0687,UPI,Delivered
O01240,2025-06-26,C0290,COD,Delivered
O01241,2025-07-17,C0996,UPI,Delivered
O01242,2026-05-06,C0357,Net Banking,Delivered
O01243,2025-08-10,C0657,COD,Delivered
O01244,2026-06-15,C0744,Debit Card,Delivered
O01245,2025-03-14,C0872,Net Banking,Delivered
O01246,2024-10-04,C0950,Net Banking,Delivered
O01247,2025-07-05,C0204,UPI,Delivered
O01248,2025-09-04,C0213,Debit Card,Delivered
O01249,2024-04-20,C0552,UPI,Delivered
O01250,2025-01-19,C0787,Credit Card,Cancelled
O01251,2026-04-12,C0323,UPI,Returned
O01252,2026-01-30,C0594,Credit Card,Delivered
O01253,2024-07-09,C0181,Net Banking,Delivered
O01254,2025-05-04,C0499,COD,Delivered
O01255,2025-11-24,C0320,UPI,Delivered
O01256,2025-03-01,C0083,Credit Card,Delivered
O01257,2025-02-08,C0303,Credit Card,Returned
O01258,2024-11-30,C0262,COD,Delivered
O01259,2024-07-27,C0784,Credit Card,Delivered
O01260,2024-01-22,C0200,Debit Card,Cancelled
O01261,2025-11-08,C0240,COD,Delivered
O01262,2025-09-02,C0914,Credit Card,Delivered
O01263,2024-07-26,C0692,COD,Delivered
O01264,2024-01-08,C0944,COD,Delivered
O01265,2025-12-02,C0683,COD,Delivered
O01266,2025-11-17,C0295,UPI,Delivered
O01267,2026-02-23,C0512,Credit Card,Delivered
O01268,2025-06-12,C0689,COD,Returned
O01269,2025-08-24,C0881,Credit Card,Delivered
O01270,2025-10-14,C0396,Debit Card,Delivered
O01271,2025-10-18,C0749,UPI,Delivered
O01272,2024-06-14,C0138,UPI,Delivered
O01273,2026-04-28,C0839,Credit Card,Delivered
O01274,2025-05-10,C0878,Credit Card,Cancelled
O01275,2025-08-12,C0823,Credit Card,Delivered
O01276,2025-03-04,C0129,Credit Card,Delivered
O01277,2026-02-12,C0049,Credit Card,Delivered
O01278,2024-06-11,C0676,Debit Card,Delivered
O01279,2024-12-31,C0789,Debit Card,Delivered
O01280,2025-06-09,C0293,Credit Card,Delivered
O01281,2024-08-26,C0628,Credit Card,Cancelled
O01282,2024-03-12,C0536,UPI,Delivered
O01283,2025-03-20,C0311,Credit Card,Delivered
O01284,2025-10-16,C0537,Credit Card,Delivered
O01285,2026-04-01,C0903,Credit Card,Delivered
O01286,2025-05-23,C0639,UPI,Delivered
O01287,2026-03-05,C0234,Debit Card,Delivered
O01288,2024-09-25,C0209,UPI,Delivered
O01289,2026-01-22,C0605,COD,Delivered
O01290,2025-02-18,C0094,UPI,Delivered
O01291,2024-09-01,C0327,COD,Cancelled
O01292,2025-11-05,C0225,Credit Card,Delivered
O01293,2024-02-29,C0967,Credit Card,Delivered
O01294,2024-01-06,C0890,UPI,Delivered
O01295,2025-12-09,C0792,UPI,Delivered
O01296,2025-07-23,C0011,UPI,Returned
O01297,2026-03-27,C0329,UPI,Delivered
O01298,2025-02-10,C0012,Debit Card,Delivered
O01299,2024-08-04,C0035,UPI,Delivered
O01300,2026-07-18,C0447,Net Banking,Delivered
O01301,2024-01-26,C0452,UPI,Delivered
O01302,2026-03-25,C0740,COD,Delivered
O01303,2024-01-05,C0220,Credit Card,Delivered
O01304,2025-06-15,C0441,UPI,Delivered
O01305,2025-01-24,C0653,Credit Card,Cancelled
O01306,2025-12-10,C0535,UPI,Delivered
O01307,2025-07-24,C0595,UPI,Delivered
O01308,2025-03-23,C0229,Credit Card,Delivered
O01309,2026-01-23,C0935,Debit Card,Delivered
O01310,2024-05-25,C0344,COD,Delivered
O01311,2025-01-22,C0080,Credit Card,Delivered
O01312,2026-02-23,C0353,COD,Delivered
O01313,2024-09-05,C0396,COD,Delivered
O01314,2025-06-09,C0290,COD,Delivered
O01315,2025-04-06,C0455,Credit Card,Delivered
O01316,2024-01-13,C0843,UPI,Returned
O01317,2026-06-21,C0671,UPI,Delivered
O01318,2025-01-18,C0989,Debit Card,Delivered
O01319,2025-07-09,C0128,Credit Card,Delivered
O01320,2026-06-05,C0702,UPI,Delivered
O01321,2025-02-02,C0909,Credit Card,Returned
O01322,2024-01-19,C0543,UPI,Delivered
O01323,2025-07-28,C0898,Debit Card,Delivered
O01324,2025-05-05,C0359,UPI,Returned
O01325,2026-01-20,C0527,Debit Card,Delivered
O01326,2025-02-22,C0313,Net Banking,Delivered
O01327,2024-12-02,C0075,UPI,Returned
O01328,2025-02-22,C0546,Credit Card,Delivered
O01329,2026-07-03,C0871,Net Banking,Delivered
O01330,2026-07-04,C0196,UPI,Delivered
O01331,2025-09-03,C0843,UPI,Delivered
O01332,2025-11-05,C0029,UPI,Delivered
O01333,2026-07-16,C0706,Credit Card,Delivered
O01334,2024-05-01,C0016,Credit Card,Delivered
O01335,2025-03-07,C0423,UPI,Delivered
O01336,2024-02-13,C0589,Credit Card,Delivered
O01337,2026-05-21,C0805,UPI,Delivered
O01338,2026-07-08,C0593,Net Banking,Returned
O01339,2024-11-12,C0405,UPI,Delivered
O01340,2025-01-15,C0940,Net Banking,Delivered
O01341,2024-05-24,C0636,Credit Card,Delivered
O01342,2024-11-22,C0531,Debit Card,Delivered
O01343,2024-12-28,C0967,Credit Card,Delivered
O01344,2024-02-19,C0614,Debit Card,Delivered
O01345,2024-03-05,C0904,Credit Card,Delivered
O01346,2024-12-20,C0077,Net Banking,Delivered
O01347,2026-03-10,C0229,Credit Card,Delivered
O01348,2024-06-12,C0962,Credit Card,Delivered
O01349,2024-05-20,C0297,Credit Card,Cancelled
O01350,2026-04-05,C0510,Net Banking,Delivered
O01351,2024-05-07,C0715,Debit Card,Delivered
O01352,2025-02-01,C0984,UPI,Cancelled
O01353,2026-07-21,C0966,Debit Card,Cancelled
O01354,2026-05-29,C0573,Debit Card,Returned
O01355,2025-04-07,C0538,COD,Delivered
O01356,2026-01-20,C0583,Net Banking,Delivered
O01357,2026-04-15,C0615,Debit Card,Delivered
O01358,2026-03-18,C0979,UPI,Delivered
O01359,2024-07-05,C0326,Net Banking,Delivered
O01360,2025-12-20,C0363,Credit Card,Delivered
O01361,2026-01-01,C0669,COD,Delivered
O01362,2026-06-30,C0875,UPI,Delivered
O01363,2024-07-08,C0359,UPI,Delivered
O01364,2025-01-22,C0706,UPI,Delivered
O01365,2025-03-04,C0787,Debit Card,Delivered
O01366,2026-05-07,C0324,COD,Delivered
O01367,2024-10-10,C0698,UPI,Delivered
O01368,2026-05-13,C0326,Debit Card,Delivered
O01369,2024-08-24,C0625,Debit Card,Delivered
O01370,2024-07-12,C0825,Debit Card,Delivered
O01371,2024-10-13,C0165,Credit Card,Returned
O01372,2026-02-09,C0573,Net Banking,Delivered
O01373,2026-01-27,C0604,UPI,Delivered
O01374,2024-05-15,C0798,Net Banking,Delivered
O01375,2026-03-02,C0455,UPI,Delivered
O01376,2026-02-21,C0969,Credit Card,Delivered
O01377,2024-06-19,C0153,Net Banking,Delivered
O01378,2024-06-07,C0737,UPI,Cancelled
O01379,2024-07-19,C0127,UPI,Delivered
O01380,2025-05-01,C0193,Debit Card,Delivered
O01381,2025-07-10,C0627,Credit Card,Returned
O01382,2026-02-14,C0774,Credit Card,Delivered
O01383,2025-08-05,C0530,UPI,Delivered
O01384,2025-05-18,C0010,UPI,Delivered
O01385,2026-05-25,C0092,Credit Card,Cancelled
O01386,2025-01-05,C0139,UPI,Returned
O01387,2024-04-12,C0481,COD,Returned
O01388,2024-05-04,C0449,UPI,Delivered
O01389,2024-11-08,C0333,Credit Card,Delivered
O01390,2026-03-08,C0869,UPI,Delivered
O01391,2025-04-02,C0340,UPI,Delivered
O01392,2024-08-17,C0961,Debit Card,Cancelled
O01393,2025-10-19,C0052,Debit Card,Cancelled
O01394,2026-05-31,C0707,UPI,Delivered
O01395,2024-07-15,C0466,UPI,Delivered
O01396,2026-06-03,C0718,UPI,Delivered
O01397,2026-01-02,C0799,Net Banking,Delivered
O01398,2025-02-26,C0475,Credit Card,Delivered
O01399,2025-07-25,C0401,UPI,Delivered
O01400,2025-09-01,C0439,Credit Card,Delivered
O01401,2024-06-19,C0878,Debit Card,Delivered
O01402,2025-01-16,C0605,COD,Delivered
O01403,2024-06-21,C0932,COD,Returned
O01404,2025-10-24,C0997,UPI,Delivered
O01405,2025-03-28,C0922,UPI,Cancelled
O01406,2024-12-15,C0821,UPI,Delivered
O01407,2026-06-20,C0657,Net Banking,Delivered
O01408,2025-09-25,C0598,COD,Delivered
O01409,2025-05-08,C0509,Credit Card,Delivered
O01410,2025-09-11,C0153,UPI,Delivered
O01411,2024-01-04,C0514,Credit Card,Delivered
O01412,2024-04-02,C0503,UPI,Delivered
O01413,2026-07-07,C0854,UPI,Delivered
O01414,2024-01-06,C0901,Credit Card,Delivered
O01415,2024-10-14,C0772,UPI,Delivered
O01416,2025-09-09,C0676,UPI,Delivered
O01417,2024-05-25,C0006,Debit Card,Delivered
O01418,2026-02-21,C0500,UPI,Delivered
O01419,2025-02-27,C0661,UPI,Delivered
O01420,2026-06-08,C0717,UPI,Returned
O01421,2025-08-30,C0118,COD,Delivered
O01422,2025-04-01,C0485,Net Banking,Cancelled
O01423,2026-01-10,C0601,UPI,Delivered
O01424,2024-07-20,C0666,Credit Card,Delivered
O01425,2024-07-30,C0951,UPI,Delivered
O01426,2024-01-06,C0679,Debit Card,Delivered
O01427,2025-09-15,C0468,Debit Card,Delivered
O01428,2025-01-10,C0161,COD,Delivered
O01429,2026-06-09,C0270,Credit Card,Delivered
O01430,2025-03-22,C0056,COD,Delivered
O01431,2026-04-14,C0228,COD,Delivered
O01432,2024-04-15,C0849,COD,Delivered
O01433,2025-10-12,C0149,Credit Card,Delivered
O01434,2026-03-21,C0046,Credit Card,Cancelled
O01435,2025-02-04,C0144,Credit Card,Delivered
O01436,2024-04-05,C0750,UPI,Cancelled
O01437,2025-01-22,C0784,UPI,Delivered
O01438,2025-03-27,C0632,Debit Card,Delivered
O01439,2026-04-28,C0340,Debit Card,Delivered
O01440,2026-03-19,C0413,COD,Delivered
O01441,2026-06-19,C0732,UPI,Delivered
O01442,2025-02-19,C0520,UPI,Delivered
O01443,2025-12-26,C0344,Net Banking,Cancelled
O01444,2025-05-18,C0387,Credit Card,Delivered
O01445,2025-03-29,C0473,UPI,Delivered
O01446,2024-10-17,C0275,COD,Cancelled
O01447,2025-06-17,C0353,Net Banking,Delivered
O01448,2024-07-11,C0066,Credit Card,Delivered
O01449,2024-05-29,C0079,Net Banking,Delivered
O01450,2026-05-29,C0598,Debit Card,Delivered
O01451,2026-01-28,C0636,Net Banking,Delivered
O01452,2026-02-17,C0202,Net Banking,Cancelled
O01453,2026-02-01,C0978,UPI,Delivered
O01454,2025-05-29,C0662,Debit Card,Delivered
O01455,2025-01-27,C0558,UPI,Delivered
O01456,2024-11-11,C0113,UPI,Delivered
O01457,2024-03-16,C0091,COD,Delivered
O01458,2025-08-21,C0141,Credit Card,Delivered
O01459,2024-09-26,C0289,Debit Card,Delivered
O01460,2024-08-12,C0901,Net Banking,Cancelled
O01461,2025-06-13,C0730,COD,Delivered
O01462,2024-04-22,C0589,COD,Delivered
O01463,2024-09-07,C0411,Credit Card,Delivered
O01464,2024-08-20,C0377,UPI,Delivered
O01465,2026-04-20,C0384,UPI,Delivered
O01466,2026-03-01,C0846,Credit Card,Delivered
O01467,2025-12-14,C0152,Credit Card,Delivered
O01468,2024-03-23,C0835,Credit Card,Delivered
O01469,2024-05-04,C0751,Debit Card,Delivered
O01470,2024-06-23,C0627,COD,Delivered
O01471,2024-03-09,C0319,Debit Card,Delivered
O01472,2024-02-16,C0369,Debit Card,Cancelled
O01473,2026-06-02,C0606,UPI,Delivered
O01474,2024-09-12,C0995,UPI,Delivered
O01475,2025-12-27,C0560,UPI,Delivered
O01476,2024-01-30,C0703,Net Banking,Delivered
O01477,2024-10-07,C0462,UPI,Delivered
O01478,2026-07-12,C0012,Debit Card,Delivered
O01479,2024-08-24,C0156,Credit Card,Delivered
O01480,2024-09-04,C0684,UPI,Cancelled
O01481,2025-01-02,C0477,UPI,Delivered
O01482,2025-05-09,C0939,Credit Card,Delivered
O01483,2024-01-25,C0401,Credit Card,Delivered
O01484,2025-08-08,C0808,Net Banking,Delivered
O01485,2025-12-18,C0177,Debit Card,Delivered
O01486,2025-05-04,C0341,Credit Card,Delivered
O01487,2025-05-08,C0057,Net Banking,Delivered
O01488,2024-11-09,C0855,Credit Card,Delivered
O01489,2025-08-28,C0852,COD,Delivered
O01490,2025-01-09,C0448,UPI,Cancelled
O01491,2025-09-30,C0203,Debit Card,Delivered
O01492,2026-07-25,C0697,Credit Card,Delivered
O01493,2024-01-25,C0633,UPI,Delivered
O01494,2024-11-29,C0738,UPI,Delivered
O01495,2024-12-20,C0202,Credit Card,Delivered
O01496,2024-04-25,C0330,UPI,Delivered
O01497,2024-02-17,C0363,UPI,Delivered
O01498,2026-01-07,C0892,COD,Delivered
O01499,2026-02-16,C0454,Net Banking,Delivered
O01500,2024-04-08,C0356,Debit Card,Cancelled
O01501,2025-04-03,C0216,Net Banking,Delivered
O01502,2025-06-06,C0972,COD,Delivered
O01503,2025-08-19,C0555,Credit Card,Delivered
O01504,2025-02-08,C0887,UPI,Delivered
O01505,2024-08-01,C0023,COD,Cancelled
O01506,2025-11-15,C0155,Debit Card,Delivered
O01507,2026-06-21,C0186,Credit Card,Delivered
O01508,2025-05-17,C0249,Credit Card,Delivered
O01509,2025-12-21,C0749,Credit Card,Delivered
O01510,2025-03-23,C0805,COD,Delivered
O01511,2026-06-12,C0134,UPI,Delivered
O01512,2025-07-29,C0321,COD,Delivered
O01513,2024-09-14,C0390,COD,Delivered
O01514,2026-04-23,C0434,Debit Card,Delivered
O01515,2024-04-30,C0022,Credit Card,Delivered
O01516,2026-03-20,C0873,Credit Card,Delivered
O01517,2024-02-23,C0600,UPI,Cancelled
O01518,2024-11-26,C0665,UPI,Delivered
O01519,2026-02-22,C0125,Net Banking,Cancelled
O01520,2024-08-28,C0079,Credit Card,Delivered
O01521,2026-01-24,C0858,UPI,Delivered
O01522,2025-06-13,C0968,UPI,Delivered
O01523,2025-04-27,C0051,COD,Delivered
O01524,2024-07-05,C0728,Credit Card,Delivered
O01525,2026-05-07,C0176,COD,Delivered
O01526,2025-10-17,C0870,UPI,Delivered
O01527,2024-09-18,C0253,Credit Card,Delivered
O01528,2024-12-29,C0966,UPI,Delivered
O01529,2025-05-05,C0246,Credit Card,Delivered
O01530,2025-03-06,C0739,Debit Card,Delivered
O01531,2024-08-26,C0106,UPI,Delivered
O01532,2024-10-30,C0193,Credit Card,Delivered
O01533,2024-10-24,C0316,Debit Card,Delivered
O01534,2024-03-16,C0302,Debit Card,Delivered
O01535,2025-11-30,C0548,Net Banking,Delivered
O01536,2024-11-28,C0954,UPI,Delivered
O01537,2026-06-18,C0716,Credit Card,Delivered
O01538,2026-01-27,C0934,COD,Cancelled
O01539,2025-10-03,C0779,COD,Delivered
O01540,2025-04-18,C0268,COD,Cancelled
O01541,2026-04-06,C0170,Credit Card,Delivered
O01542,2026-07-11,C0551,Net Banking,Cancelled
O01543,2024-10-09,C0455,Debit Card,Delivered
O01544,2025-08-13,C0651,UPI,Delivered
O01545,2024-03-12,C0292,Net Banking,Delivered
O01546,2024-09-19,C0564,Debit Card,Delivered
O01547,2025-12-03,C0799,UPI,Delivered
O01548,2026-05-28,C0801,UPI,Returned
O01549,2026-06-05,C0141,Net Banking,Returned
O01550,2026-07-30,C0146,UPI,Delivered
O01551,2025-07-28,C0425,UPI,Cancelled
O01552,2026-06-10,C0314,Credit Card,Cancelled
O01553,2024-01-12,C0184,UPI,Delivered
O01554,2024-05-20,C0664,COD,Delivered
O01555,2026-02-04,C0713,Credit Card,Delivered
O01556,2025-07-08,C0128,Credit Card,Delivered
O01557,2024-01-17,C0287,COD,Delivered
O01558,2024-03-03,C0823,Credit Card,Delivered
O01559,2024-09-09,C0253,Credit Card,Delivered
O01560,2025-04-09,C0778,Net Banking,Delivered
O01561,2025-01-10,C0700,Credit Card,Delivered
O01562,2026-03-14,C0386,UPI,Delivered
O01563,2025-06-03,C0230,Debit Card,Delivered
O01564,2026-04-16,C0271,Net Banking,Delivered
O01565,2024-03-30,C0771,Net Banking,Delivered
O01566,2025-12-20,C0811,COD,Delivered
O01567,2026-03-14,C0415,Net Banking,Delivered
O01568,2026-03-06,C0198,Net Banking,Delivered
O01569,2025-09-21,C0323,COD,Cancelled
O01570,2026-05-10,C0056,UPI,Delivered
O01571,2024-06-23,C0831,Credit Card,Delivered
O01572,2024-03-16,C0203,Debit Card,Delivered
O01573,2025-09-04,C0783,Credit Card,Delivered
O01574,2026-07-14,C0621,UPI,Delivered
O01575,2025-10-24,C0628,UPI,Delivered
O01576,2025-02-03,C0604,UPI,Delivered
O01577,2026-02-20,C0138,Credit Card,Cancelled
O01578,2024-03-11,C0422,Net Banking,Delivered
O01579,2024-06-28,C0815,COD,Delivered
O01580,2024-05-03,C0057,Net Banking,Delivered
O01581,2025-01-15,C0562,Net Banking,Cancelled
O01582,2024-10-19,C0071,Credit Card,Delivered
O01583,2026-03-07,C0911,Credit Card,Delivered
O01584,2024-07-13,C0914,Credit Card,Delivered
O01585,2026-06-29,C0594,Debit Card,Delivered
O01586,2024-08-15,C0372,UPI,Delivered
O01587,2025-03-06,C0617,Credit Card,Delivered
O01588,2026-07-30,C0600,Debit Card,Delivered
O01589,2025-03-11,C0514,Credit Card,Delivered
O01590,2026-02-25,C0872,COD,Delivered
O01591,2025-04-05,C0084,Debit Card,Delivered
O01592,2025-09-09,C0994,UPI,Delivered
O01593,2024-01-21,C0043,Credit Card,Delivered
O01594,2024-03-04,C0666,Debit Card,Cancelled
O01595,2024-06-13,C0839,UPI,Delivered
O01596,2024-01-27,C0934,UPI,Delivered
O01597,2024-11-06,C0606,Credit Card,Delivered
O01598,2024-10-11,C0810,COD,Delivered
O01599,2025-10-21,C0133,Credit Card,Delivered
O01600,2024-10-07,C0395,COD,Delivered
O01601,2026-04-17,C0065,Net Banking,Returned
O01602,2026-04-10,C0290,UPI,Delivered
O01603,2024-06-12,C0376,Debit Card,Delivered
O01604,2026-06-16,C0769,Credit Card,Delivered
O01605,2026-07-06,C0467,UPI,Delivered
O01606,2024-08-11,C0898,Debit Card,Delivered
O01607,2026-02-22,C0213,Debit Card,Delivered
O01608,2024-05-25,C0148,UPI,Delivered
O01609,2026-05-17,C0573,COD,Cancelled
O01610,2024-01-30,C0471,Net Banking,Delivered
O01611,2024-02-14,C0149,COD,Delivered
O01612,2026-02-25,C0088,UPI,Delivered
O01613,2025-04-15,C0324,COD,Delivered
O01614,2024-02-03,C0895,Credit Card,Delivered
O01615,2025-10-14,C0396,UPI,Returned
O01616,2025-03-02,C0790,Net Banking,Delivered
O01617,2026-04-09,C0404,Debit Card,Delivered
O01618,2026-06-04,C0082,Credit Card,Returned
O01619,2024-08-08,C0641,Credit Card,Delivered
O01620,2026-05-17,C0286,UPI,Delivered
O01621,2025-06-17,C0382,Debit Card,Delivered
O01622,2025-11-22,C0865,Credit Card,Delivered
O01623,2025-01-01,C0792,Credit Card,Delivered
O01624,2026-07-20,C0270,Credit Card,Delivered
O01625,2026-04-20,C0292,COD,Cancelled
O01626,2026-01-12,C0453,Debit Card,Delivered
O01627,2026-07-03,C0715,Debit Card,Delivered
O01628,2025-07-03,C0024,COD,Delivered
O01629,2025-08-04,C0956,Credit Card,Cancelled
O01630,2024-04-25,C0863,UPI,Delivered
O01631,2024-08-26,C0311,UPI,Delivered
O01632,2024-11-30,C0461,Debit Card,Delivered
O01633,2025-03-16,C0208,UPI,Delivered
O01634,2024-05-27,C0792,Credit Card,Delivered
O01635,2024-01-09,C0717,UPI,Delivered
O01636,2024-10-14,C0664,UPI,Cancelled
O01637,2025-01-22,C0438,Credit Card,Delivered
O01638,2024-02-19,C0538,COD,Delivered
O01639,2026-04-29,C0706,Debit Card,Delivered
O01640,2025-05-31,C0336,COD,Delivered
O01641,2026-07-04,C0422,COD,Cancelled
O01642,2026-05-04,C0750,UPI,Delivered
O01643,2025-09-29,C0321,UPI,Delivered
O01644,2025-08-09,C0497,Net Banking,Delivered
O01645,2025-11-07,C0587,COD,Delivered
O01646,2024-10-04,C0947,Credit Card,Returned
O01647,2026-04-15,C0163,COD,Delivered
O01648,2024-10-26,C0811,UPI,Delivered
O01649,2026-03-12,C0541,UPI,Delivered
O01650,2025-08-11,C0165,Debit Card,Delivered
O01651,2026-03-20,C0849,Credit Card,Delivered
O01652,2025-10-10,C0698,UPI,Delivered
O01653,2025-09-09,C0566,Credit Card,Delivered
O01654,2025-08-29,C0295,UPI,Delivered
O01655,2024-05-14,C0042,Debit Card,Delivered
O01656,2025-08-02,C0924,COD,Delivered
O01657,2024-05-26,C0285,COD,Delivered
O01658,2025-05-04,C0939,Debit Card,Delivered
O01659,2025-04-22,C0387,Credit Card,Delivered
O01660,2024-06-07,C0138,Credit Card,Delivered
O01661,2025-01-18,C0187,UPI,Delivered
O01662,2024-06-11,C0910,UPI,Delivered
O01663,2025-03-16,C0716,UPI,Delivered
O01664,2026-05-02,C0431,Net Banking,Delivered
O01665,2024-07-07,C0554,COD,Delivered
O01666,2025-02-18,C0862,Credit Card,Delivered
O01667,2024-12-04,C0416,Debit Card,Delivered
O01668,2025-08-29,C0800,UPI,Delivered
O01669,2024-06-29,C0426,Debit Card,Delivered
O01670,2024-10-14,C0416,Debit Card,Delivered
O01671,2026-04-13,C0026,Credit Card,Delivered
O01672,2024-07-05,C0371,UPI,Delivered
O01673,2026-06-02,C0385,COD,Delivered
O01674,2024-05-17,C0056,Debit Card,Delivered
O01675,2024-05-09,C0253,COD,Delivered
O01676,2024-07-12,C0634,Net Banking,Delivered
O01677,2024-11-11,C0106,COD,Delivered
O01678,2026-02-23,C0130,UPI,Delivered
O01679,2026-05-13,C0849,UPI,Delivered
O01680,2024-05-23,C0670,UPI,Delivered
O01681,2024-01-16,C0376,UPI,Delivered
O01682,2024-10-28,C0743,Credit Card,Delivered
O01683,2025-02-26,C0967,Debit Card,Delivered
O01684,2024-09-01,C0308,Credit Card,Cancelled
O01685,2026-07-15,C0091,UPI,Delivered
O01686,2024-04-16,C0393,COD,Cancelled
O01687,2024-03-28,C0534,UPI,Delivered
O01688,2024-05-08,C0802,UPI,Delivered
O01689,2026-06-25,C0110,Debit Card,Delivered
O01690,2026-06-05,C0561,Net Banking,Cancelled
O01691,2024-12-06,C0641,Credit Card,Delivered
O01692,2024-01-04,C0585,UPI,Delivered
O01693,2024-11-22,C0340,Debit Card,Delivered
O01694,2025-02-13,C0565,UPI,Delivered
O01695,2026-05-28,C0979,UPI,Delivered
O01696,2024-11-01,C0356,Debit Card,Delivered
O01697,2026-06-26,C0892,UPI,Delivered
O01698,2025-08-29,C0168,UPI,Delivered
O01699,2025-12-21,C0557,Credit Card,Delivered
O01700,2024-08-12,C0452,COD,Delivered
O01701,2024-12-13,C0905,COD,Delivered
O01702,2024-11-16,C0105,Credit Card,Cancelled
O01703,2025-07-12,C0150,UPI,Returned
O01704,2024-06-29,C0146,UPI,Delivered
O01705,2025-09-09,C0716,UPI,Delivered
O01706,2025-12-11,C0874,Credit Card,Delivered
O01707,2025-01-20,C0299,Debit Card,Returned
O01708,2025-09-09,C0167,Credit Card,Delivered
O01709,2026-03-02,C0713,Credit Card,Delivered
O01710,2026-02-10,C0646,UPI,Delivered
O01711,2024-04-17,C0723,Credit Card,Delivered
O01712,2025-06-14,C0048,UPI,Delivered
O01713,2025-02-13,C0638,Credit Card,Delivered
O01714,2024-10-22,C0239,Debit Card,Delivered
O01715,2026-03-28,C0007,Debit Card,Delivered
O01716,2024-06-19,C0464,Credit Card,Delivered
O01717,2024-11-26,C0453,Credit Card,Delivered
O01718,2025-05-07,C0784,UPI,Delivered
O01719,2024-07-13,C0897,UPI,Delivered
O01720,2024-01-12,C0371,Debit Card,Delivered
O01721,2024-07-13,C0549,UPI,Cancelled
O01722,2025-05-04,C0487,Debit Card,Delivered
O01723,2026-03-05,C0211,Debit Card,Delivered
O01724,2026-05-30,C0165,COD,Delivered
O01725,2024-06-30,C0125,COD,Delivered
O01726,2026-03-27,C0337,UPI,Delivered
O01727,2025-10-17,C0192,COD,Delivered
O01728,2026-06-16,C0730,Debit Card,Delivered
O01729,2024-11-11,C0214,Debit Card,Delivered
O01730,2025-11-24,C0574,UPI,Delivered
O01731,2024-01-30,C0328,COD,Delivered
O01732,2025-08-18,C0957,UPI,Delivered
O01733,2025-11-08,C0381,Net Banking,Returned
O01734,2026-03-06,C0673,UPI,Delivered
O01735,2026-03-03,C0578,Debit Card,Delivered
O01736,2024-04-05,C0798,Credit Card,Delivered
O01737,2025-01-15,C0239,UPI,Delivered
O01738,2026-02-16,C0532,UPI,Cancelled
O01739,2025-03-19,C0700,Credit Card,Returned
O01740,2024-10-24,C0082,UPI,Delivered
O01741,2026-03-18,C0363,Credit Card,Delivered
O01742,2026-01-06,C0505,Debit Card,Delivered
O01743,2026-04-24,C0202,Net Banking,Delivered
O01744,2024-12-26,C0920,Debit Card,Delivered
O01745,2025-01-08,C0504,UPI,Cancelled
O01746,2025-07-07,C0644,UPI,Delivered
O01747,2024-10-29,C0037,UPI,Delivered
O01748,2025-02-24,C0644,COD,Delivered
O01749,2024-09-02,C0589,COD,Cancelled
O01750,2025-12-20,C0601,Credit Card,Delivered
O01751,2024-08-24,C0973,UPI,Delivered
O01752,2025-06-17,C0402,COD,Delivered
O01753,2024-07-03,C0765,COD,Delivered
O01754,2025-04-12,C0856,COD,Delivered
O01755,2026-01-23,C0706,Net Banking,Delivered
O01756,2024-12-28,C0176,Credit Card,Delivered
O01757,2024-10-09,C0545,UPI,Delivered
O01758,2025-07-06,C0570,Credit Card,Delivered
O01759,2024-12-01,C0467,Credit Card,Delivered
O01760,2024-06-10,C0201,Credit Card,Delivered
O01761,2024-06-08,C0540,Credit Card,Delivered
O01762,2025-04-18,C0547,UPI,Delivered
O01763,2025-08-23,C0999,Credit Card,Delivered
O01764,2024-11-17,C0637,Credit Card,Delivered
O01765,2024-01-12,C0394,UPI,Returned
O01766,2025-02-27,C0833,Credit Card,Delivered
O01767,2024-03-13,C0042,Net Banking,Delivered
O01768,2025-08-10,C0597,Net Banking,Delivered
O01769,2026-05-07,C0393,Credit Card,Delivered
O01770,2024-07-19,C0700,Credit Card,Delivered
O01771,2025-06-05,C0623,UPI,Delivered
O01772,2026-05-13,C0783,Debit Card,Delivered
O01773,2025-05-19,C0995,Credit Card,Delivered
O01774,2026-01-07,C0441,Credit Card,Delivered
O01775,2025-11-18,C0837,COD,Delivered
O01776,2026-02-26,C0617,Credit Card,Delivered
O01777,2024-02-08,C0506,UPI,Returned
O01778,2024-02-29,C0918,UPI,Delivered
O01779,2025-07-31,C0320,Credit Card,Delivered
O01780,2024-11-16,C0553,Credit Card,Delivered
O01781,2025-03-10,C0215,COD,Cancelled
O01782,2025-09-27,C0071,Credit Card,Delivered
O01783,2025-11-06,C0568,Debit Card,Delivered
O01784,2025-02-11,C0919,Credit Card,Delivered
O01785,2026-07-11,C0236,Credit Card,Delivered
O01786,2025-01-20,C0281,Credit Card,Delivered
O01787,2025-11-01,C0987,Credit Card,Delivered
O01788,2025-07-22,C0617,Credit Card,Delivered
O01789,2024-03-18,C0902,UPI,Delivered
O01790,2024-07-12,C0887,COD,Delivered
O01791,2024-10-11,C0162,UPI,Delivered
O01792,2025-06-10,C0191,UPI,Delivered
O01793,2025-06-07,C0009,UPI,Delivered
O01794,2025-09-04,C0060,UPI,Delivered
O01795,2024-06-04,C0893,Credit Card,Delivered
O01796,2024-12-05,C0817,UPI,Delivered
O01797,2024-05-04,C0225,UPI,Delivered
O01798,2026-05-20,C0819,Credit Card,Delivered
O01799,2024-10-06,C0700,Debit Card,Delivered
O01800,2026-07-05,C0582,UPI,Delivered
O01801,2026-06-24,C0805,Credit Card,Delivered
O01802,2025-09-13,C0287,Debit Card,Cancelled
O01803,2026-04-25,C0994,COD,Delivered
O01804,2026-05-18,C0169,Debit Card,Delivered
O01805,2025-10-19,C0062,UPI,Delivered
O01806,2025-12-28,C0349,Debit Card,Delivered
O01807,2026-06-28,C0442,Credit Card,Delivered
O01808,2025-11-04,C0014,UPI,Delivered
O01809,2024-05-07,C0164,COD,Delivered
O01810,2024-11-09,C0420,Credit Card,Delivered
O01811,2024-11-27,C0757,COD,Delivered
O01812,2024-05-29,C0847,Debit Card,Delivered
O01813,2025-03-29,C0520,Debit Card,Returned
O01814,2024-02-05,C0666,Debit Card,Delivered
O01815,2025-11-15,C0548,Credit Card,Delivered
O01816,2025-02-23,C0560,Credit Card,Delivered
O01817,2024-01-22,C0597,COD,Cancelled
O01818,2024-07-24,C0028,Debit Card,Delivered
O01819,2025-09-30,C0708,COD,Delivered
O01820,2026-04-27,C0446,COD,Delivered
O01821,2024-12-21,C0208,COD,Delivered
O01822,2025-03-15,C0470,Debit Card,Delivered
O01823,2025-12-29,C0716,Credit Card,Delivered
O01824,2024-04-05,C0976,UPI,Delivered
O01825,2026-07-17,C0819,Debit Card,Delivered
O01826,2026-07-29,C0104,UPI,Delivered
O01827,2024-06-12,C0742,UPI,Delivered
O01828,2024-05-27,C0426,UPI,Delivered
O01829,2025-06-13,C0101,COD,Returned
O01830,2024-10-20,C0541,COD,Delivered
O01831,2024-07-13,C0639,Debit Card,Returned
O01832,2025-10-24,C0850,Credit Card,Delivered
O01833,2025-04-24,C0522,Debit Card,Cancelled
O01834,2026-05-26,C0106,Debit Card,Delivered
O01835,2024-05-02,C0679,Credit Card,Delivered
O01836,2025-02-03,C0978,Credit Card,Delivered
O01837,2025-11-29,C0769,Credit Card,Delivered
O01838,2025-03-27,C0807,Credit Card,Delivered
O01839,2025-10-22,C0277,Debit Card,Delivered
O01840,2024-04-13,C0065,Credit Card,Returned
O01841,2026-01-24,C0783,COD,Returned
O01842,2025-04-06,C0900,UPI,Returned
O01843,2026-01-12,C0188,UPI,Returned
O01844,2025-12-18,C0317,Credit Card,Delivered
O01845,2025-12-10,C0916,UPI,Returned
O01846,2025-01-30,C0138,Credit Card,Cancelled
O01847,2026-06-30,C0343,UPI,Delivered
O01848,2024-12-02,C0105,Credit Card,Delivered
O01849,2025-08-21,C0546,UPI,Cancelled
O01850,2024-05-21,C0380,Debit Card,Delivered
O01851,2024-11-12,C0110,Credit Card,Delivered
O01852,2025-12-11,C0944,UPI,Delivered
O01853,2025-07-11,C0545,Net Banking,Delivered
O01854,2026-03-10,C0354,UPI,Returned
O01855,2025-06-10,C0743,Net Banking,Delivered
O01856,2025-07-09,C0317,COD,Delivered
O01857,2025-02-04,C0266,UPI,Delivered
O01858,2025-11-11,C0694,COD,Delivered
O01859,2024-11-05,C0852,Net Banking,Delivered
O01860,2025-05-09,C0065,COD,Delivered
O01861,2025-07-09,C0333,Debit Card,Returned
O01862,2025-09-01,C0513,UPI,Delivered
O01863,2026-02-11,C0133,COD,Delivered
O01864,2024-04-18,C0592,UPI,Cancelled
O01865,2026-03-05,C0783,UPI,Delivered
O01866,2025-01-06,C0753,UPI,Delivered
O01867,2026-05-04,C0540,UPI,Delivered
O01868,2025-09-07,C0735,Credit Card,Delivered
O01869,2026-02-06,C0535,Debit Card,Delivered
O01870,2026-06-09,C0496,COD,Cancelled
O01871,2024-07-24,C0621,UPI,Delivered
O01872,2026-04-26,C0619,COD,Delivered
O01873,2024-02-12,C0657,COD,Delivered
O01874,2026-05-14,C0369,UPI,Delivered
O01875,2024-09-01,C0866,Credit Card,Delivered
O01876,2024-10-13,C0909,Net Banking,Delivered
O01877,2024-12-20,C0910,Debit Card,Delivered
O01878,2026-02-23,C0651,Net Banking,Returned
O01879,2025-04-20,C0796,Debit Card,Cancelled
O01880,2024-03-23,C0810,Credit Card,Delivered
O01881,2024-04-19,C0992,UPI,Delivered
O01882,2024-07-08,C0099,Credit Card,Delivered
O01883,2026-03-10,C0317,UPI,Delivered
O01884,2026-07-24,C0123,Debit Card,Delivered
O01885,2026-06-27,C0320,Net Banking,Delivered
O01886,2024-09-07,C0799,Credit Card,Delivered
O01887,2025-12-24,C0593,COD,Delivered
O01888,2024-10-17,C0495,Credit Card,Delivered
O01889,2025-10-06,C0457,Debit Card,Delivered
O01890,2024-07-19,C0522,Debit Card,Delivered
O01891,2026-03-07,C0520,COD,Delivered
O01892,2024-11-21,C0917,Debit Card,Delivered
O01893,2025-05-25,C0717,UPI,Delivered
O01894,2025-02-12,C0315,COD,Delivered
O01895,2025-08-29,C0946,Debit Card,Returned
O01896,2026-02-28,C0709,UPI,Delivered
O01897,2026-07-29,C0710,Debit Card,Delivered
O01898,2026-04-16,C0542,COD,Delivered
O01899,2025-05-22,C0479,Credit Card,Cancelled
O01900,2025-12-31,C0913,Credit Card,Delivered
O01901,2025-08-23,C0971,Net Banking,Delivered
O01902,2024-03-12,C0020,Net Banking,Delivered
O01903,2024-09-03,C0560,Credit Card,Delivered
O01904,2025-10-02,C0969,UPI,Returned
O01905,2025-12-24,C0130,UPI,Delivered
O01906,2026-07-28,C0293,Debit Card,Delivered
O01907,2026-05-04,C0897,Net Banking,Delivered
O01908,2025-08-30,C0132,UPI,Delivered
O01909,2025-08-09,C0356,Credit Card,Returned
O01910,2026-07-23,C0054,UPI,Delivered
O01911,2025-07-19,C0890,Debit Card,Delivered
O01912,2024-12-09,C0793,UPI,Delivered
O01913,2026-07-13,C0387,UPI,Delivered
O01914,2024-02-23,C0265,UPI,Delivered
O01915,2025-12-30,C0982,Debit Card,Delivered
O01916,2025-06-11,C0215,Credit Card,Delivered
O01917,2025-09-02,C0460,UPI,Delivered
O01918,2025-06-15,C0458,COD,Delivered
O01919,2025-07-11,C0802,UPI,Delivered
O01920,2024-07-11,C0043,Credit Card,Delivered
O01921,2026-06-13,C0586,COD,Delivered
O01922,2024-02-27,C0862,Credit Card,Delivered
O01923,2025-03-12,C0278,Credit Card,Delivered
O01924,2024-04-20,C0838,UPI,Delivered
O01925,2024-05-08,C0754,Net Banking,Delivered
O01926,2026-04-28,C0130,Credit Card,Delivered
O01927,2025-12-06,C0350,Net Banking,Delivered
O01928,2026-07-13,C0706,UPI,Delivered
O01929,2026-05-01,C0544,Credit Card,Delivered
O01930,2024-11-21,C0106,Net Banking,Cancelled
O01931,2024-01-08,C0912,COD,Returned
O01932,2024-01-29,C0716,UPI,Delivered
O01933,2024-04-21,C0001,Net Banking,Delivered
O01934,2025-11-03,C0757,UPI,Delivered
O01935,2024-05-10,C0584,Credit Card,Delivered
O01936,2024-07-06,C0432,UPI,Delivered
O01937,2025-11-05,C0306,Debit Card,Delivered
O01938,2025-12-09,C0909,Credit Card,Delivered
O01939,2025-04-19,C0527,UPI,Cancelled
O01940,2024-12-29,C0053,UPI,Delivered
O01941,2024-07-22,C0940,UPI,Delivered
O01942,2024-07-30,C0520,COD,Delivered
O01943,2025-09-12,C0330,COD,Delivered
O01944,2024-10-02,C0558,Net Banking,Delivered
O01945,2024-03-13,C0325,UPI,Delivered
O01946,2025-11-09,C0114,Credit Card,Delivered
O01947,2026-02-10,C0147,Debit Card,Delivered
O01948,2024-08-30,C0166,COD,Delivered
O01949,2026-02-25,C0379,Credit Card,Delivered
O01950,2024-04-11,C0139,Net Banking,Delivered
O01951,2025-11-15,C0629,COD,Returned
O01952,2024-06-19,C0299,COD,Delivered
O01953,2025-10-14,C0276,UPI,Delivered
O01954,2026-06-27,C0916,UPI,Returned
O01955,2024-07-06,C0789,Credit Card,Delivered
O01956,2025-03-16,C0850,Credit Card,Delivered
O01957,2024-03-26,C0825,UPI,Delivered
O01958,2025-04-20,C0178,UPI,Delivered
O01959,2024-02-21,C0842,Net Banking,Delivered
O01960,2024-04-20,C0354,Credit Card,Delivered
O01961,2026-05-26,C0154,UPI,Returned
O01962,2026-05-03,C0926,Debit Card,Delivered
O01963,2024-02-12,C0201,Debit Card,Delivered
O01964,2024-07-29,C0878,Net Banking,Delivered
O01965,2024-07-18,C0115,UPI,Delivered
O01966,2026-03-20,C0671,Debit Card,Delivered
O01967,2026-05-07,C0554,Credit Card,Delivered
O01968,2026-01-21,C0759,UPI,Delivered
O01969,2025-09-18,C0068,Net Banking,Delivered
O01970,2024-01-26,C0445,Credit Card,Returned
O01971,2026-07-07,C0445,UPI,Delivered
O01972,2024-10-25,C0326,Credit Card,Delivered
O01973,2024-03-17,C0846,UPI,Delivered
O01974,2026-07-12,C0708,UPI,Delivered
O01975,2024-05-16,C0602,Net Banking,Delivered
O01976,2024-01-20,C0623,UPI,Delivered
O01977,2025-03-15,C0880,COD,Delivered
O01978,2024-07-29,C0359,Credit Card,Delivered
O01979,2026-01-21,C0145,UPI,Delivered
O01980,2025-07-04,C0275,UPI,Delivered
O01981,2025-03-10,C0509,Credit Card,Delivered
O01982,2026-02-18,C0179,Debit Card,Delivered
O01983,2024-07-25,C0753,UPI,Delivered
O01984,2025-03-14,C0838,UPI,Cancelled
O01985,2026-02-17,C0831,Net Banking,Delivered
O01986,2025-10-27,C0477,UPI,Delivered
O01987,2024-02-11,C0843,COD,Delivered
O01988,2025-02-14,C0976,Debit Card,Cancelled
O01989,2025-06-06,C0414,Credit Card,Delivered
O01990,2026-03-16,C0153,UPI,Delivered
O01991,2025-09-01,C0104,UPI,Cancelled
O01992,2025-03-02,C0075,Net Banking,Delivered
O01993,2024-10-01,C0128,UPI,Delivered
O01994,2025-03-23,C0711,UPI,Delivered
O01995,2026-06-20,C0666,Credit Card,Delivered
O01996,2026-07-30,C0568,UPI,Delivered
O01997,2026-06-02,C0790,Credit Card,Delivered
O01998,2026-01-11,C0345,Net Banking,Delivered
O01999,2025-01-03,C0531,Credit Card,Delivered
O02000,2026-07-26,C0159,COD,Delivered
O02001,2024-08-07,C0538,Net Banking,Delivered
O02002,2025-07-30,C0426,UPI,Delivered
O02003,2026-05-16,C0681,Credit Card,Delivered
O02004,2024-08-19,C0996,Credit Card,Delivered
O02005,2024-11-23,C0023,Debit Card,Delivered
O02006,2025-03-18,C0047,UPI,Delivered
O02007,2024-02-21,C0525,COD,Delivered
O02008,2026-06-04,C0729,Debit Card,Delivered
O02009,2026-07-31,C0834,Credit Card,Delivered
O02010,2025-01-10,C0706,Debit Card,Delivered
O02011,2024-09-19,C0144,Credit Card,Delivered
O02012,2024-09-23,C0585,Net Banking,Delivered
O02013,2024-12-24,C0668,Credit Card,Delivered
O02014,2024-11-12,C0589,UPI,Delivered
O02015,2024-11-19,C0419,UPI,Delivered
O02016,2026-07-09,C0681,COD,Delivered
O02017,2026-06-26,C0973,Credit Card,Delivered
O02018,2025-10-27,C0799,COD,Delivered
O02019,2026-05-19,C0085,UPI,Delivered
O02020,2026-05-27,C0416,UPI,Delivered
O02021,2025-10-13,C0694,UPI,Delivered
O02022,2026-07-27,C0482,Credit Card,Delivered
O02023,2025-07-16,C0456,Credit Card,Delivered
O02024,2025-09-20,C0827,UPI,Delivered
O02025,2025-02-24,C0297,Debit Card,Delivered
O02026,2024-02-15,C0112,Credit Card,Delivered
O02027,2026-03-31,C0962,UPI,Delivered
O02028,2025-08-22,C0230,Credit Card,Delivered
O02029,2025-12-20,C0096,Debit Card,Delivered
O02030,2026-06-07,C0950,UPI,Delivered
O02031,2024-09-25,C0680,UPI,Delivered
O02032,2025-08-23,C0378,UPI,Delivered
O02033,2025-01-15,C0156,Debit Card,Delivered
O02034,2024-04-27,C0421,Net Banking,Delivered
O02035,2025-07-19,C0105,Credit Card,Cancelled
O02036,2024-04-25,C0705,UPI,Delivered
O02037,2025-09-21,C0330,COD,Delivered
O02038,2024-09-16,C0439,COD,Cancelled
O02039,2024-03-15,C0132,Debit Card,Delivered
O02040,2025-04-24,C0867,COD,Delivered
O02041,2024-10-31,C0382,Debit Card,Delivered
O02042,2024-01-07,C0138,Debit Card,Delivered
O02043,2024-12-31,C0943,Credit Card,Delivered
O02044,2025-09-25,C0843,Credit Card,Returned
O02045,2025-06-06,C0270,UPI,Cancelled
O02046,2024-12-13,C0550,Net Banking,Delivered
O02047,2025-03-13,C0396,COD,Delivered
O02048,2024-08-02,C0557,Debit Card,Delivered
O02049,2025-03-04,C0913,UPI,Delivered
O02050,2026-03-01,C0464,UPI,Delivered
O02051,2025-05-12,C0675,UPI,Delivered
O02052,2025-06-23,C0450,UPI,Delivered
O02053,2026-01-16,C0331,Debit Card,Returned
O02054,2025-01-01,C0253,COD,Cancelled
O02055,2024-11-08,C0681,UPI,Delivered
O02056,2025-06-21,C0963,UPI,Delivered
O02057,2026-07-09,C0285,Debit Card,Returned
O02058,2024-02-23,C0274,UPI,Delivered
O02059,2025-06-24,C0020,COD,Delivered
O02060,2025-04-11,C0239,UPI,Delivered
O02061,2026-05-14,C0270,UPI,Cancelled
O02062,2024-06-12,C0418,UPI,Delivered
O02063,2026-02-20,C0945,UPI,Delivered
O02064,2024-11-29,C0310,Credit Card,Delivered
O02065,2025-06-30,C0031,UPI,Cancelled
O02066,2026-03-08,C0826,Credit Card,Delivered
O02067,2024-12-13,C0104,Credit Card,Delivered
O02068,2024-09-29,C0682,UPI,Delivered
O02069,2025-12-20,C0186,UPI,Cancelled
O02070,2026-01-19,C0128,Credit Card,Delivered
O02071,2025-02-17,C0210,Debit Card,Delivered
O02072,2025-05-14,C0414,COD,Returned
O02073,2024-04-02,C0281,UPI,Delivered
O02074,2025-11-15,C0959,UPI,Delivered
O02075,2024-03-19,C0253,UPI,Cancelled
O02076,2025-09-13,C0019,Credit Card,Delivered
O02077,2024-08-04,C0712,Debit Card,Delivered
O02078,2024-12-23,C0732,Net Banking,Delivered
O02079,2025-09-09,C0136,Debit Card,Delivered
O02080,2025-05-21,C0223,UPI,Delivered
O02081,2025-07-12,C0003,Credit Card,Delivered
O02082,2024-06-29,C0963,COD,Cancelled
O02083,2025-07-29,C0236,UPI,Delivered
O02084,2024-09-02,C0854,Credit Card,Delivered
O02085,2024-08-31,C0465,COD,Delivered
O02086,2025-05-20,C0228,Debit Card,Delivered
O02087,2025-02-25,C0913,Debit Card,Delivered
O02088,2024-11-15,C0654,UPI,Delivered
O02089,2024-03-27,C0499,Credit Card,Delivered
O02090,2024-08-04,C0521,UPI,Delivered
O02091,2025-05-04,C0702,Debit Card,Delivered
O02092,2025-06-02,C0862,UPI,Delivered
O02093,2024-10-04,C0917,Net Banking,Delivered
O02094,2026-04-28,C0972,Net Banking,Delivered
O02095,2025-12-22,C0677,Credit Card,Cancelled
O02096,2024-06-17,C0992,UPI,Delivered
O02097,2024-11-25,C0139,UPI,Delivered
O02098,2025-10-11,C0276,Net Banking,Delivered
O02099,2025-03-16,C0291,Debit Card,Delivered
O02100,2025-01-25,C0053,Debit Card,Delivered
O02101,2025-05-10,C0687,UPI,Delivered
O02102,2025-01-15,C0110,Credit Card,Delivered
O02103,2024-11-01,C0715,Debit Card,Delivered
O02104,2026-01-11,C0948,Credit Card,Delivered
O02105,2026-03-30,C0648,Debit Card,Delivered
O02106,2025-11-03,C0004,Net Banking,Cancelled
O02107,2025-05-27,C0667,UPI,Delivered
O02108,2026-01-17,C0684,UPI,Delivered
O02109,2024-07-06,C0936,Credit Card,Delivered
O02110,2026-07-18,C0870,UPI,Cancelled
O02111,2025-05-30,C0047,Net Banking,Delivered
O02112,2026-07-01,C0094,Debit Card,Delivered
O02113,2025-10-05,C0940,COD,Delivered
O02114,2025-03-02,C0560,Debit Card,Delivered
O02115,2025-05-16,C0752,UPI,Delivered
O02116,2025-12-30,C0859,UPI,Delivered
O02117,2024-09-16,C0213,Net Banking,Delivered
O02118,2025-05-27,C0436,UPI,Delivered
O02119,2024-03-11,C0852,Debit Card,Delivered
O02120,2025-04-22,C0508,Net Banking,Delivered
O02121,2024-06-26,C0836,UPI,Delivered
O02122,2025-04-01,C0651,UPI,Delivered
O02123,2024-07-07,C0205,Credit Card,Delivered
O02124,2024-10-17,C0381,COD,Delivered
O02125,2025-06-03,C0073,UPI,Delivered
O02126,2026-02-03,C0516,COD,Returned
O02127,2026-07-08,C0076,Credit Card,Delivered
O02128,2024-10-18,C0841,COD,Delivered
O02129,2026-01-25,C0077,UPI,Delivered
O02130,2025-09-26,C0816,UPI,Cancelled
O02131,2026-03-21,C0768,Net Banking,Delivered
O02132,2024-10-09,C0410,COD,Delivered
O02133,2025-06-27,C0614,Credit Card,Delivered
O02134,2026-04-25,C0106,Debit Card,Delivered
O02135,2025-01-11,C0845,COD,Returned
O02136,2025-10-19,C0551,UPI,Delivered
O02137,2024-06-04,C0476,Credit Card,Cancelled
O02138,2025-05-22,C0826,COD,Delivered
O02139,2025-02-16,C0275,Credit Card,Delivered
O02140,2025-06-11,C0088,UPI,Delivered
O02141,2024-12-20,C0723,Net Banking,Delivered
O02142,2025-07-12,C0881,UPI,Delivered
O02143,2026-02-01,C0077,UPI,Delivered
O02144,2024-07-05,C0077,COD,Cancelled
O02145,2024-01-31,C0442,Credit Card,Returned
O02146,2024-09-16,C0540,Net Banking,Delivered
O02147,2025-02-24,C0245,Net Banking,Delivered
O02148,2025-06-12,C0578,UPI,Delivered
O02149,2025-07-04,C0778,UPI,Delivered
O02150,2024-10-30,C0382,UPI,Delivered
O02151,2026-07-30,C0982,UPI,Delivered
O02152,2024-02-08,C0717,Debit Card,Cancelled
O02153,2025-05-03,C0570,Debit Card,Delivered
O02154,2025-10-05,C0713,Credit Card,Delivered
O02155,2025-06-25,C0737,UPI,Delivered
O02156,2025-10-31,C0142,Credit Card,Delivered
O02157,2024-10-04,C0893,Credit Card,Delivered
O02158,2024-07-21,C0368,Credit Card,Delivered
O02159,2024-03-06,C0084,UPI,Cancelled
O02160,2024-04-17,C0143,Debit Card,Delivered
O02161,2024-09-24,C0352,UPI,Delivered
O02162,2024-08-09,C0545,Credit Card,Delivered
O02163,2026-03-14,C0913,Debit Card,Delivered
O02164,2025-06-13,C0152,UPI,Delivered
O02165,2024-03-30,C0158,Credit Card,Delivered
O02166,2025-11-23,C0446,UPI,Delivered
O02167,2024-09-11,C0653,UPI,Delivered
O02168,2025-03-30,C0958,UPI,Delivered
O02169,2024-09-09,C0763,COD,Delivered
O02170,2024-09-13,C0303,Credit Card,Cancelled
O02171,2025-01-17,C0624,COD,Delivered
O02172,2025-03-17,C0656,Credit Card,Delivered
O02173,2026-05-07,C0450,Credit Card,Delivered
O02174,2025-08-21,C0721,Credit Card,Returned
O02175,2024-03-30,C0224,UPI,Delivered
O02176,2026-01-18,C0043,UPI,Delivered
O02177,2025-01-24,C0264,UPI,Delivered
O02178,2025-08-04,C0756,Credit Card,Cancelled
O02179,2024-02-13,C0003,UPI,Delivered
O02180,2025-12-12,C0637,UPI,Delivered
O02181,2025-10-25,C0268,UPI,Returned
O02182,2025-08-20,C0596,Credit Card,Delivered
O02183,2024-01-19,C0016,Debit Card,Delivered
O02184,2024-04-10,C0334,COD,Delivered
O02185,2026-07-02,C0464,UPI,Delivered
O02186,2025-08-29,C0059,UPI,Delivered
O02187,2026-02-04,C0177,Credit Card,Cancelled
O02188,2024-12-22,C0063,COD,Delivered
O02189,2025-06-25,C0958,UPI,Delivered
O02190,2026-01-30,C0561,Debit Card,Delivered
O02191,2026-07-26,C0307,Credit Card,Returned
O02192,2024-02-02,C0246,UPI,Delivered
O02193,2024-08-16,C0289,UPI,Delivered
O02194,2025-06-07,C0798,UPI,Delivered
O02195,2025-09-21,C0955,COD,Delivered
O02196,2026-05-11,C0332,Credit Card,Delivered
O02197,2024-06-03,C0527,Credit Card,Delivered
O02198,2025-02-26,C0850,Credit Card,Delivered
O02199,2026-06-23,C0255,Debit Card,Delivered
O02200,2024-09-02,C0604,Credit Card,Delivered
O02201,2025-02-08,C0510,UPI,Delivered
O02202,2026-04-23,C0791,UPI,Delivered
O02203,2026-01-28,C0718,UPI,Delivered
O02204,2025-06-24,C0606,Debit Card,Delivered
O02205,2024-06-09,C0737,UPI,Delivered
O02206,2026-01-16,C0813,Credit Card,Delivered
O02207,2025-12-02,C0830,UPI,Delivered
O02208,2024-04-26,C0463,COD,Delivered
O02209,2024-09-27,C0199,UPI,Delivered
O02210,2026-02-08,C0271,UPI,Delivered
O02211,2025-11-22,C0746,COD,Delivered
O02212,2025-05-01,C0558,Credit Card,Delivered
O02213,2026-06-03,C0064,COD,Delivered
O02214,2024-06-20,C0230,UPI,Delivered
O02215,2024-09-30,C0942,UPI,Delivered
O02216,2024-09-15,C0952,Debit Card,Returned
O02217,2024-05-14,C0249,COD,Delivered
O02218,2025-11-13,C0246,UPI,Delivered
O02219,2025-12-22,C0940,COD,Delivered
O02220,2026-01-17,C0587,Credit Card,Returned
O02221,2025-02-25,C0157,Net Banking,Returned
O02222,2025-02-24,C0735,Credit Card,Delivered
O02223,2024-07-04,C0702,UPI,Delivered
O02224,2026-07-17,C0985,COD,Delivered
O02225,2024-12-29,C0564,COD,Delivered
O02226,2025-08-29,C0950,Credit Card,Delivered
O02227,2025-01-12,C0088,UPI,Delivered
O02228,2025-06-06,C0313,UPI,Cancelled
O02229,2025-08-02,C0851,Credit Card,Delivered
O02230,2026-06-09,C0066,UPI,Delivered
O02231,2025-12-22,C0662,Credit Card,Delivered
O02232,2024-07-14,C0020,UPI,Delivered
O02233,2026-05-30,C0033,Debit Card,Delivered
O02234,2024-04-07,C0840,UPI,Delivered
O02235,2025-08-27,C0793,Credit Card,Delivered
O02236,2024-01-22,C0558,Credit Card,Delivered
O02237,2025-03-25,C0073,Debit Card,Cancelled
O02238,2024-06-20,C0866,Credit Card,Delivered
O02239,2025-01-17,C0825,UPI,Delivered
O02240,2024-05-13,C0343,Debit Card,Delivered
O02241,2025-03-01,C0133,Net Banking,Delivered
O02242,2024-01-25,C0055,Debit Card,Delivered
O02243,2025-05-17,C0061,COD,Delivered
O02244,2024-07-03,C0857,Debit Card,Delivered
O02245,2024-03-25,C0520,Net Banking,Delivered
O02246,2025-07-20,C0272,UPI,Cancelled
O02247,2026-02-01,C0246,Credit Card,Delivered
O02248,2024-05-23,C0176,Credit Card,Delivered
O02249,2026-05-12,C0628,UPI,Delivered
O02250,2026-06-28,C0317,Credit Card,Delivered
O02251,2025-11-09,C0783,UPI,Delivered
O02252,2025-02-15,C0705,Debit Card,Delivered
O02253,2024-08-11,C0662,Credit Card,Delivered
O02254,2024-08-07,C0131,Credit Card,Delivered
O02255,2024-06-27,C0102,COD,Delivered
O02256,2025-09-22,C0310,Credit Card,Delivered
O02257,2025-03-08,C0782,Credit Card,Delivered
O02258,2024-09-21,C0292,UPI,Delivered
O02259,2025-03-04,C0722,COD,Delivered
O02260,2025-10-23,C0495,Credit Card,Delivered
O02261,2025-02-19,C0361,Debit Card,Delivered
O02262,2025-03-28,C0338,UPI,Delivered
O02263,2025-12-27,C0579,Credit Card,Returned
O02264,2024-07-15,C0010,UPI,Delivered
O02265,2025-07-07,C0049,Debit Card,Delivered
O02266,2024-02-22,C0487,Net Banking,Delivered
O02267,2025-04-24,C0623,Debit Card,Delivered
O02268,2025-03-18,C0321,Debit Card,Delivered
O02269,2024-11-25,C0731,Credit Card,Delivered
O02270,2024-09-07,C0569,Debit Card,Delivered
O02271,2026-03-17,C0795,Credit Card,Delivered
O02272,2026-06-08,C0971,Debit Card,Delivered
O02273,2026-02-21,C0625,UPI,Delivered
O02274,2026-07-13,C0133,UPI,Delivered
O02275,2024-05-02,C0583,Credit Card,Delivered
O02276,2026-05-28,C0083,Credit Card,Cancelled
O02277,2025-01-21,C0057,UPI,Delivered
O02278,2024-12-04,C0376,Debit Card,Delivered
O02279,2026-02-16,C0349,UPI,Delivered
O02280,2024-12-13,C0271,UPI,Delivered
O02281,2024-01-29,C0483,Debit Card,Delivered
O02282,2024-02-04,C0111,Credit Card,Returned
O02283,2025-06-01,C0869,Debit Card,Delivered
O02284,2025-01-30,C0887,Credit Card,Delivered
O02285,2025-09-14,C0076,COD,Delivered
O02286,2024-10-20,C0158,Credit Card,Delivered
O02287,2025-08-11,C0532,UPI,Delivered
O02288,2024-12-14,C0933,Credit Card,Delivered
O02289,2024-05-26,C0643,UPI,Delivered
O02290,2024-03-07,C0329,COD,Returned
O02291,2026-06-22,C0122,UPI,Delivered
O02292,2025-06-03,C0041,Credit Card,Delivered
O02293,2024-05-01,C0167,UPI,Delivered
O02294,2024-12-05,C0922,Net Banking,Delivered
O02295,2024-06-23,C0642,UPI,Delivered
O02296,2026-06-18,C0023,COD,Delivered
O02297,2025-11-21,C0279,UPI,Delivered
O02298,2025-08-19,C0763,UPI,Delivered
O02299,2025-03-26,C0469,UPI,Delivered
O02300,2025-07-10,C0400,Net Banking,Delivered
O02301,2024-05-15,C0009,COD,Delivered
O02302,2026-05-04,C0013,UPI,Delivered
O02303,2024-01-16,C0924,UPI,Delivered
O02304,2024-11-28,C0923,Debit Card,Delivered
O02305,2024-07-13,C0819,UPI,Delivered
O02306,2025-05-10,C0832,UPI,Delivered
O02307,2024-01-09,C0052,UPI,Delivered
O02308,2026-04-07,C0209,UPI,Delivered
O02309,2024-11-29,C0550,UPI,Cancelled
O02310,2024-11-28,C0612,UPI,Delivered
O02311,2024-11-22,C0705,Credit Card,Cancelled
O02312,2024-01-15,C0402,Net Banking,Delivered
O02313,2026-04-18,C0191,UPI,Cancelled
O02314,2025-09-05,C0051,Debit Card,Delivered
O02315,2024-08-13,C0393,UPI,Delivered
O02316,2025-02-28,C0653,Debit Card,Cancelled
O02317,2026-02-28,C0680,UPI,Delivered
O02318,2025-02-11,C0823,Debit Card,Delivered
O02319,2024-04-22,C0621,UPI,Delivered
O02320,2025-03-03,C0719,COD,Delivered
O02321,2024-01-01,C0939,UPI,Delivered
O02322,2024-09-22,C0300,Credit Card,Delivered
O02323,2025-05-05,C0622,COD,Delivered
O02324,2024-07-26,C0196,Credit Card,Delivered
O02325,2025-09-13,C0417,Credit Card,Cancelled
O02326,2025-12-12,C0664,COD,Delivered
O02327,2025-01-03,C0420,UPI,Delivered
O02328,2024-11-01,C0755,UPI,Delivered
O02329,2024-01-12,C0640,COD,Cancelled
O02330,2024-12-10,C0617,UPI,Delivered
O02331,2025-04-09,C0522,COD,Delivered
O02332,2025-11-30,C0356,UPI,Delivered
O02333,2025-10-27,C0148,Debit Card,Delivered
O02334,2025-05-08,C0365,Credit Card,Delivered
O02335,2025-01-02,C0364,COD,Delivered
O02336,2026-04-25,C0971,Credit Card,Delivered
O02337,2026-07-25,C0652,UPI,Delivered
O02338,2025-02-23,C0702,Debit Card,Delivered
O02339,2026-06-07,C0402,UPI,Delivered
O02340,2026-03-01,C0606,Net Banking,Delivered
O02341,2024-06-19,C0492,COD,Delivered
O02342,2024-05-13,C0229,Credit Card,Delivered
O02343,2025-03-02,C0575,Net Banking,Delivered
O02344,2024-01-25,C0852,UPI,Delivered
O02345,2025-06-13,C0537,Credit Card,Cancelled
O02346,2024-07-08,C0268,Credit Card,Delivered
O02347,2024-05-20,C0405,Debit Card,Delivered
O02348,2025-07-08,C0793,UPI,Delivered
O02349,2026-04-25,C0011,Net Banking,Delivered
O02350,2026-03-06,C0320,UPI,Delivered
O02351,2025-10-19,C0713,Debit Card,Delivered
O02352,2024-11-10,C0126,UPI,Delivered
O02353,2025-03-19,C0306,Net Banking,Delivered
O02354,2024-11-14,C0702,UPI,Delivered
O02355,2025-03-16,C0511,Credit Card,Delivered
O02356,2024-04-01,C0089,UPI,Delivered
O02357,2024-06-27,C0355,Debit Card,Delivered
O02358,2024-02-25,C0628,UPI,Delivered
O02359,2024-06-03,C0352,Debit Card,Delivered
O02360,2025-11-02,C0689,UPI,Returned
O02361,2024-04-20,C0014,Net Banking,Delivered
O02362,2024-05-16,C0257,UPI,Returned
O02363,2024-08-19,C0209,UPI,Delivered
O02364,2025-04-12,C0281,Credit Card,Delivered
O02365,2026-01-01,C0443,UPI,Cancelled
O02366,2025-04-25,C0840,UPI,Delivered
O02367,2024-03-08,C0837,COD,Delivered
O02368,2026-03-24,C0389,COD,Cancelled
O02369,2024-09-05,C0617,Debit Card,Delivered
O02370,2024-11-18,C0483,UPI,Delivered
O02371,2026-07-10,C0147,UPI,Cancelled
O02372,2026-06-22,C0279,Debit Card,Delivered
O02373,2025-06-01,C0521,UPI,Delivered
O02374,2026-03-02,C0630,COD,Delivered
O02375,2025-03-07,C0606,UPI,Delivered
O02376,2025-05-01,C0434,COD,Delivered
O02377,2025-08-28,C0144,Credit Card,Delivered
O02378,2025-03-04,C0289,Net Banking,Delivered
O02379,2024-09-25,C0386,UPI,Delivered
O02380,2025-12-09,C0014,COD,Cancelled
O02381,2025-06-20,C0257,UPI,Delivered
O02382,2024-05-27,C0346,Debit Card,Delivered
O02383,2024-04-27,C0698,Net Banking,Delivered
O02384,2026-04-29,C0345,UPI,Delivered
O02385,2025-01-01,C0400,Credit Card,Cancelled
O02386,2026-04-29,C0207,Credit Card,Delivered
O02387,2024-03-06,C0858,UPI,Delivered
O02388,2026-03-23,C0943,Credit Card,Delivered
O02389,2025-01-04,C0172,UPI,Delivered
O02390,2024-06-23,C0464,Credit Card,Delivered
O02391,2026-04-10,C0270,Debit Card,Delivered
O02392,2025-08-10,C0221,Debit Card,Delivered
O02393,2025-05-09,C0152,UPI,Delivered
O02394,2024-04-23,C0623,COD,Delivered
O02395,2024-04-20,C0183,COD,Delivered
O02396,2026-01-30,C0399,Credit Card,Delivered
O02397,2025-03-14,C0851,Credit Card,Delivered
O02398,2025-12-15,C0072,Credit Card,Delivered
O02399,2024-05-26,C0418,Debit Card,Cancelled
O02400,2024-02-04,C0898,Debit Card,Delivered
O02401,2024-11-04,C0283,UPI,Delivered
O02402,2025-06-21,C0074,Debit Card,Delivered
O02403,2026-01-19,C0355,UPI,Delivered
O02404,2024-01-14,C0727,UPI,Delivered
O02405,2025-01-08,C0497,Debit Card,Delivered
O02406,2025-07-10,C0328,Debit Card,Delivered
O02407,2025-03-03,C0988,Credit Card,Delivered
O02408,2025-12-28,C0535,Credit Card,Delivered
O02409,2024-08-20,C0580,COD,Delivered
O02410,2025-12-05,C0910,Credit Card,Delivered
O02411,2025-07-16,C0447,Debit Card,Delivered
O02412,2026-07-27,C0373,UPI,Delivered
O02413,2026-06-05,C0362,UPI,Returned
O02414,2025-12-26,C0093,UPI,Delivered
O02415,2025-10-24,C0321,Credit Card,Delivered
O02416,2025-03-15,C0324,Net Banking,Delivered
O02417,2025-05-16,C0384,UPI,Delivered
O02418,2024-10-01,C0575,Credit Card,Delivered
O02419,2026-04-29,C0736,UPI,Delivered
O02420,2024-03-16,C0737,UPI,Cancelled
O02421,2025-03-14,C0881,COD,Delivered
O02422,2026-01-01,C0346,Debit Card,Delivered
O02423,2026-05-09,C0849,UPI,Delivered
O02424,2025-11-29,C0103,Debit Card,Cancelled
O02425,2024-10-15,C0215,Debit Card,Delivered
O02426,2026-07-03,C0192,Debit Card,Delivered
O02427,2025-06-23,C0672,UPI,Delivered
O02428,2026-06-09,C0884,Credit Card,Delivered
O02429,2025-11-22,C0719,UPI,Delivered
O02430,2024-09-09,C0781,Net Banking,Delivered
O02431,2024-05-05,C0194,Debit Card,Delivered
O02432,2024-06-25,C0380,Credit Card,Delivered
O02433,2024-02-06,C0403,UPI,Delivered
O02434,2025-02-13,C0664,UPI,Delivered
O02435,2025-09-02,C0749,UPI,Delivered
O02436,2025-09-01,C0600,COD,Delivered
O02437,2024-05-06,C0011,UPI,Delivered
O02438,2025-04-27,C0187,UPI,Delivered
O02439,2024-06-16,C0726,COD,Delivered
O02440,2025-08-14,C0015,Credit Card,Delivered
O02441,2024-10-20,C0778,Net Banking,Cancelled
O02442,2026-04-24,C0297,UPI,Delivered
O02443,2025-09-29,C0411,Credit Card,Delivered
O02444,2024-12-08,C0956,Credit Card,Delivered
O02445,2024-11-05,C0585,Net Banking,Delivered
O02446,2025-10-23,C0052,UPI,Delivered
O02447,2025-06-11,C0640,Credit Card,Delivered
O02448,2025-06-23,C0028,Net Banking,Delivered
O02449,2025-02-22,C0577,Credit Card,Delivered
O02450,2025-03-19,C0017,Credit Card,Delivered
O02451,2025-11-15,C0351,UPI,Delivered
O02452,2025-07-11,C0428,UPI,Delivered
O02453,2026-04-19,C0650,Debit Card,Delivered
O02454,2024-08-23,C0831,Debit Card,Delivered
O02455,2025-03-14,C0229,COD,Delivered
O02456,2024-08-01,C0766,Debit Card,Delivered
O02457,2024-03-25,C0989,Credit Card,Delivered
O02458,2026-03-04,C0210,COD,Delivered
O02459,2026-01-13,C0431,UPI,Delivered
O02460,2024-03-25,C0294,Credit Card,Delivered
O02461,2026-07-09,C0743,UPI,Delivered
O02462,2025-05-03,C0753,UPI,Delivered
O02463,2024-03-05,C0582,Net Banking,Delivered
O02464,2025-10-07,C0104,Credit Card,Returned
O02465,2025-10-24,C0204,Credit Card,Delivered
O02466,2025-09-18,C0053,Credit Card,Cancelled
O02467,2024-03-04,C0974,Credit Card,Delivered
O02468,2024-12-08,C0940,UPI,Delivered
O02469,2026-07-27,C0375,Debit Card,Delivered
O02470,2026-05-24,C0842,Credit Card,Delivered
O02471,2026-07-07,C0054,Net Banking,Delivered
O02472,2024-12-17,C0276,UPI,Returned
O02473,2024-06-06,C0335,UPI,Delivered
O02474,2025-08-11,C0031,Debit Card,Delivered
O02475,2025-05-05,C0135,Net Banking,Delivered
O02476,2025-10-19,C0058,Credit Card,Cancelled
O02477,2026-05-04,C0105,Debit Card,Delivered
O02478,2025-04-07,C0266,COD,Delivered
O02479,2024-08-12,C0522,COD,Delivered
O02480,2026-07-05,C0496,Debit Card,Delivered
O02481,2024-11-08,C0253,Debit Card,Delivered
O02482,2025-09-06,C0295,UPI,Delivered
O02483,2026-07-07,C0668,Net Banking,Delivered
O02484,2026-05-08,C0158,Credit Card,Delivered
O02485,2026-03-23,C0549,COD,Delivered
O02486,2026-07-28,C0631,UPI,Cancelled
O02487,2025-04-10,C0067,Credit Card,Delivered
O02488,2024-03-28,C0754,Credit Card,Delivered
O02489,2026-06-01,C0299,Credit Card,Delivered
O02490,2024-10-29,C0463,UPI,Delivered
O02491,2025-11-10,C0725,Credit Card,Delivered
O02492,2025-03-10,C0820,Net Banking,Delivered
O02493,2025-11-12,C0101,Debit Card,Delivered
O02494,2024-05-14,C0056,UPI,Delivered
O02495,2024-02-19,C0332,Debit Card,Delivered
O02496,2025-03-07,C0836,UPI,Delivered
O02497,2024-12-05,C0751,UPI,Delivered
O02498,2024-12-12,C0393,Debit Card,Delivered
O02499,2025-10-07,C0743,Net Banking,Delivered
O02500,2024-12-12,C0874,Credit Card,Delivered
O02501,2025-10-10,C0381,Credit Card,Delivered
O02502,2024-09-01,C0092,UPI,Delivered
O02503,2024-04-18,C0791,Credit Card,Delivered
O02504,2026-04-04,C0447,UPI,Delivered
O02505,2026-03-09,C0109,COD,Delivered
O02506,2025-06-16,C0317,Net Banking,Delivered
O02507,2024-03-30,C0168,Debit Card,Returned
O02508,2024-10-22,C0812,Credit Card,Delivered
O02509,2024-04-21,C0982,Net Banking,Delivered
O02510,2026-03-23,C0920,Credit Card,Delivered
O02511,2025-08-11,C0435,UPI,Delivered
O02512,2024-06-25,C0442,UPI,Delivered
O02513,2024-12-08,C0218,Debit Card,Delivered
O02514,2025-10-21,C0222,COD,Delivered
O02515,2024-04-10,C0673,UPI,Delivered
O02516,2026-01-27,C0528,UPI,Returned
O02517,2025-09-20,C0278,Credit Card,Delivered
O02518,2025-08-26,C0569,Net Banking,Delivered
O02519,2025-02-04,C0574,UPI,Delivered
O02520,2024-01-28,C0875,UPI,Delivered
O02521,2026-07-25,C0466,Debit Card,Delivered
O02522,2025-06-20,C0839,Credit Card,Delivered
O02523,2024-02-27,C0754,UPI,Delivered
O02524,2025-05-12,C0602,UPI,Delivered
O02525,2024-10-23,C0584,Debit Card,Delivered
O02526,2024-05-13,C0838,Credit Card,Delivered
O02527,2024-11-26,C0030,COD,Delivered
O02528,2024-09-05,C0359,Debit Card,Delivered
O02529,2025-07-03,C0919,UPI,Delivered
O02530,2026-06-20,C0288,Credit Card,Delivered
O02531,2026-07-29,C0086,Credit Card,Delivered
O02532,2024-03-15,C0234,UPI,Delivered
O02533,2025-10-15,C0747,COD,Returned
O02534,2026-04-13,C0313,Net Banking,Delivered
O02535,2024-06-16,C0365,UPI,Returned
O02536,2026-02-09,C0777,UPI,Delivered
O02537,2025-05-17,C0799,UPI,Delivered
O02538,2026-06-03,C0839,UPI,Delivered
O02539,2024-12-20,C0905,Credit Card,Delivered
O02540,2024-08-12,C0269,Credit Card,Delivered
O02541,2025-10-25,C0698,COD,Delivered
O02542,2025-06-14,C0131,UPI,Returned
O02543,2024-05-25,C0803,Credit Card,Delivered
O02544,2024-08-28,C0993,COD,Delivered
O02545,2026-06-02,C0789,Credit Card,Delivered
O02546,2026-06-11,C0832,UPI,Delivered
O02547,2024-12-09,C0351,UPI,Delivered
O02548,2026-01-18,C0180,UPI,Delivered
O02549,2024-02-04,C0802,COD,Delivered
O02550,2025-12-02,C0480,COD,Delivered
O02551,2024-01-01,C0889,COD,Delivered
O02552,2024-06-01,C0163,Net Banking,Delivered
O02553,2025-03-04,C0783,Credit Card,Delivered
O02554,2025-05-22,C0888,COD,Cancelled
O02555,2024-05-05,C0096,COD,Cancelled
O02556,2025-05-05,C0774,Credit Card,Delivered
O02557,2025-04-26,C0510,UPI,Delivered
O02558,2024-12-10,C0365,Credit Card,Delivered
O02559,2026-06-30,C0981,UPI,Delivered
O02560,2026-01-07,C0353,UPI,Delivered
O02561,2024-08-08,C0800,COD,Cancelled
O02562,2026-07-03,C0436,COD,Delivered
O02563,2026-07-07,C0083,UPI,Delivered
O02564,2025-12-23,C0225,Credit Card,Delivered
O02565,2024-01-25,C0412,Net Banking,Returned
O02566,2025-06-11,C0735,Debit Card,Cancelled
O02567,2024-06-30,C0981,Credit Card,Delivered
O02568,2025-05-13,C0118,Debit Card,Delivered
O02569,2026-04-20,C0482,COD,Delivered
O02570,2025-10-02,C0192,COD,Delivered
O02571,2024-02-11,C0591,Credit Card,Delivered
O02572,2026-07-03,C0590,UPI,Delivered
O02573,2025-04-25,C0659,COD,Delivered
O02574,2026-07-18,C0107,UPI,Delivered
O02575,2026-04-27,C0382,Debit Card,Delivered
O02576,2026-01-17,C0783,UPI,Delivered
O02577,2026-05-21,C0390,Credit Card,Delivered
O02578,2025-03-14,C0244,Credit Card,Delivered
O02579,2025-02-05,C0585,UPI,Delivered
O02580,2025-06-29,C0869,COD,Delivered
O02581,2024-12-10,C0468,UPI,Cancelled
O02582,2026-06-11,C0866,COD,Delivered
O02583,2024-02-14,C0934,COD,Delivered
O02584,2025-10-07,C0538,UPI,Delivered
O02585,2024-01-21,C0210,Debit Card,Delivered
O02586,2025-09-25,C0604,UPI,Delivered
O02587,2024-03-10,C0637,Net Banking,Delivered
O02588,2026-05-13,C0947,Credit Card,Delivered
O02589,2026-05-22,C0073,UPI,Returned
O02590,2024-02-17,C0992,Credit Card,Delivered
O02591,2025-05-05,C0635,Debit Card,Delivered
O02592,2025-07-04,C0309,COD,Delivered
O02593,2024-10-13,C0696,UPI,Delivered
O02594,2024-01-10,C0699,Credit Card,Delivered
O02595,2025-06-25,C0710,UPI,Delivered
O02596,2026-01-25,C0590,Net Banking,Delivered
O02597,2024-09-30,C0860,UPI,Delivered
O02598,2025-08-22,C0186,Debit Card,Delivered
O02599,2026-01-25,C0856,UPI,Delivered
O02600,2025-01-15,C0253,Credit Card,Cancelled
O02601,2024-11-24,C0013,Net Banking,Delivered
O02602,2025-04-23,C0299,Net Banking,Delivered
O02603,2024-01-15,C0076,Net Banking,Delivered
O02604,2025-05-30,C0051,Credit Card,Cancelled
O02605,2024-07-09,C0787,COD,Delivered
O02606,2024-06-16,C0149,Credit Card,Returned
O02607,2025-06-04,C0731,COD,Returned
O02608,2025-09-12,C0122,Credit Card,Delivered
O02609,2024-05-16,C0211,Credit Card,Delivered
O02610,2024-06-02,C0280,UPI,Delivered
O02611,2025-01-22,C0538,Credit Card,Delivered
O02612,2024-07-27,C0685,UPI,Delivered
O02613,2024-09-28,C0156,COD,Delivered
O02614,2024-05-22,C0238,Debit Card,Delivered
O02615,2025-09-02,C0376,COD,Delivered
O02616,2026-06-07,C0082,UPI,Delivered
O02617,2026-03-30,C0492,UPI,Delivered
O02618,2024-03-09,C0356,COD,Delivered
O02619,2024-09-03,C0925,Credit Card,Delivered
O02620,2024-09-17,C0273,Credit Card,Delivered
O02621,2026-02-26,C0580,COD,Delivered
O02622,2024-03-19,C0044,Credit Card,Delivered
O02623,2025-10-19,C0573,UPI,Delivered
O02624,2025-09-14,C0123,COD,Delivered
O02625,2026-02-08,C0349,UPI,Delivered
O02626,2025-08-27,C0708,COD,Delivered
O02627,2025-06-08,C0330,UPI,Delivered
O02628,2026-02-10,C0409,Debit Card,Delivered
O02629,2026-07-26,C0991,UPI,Delivered
O02630,2025-09-12,C0323,Debit Card,Delivered
O02631,2024-11-25,C0111,UPI,Delivered
O02632,2024-07-07,C0770,Net Banking,Delivered
O02633,2024-04-04,C0089,Credit Card,Delivered
O02634,2025-09-08,C0433,UPI,Delivered
O02635,2024-01-08,C0710,Debit Card,Delivered
O02636,2024-03-07,C0794,Credit Card,Delivered
O02637,2025-05-10,C0712,UPI,Returned
O02638,2024-07-09,C0099,UPI,Delivered
O02639,2024-12-31,C0539,Credit Card,Delivered
O02640,2026-02-06,C0601,UPI,Delivered
O02641,2025-06-04,C0146,UPI,Delivered
O02642,2024-04-26,C0694,UPI,Delivered
O02643,2024-09-23,C0257,Debit Card,Returned
O02644,2025-09-02,C0189,Credit Card,Delivered
O02645,2025-04-29,C0240,UPI,Delivered
O02646,2025-05-23,C0871,COD,Delivered
O02647,2024-10-24,C0899,COD,Delivered
O02648,2026-06-27,C0503,UPI,Delivered
O02649,2024-06-12,C0708,UPI,Delivered
O02650,2025-01-10,C0809,COD,Delivered
O02651,2025-10-14,C0677,Credit Card,Delivered
O02652,2024-09-24,C0819,UPI,Delivered
O02653,2025-07-02,C0271,Credit Card,Delivered
O02654,2024-03-14,C0520,Net Banking,Delivered
O02655,2025-05-22,C0550,UPI,Delivered
O02656,2024-03-13,C0114,Net Banking,Returned
O02657,2024-11-03,C0339,Debit Card,Delivered
O02658,2024-07-17,C0568,Credit Card,Delivered
O02659,2024-05-09,C0943,COD,Cancelled
O02660,2026-01-27,C0986,UPI,Delivered
O02661,2026-04-03,C0359,Credit Card,Delivered
O02662,2025-07-25,C0650,Credit Card,Delivered
O02663,2026-03-01,C0614,Credit Card,Delivered
O02664,2025-09-06,C0334,UPI,Returned
O02665,2026-03-18,C0689,Credit Card,Delivered
O02666,2026-04-11,C0169,UPI,Delivered
O02667,2025-05-01,C0339,UPI,Delivered
O02668,2026-05-02,C0798,UPI,Delivered
O02669,2024-05-30,C0261,Debit Card,Returned
O02670,2025-10-30,C0887,UPI,Delivered
O02671,2024-07-24,C0735,Debit Card,Delivered
O02672,2024-06-27,C0199,UPI,Delivered
O02673,2024-07-15,C0211,UPI,Cancelled
O02674,2026-01-04,C0287,UPI,Delivered
O02675,2024-03-29,C0692,UPI,Delivered
O02676,2026-03-09,C0762,Credit Card,Delivered
O02677,2025-03-09,C0743,Credit Card,Delivered
O02678,2026-02-26,C0472,COD,Delivered
O02679,2026-01-17,C0482,COD,Delivered
O02680,2024-07-01,C0023,Credit Card,Cancelled
O02681,2024-07-27,C0560,Net Banking,Delivered
O02682,2025-05-07,C0109,UPI,Delivered
O02683,2024-05-09,C0296,Credit Card,Delivered
O02684,2025-10-26,C0006,Debit Card,Delivered
O02685,2024-01-13,C0550,UPI,Cancelled
O02686,2025-09-25,C0681,UPI,Delivered
O02687,2026-05-20,C0868,UPI,Delivered
O02688,2026-01-01,C0795,Credit Card,Delivered
O02689,2024-04-15,C0203,Credit Card,Cancelled
O02690,2025-01-09,C0325,Credit Card,Returned
O02691,2025-08-04,C0825,Credit Card,Delivered
O02692,2025-12-07,C0785,Credit Card,Delivered
O02693,2025-11-28,C0244,Net Banking,Delivered
O02694,2024-04-08,C0327,UPI,Delivered
O02695,2025-08-16,C0987,Net Banking,Delivered
O02696,2025-08-09,C0047,Debit Card,Returned
O02697,2026-06-04,C0761,Debit Card,Delivered
O02698,2026-05-01,C0591,Debit Card,Delivered
O02699,2024-07-10,C0622,Credit Card,Delivered
O02700,2024-11-20,C0013,UPI,Delivered
O02701,2025-12-26,C0907,Credit Card,Delivered
O02702,2026-04-06,C0380,COD,Delivered
O02703,2025-04-11,C0365,Credit Card,Delivered
O02704,2026-06-12,C0602,UPI,Delivered
O02705,2025-01-01,C0342,UPI,Delivered
O02706,2024-11-13,C0860,COD,Delivered
O02707,2024-05-23,C0792,UPI,Delivered
O02708,2025-01-18,C0221,UPI,Delivered
O02709,2024-08-03,C0073,Credit Card,Delivered
O02710,2024-12-26,C0746,COD,Delivered
O02711,2024-11-19,C0772,UPI,Delivered
O02712,2024-01-15,C0625,Credit Card,Delivered
O02713,2024-08-04,C0046,Debit Card,Delivered
O02714,2025-05-06,C0504,UPI,Delivered
O02715,2025-06-30,C0274,COD,Delivered
O02716,2024-07-01,C0555,Credit Card,Delivered
O02717,2024-09-26,C0208,Credit Card,Delivered
O02718,2025-04-11,C0929,COD,Delivered
O02719,2026-05-19,C0861,COD,Delivered
O02720,2025-09-03,C0615,Credit Card,Delivered
O02721,2025-06-02,C0124,UPI,Delivered
O02722,2025-06-25,C0010,Net Banking,Delivered
O02723,2025-04-11,C0329,Credit Card,Cancelled
O02724,2024-10-31,C0187,COD,Delivered
O02725,2024-05-23,C0543,COD,Delivered
O02726,2024-04-20,C0668,UPI,Returned
O02727,2024-08-19,C0060,COD,Delivered
O02728,2025-11-21,C0761,Credit Card,Delivered
O02729,2025-08-06,C0899,Debit Card,Cancelled
O02730,2025-12-22,C0886,UPI,Delivered
O02731,2026-01-01,C0951,COD,Delivered
O02732,2025-08-14,C0782,Debit Card,Delivered
O02733,2025-05-14,C0442,Debit Card,Delivered
O02734,2025-08-17,C0217,COD,Delivered
O02735,2025-07-07,C0911,Credit Card,Delivered
O02736,2024-09-29,C0002,Credit Card,Delivered
O02737,2025-12-03,C0536,COD,Delivered
O02738,2024-06-21,C0718,Debit Card,Delivered
O02739,2024-01-07,C0832,COD,Returned
O02740,2024-06-03,C0711,COD,Delivered
O02741,2025-06-05,C0356,Credit Card,Delivered
O02742,2025-06-29,C0626,Credit Card,Delivered
O02743,2025-07-01,C0792,UPI,Delivered
O02744,2026-07-09,C0667,Debit Card,Delivered
O02745,2025-06-01,C0165,Credit Card,Delivered
O02746,2026-07-08,C0998,Net Banking,Returned
O02747,2026-07-02,C0734,UPI,Delivered
O02748,2024-08-02,C0091,UPI,Delivered
O02749,2024-05-13,C0167,UPI,Delivered
O02750,2024-10-11,C0959,UPI,Delivered
O02751,2024-05-05,C0207,Debit Card,Delivered
O02752,2026-07-09,C0282,UPI,Delivered
O02753,2025-03-14,C0065,UPI,Returned
O02754,2026-04-28,C0888,UPI,Delivered
O02755,2025-11-16,C0516,Net Banking,Delivered
O02756,2024-05-31,C0157,Net Banking,Returned
O02757,2024-11-26,C0761,UPI,Delivered
O02758,2025-06-21,C0769,Debit Card,Delivered
O02759,2025-01-17,C0747,Credit Card,Cancelled
O02760,2024-04-24,C0306,UPI,Delivered
O02761,2026-06-12,C0878,Debit Card,Delivered
O02762,2025-04-26,C0982,UPI,Delivered
O02763,2024-10-10,C0395,Net Banking,Delivered
O02764,2026-06-17,C0074,UPI,Delivered
O02765,2024-03-15,C0187,COD,Delivered
O02766,2024-06-14,C0574,UPI,Delivered
O02767,2024-07-07,C0337,Credit Card,Delivered
O02768,2024-03-18,C0676,COD,Delivered
O02769,2025-08-24,C0568,UPI,Delivered
O02770,2025-11-18,C0623,Credit Card,Delivered
O02771,2024-01-21,C0730,Credit Card,Delivered
O02772,2025-07-19,C0240,Credit Card,Delivered
O02773,2024-07-02,C0533,UPI,Delivered
O02774,2026-05-20,C0141,UPI,Delivered
O02775,2024-08-09,C0265,Debit Card,Delivered
O02776,2026-04-06,C0139,Credit Card,Delivered
O02777,2024-11-23,C0459,Debit Card,Delivered
O02778,2024-06-27,C0070,UPI,Delivered
O02779,2026-02-26,C0385,UPI,Delivered
O02780,2024-04-21,C0630,Credit Card,Delivered
O02781,2026-01-05,C0198,Credit Card,Delivered
O02782,2025-12-26,C0205,Credit Card,Delivered
O02783,2024-02-28,C0726,UPI,Delivered
O02784,2024-11-22,C0568,UPI,Returned
O02785,2026-06-23,C0799,UPI,Delivered
O02786,2025-09-12,C0982,UPI,Delivered
O02787,2026-06-15,C0805,UPI,Delivered
O02788,2025-10-30,C0687,Debit Card,Delivered
O02789,2024-07-09,C0859,Credit Card,Delivered
O02790,2024-07-18,C0882,Credit Card,Cancelled
O02791,2024-11-07,C0974,UPI,Delivered
O02792,2025-12-08,C0640,UPI,Delivered
O02793,2024-02-04,C0431,Credit Card,Delivered
O02794,2025-01-13,C0890,COD,Delivered
O02795,2025-01-21,C0325,Debit Card,Delivered
O02796,2026-01-27,C0442,Debit Card,Delivered
O02797,2024-08-24,C0804,Net Banking,Delivered
O02798,2025-09-07,C0288,Credit Card,Delivered
O02799,2025-06-02,C0226,UPI,Returned
O02800,2024-10-09,C0064,Debit Card,Delivered
O02801,2024-01-01,C0967,UPI,Cancelled
O02802,2025-12-31,C0938,Credit Card,Delivered
O02803,2025-04-08,C0560,Debit Card,Delivered
O02804,2024-08-17,C0714,Net Banking,Delivered
O02805,2024-06-20,C0498,UPI,Delivered
O02806,2024-03-27,C0849,Credit Card,Delivered
O02807,2025-07-06,C0926,Debit Card,Delivered
O02808,2024-05-02,C0917,Net Banking,Delivered
O02809,2026-04-22,C0060,Net Banking,Delivered
O02810,2024-10-24,C0397,COD,Delivered
O02811,2026-06-03,C0257,UPI,Delivered
O02812,2026-07-17,C0577,Credit Card,Delivered
O02813,2025-11-20,C0239,UPI,Delivered
O02814,2025-07-28,C0801,UPI,Delivered
O02815,2025-04-28,C0038,COD,Delivered
O02816,2024-06-13,C0025,COD,Delivered
O02817,2025-11-29,C0410,UPI,Delivered
O02818,2025-01-17,C0461,UPI,Delivered
O02819,2024-07-27,C0571,UPI,Cancelled
O02820,2026-01-08,C0988,Net Banking,Delivered
O02821,2025-03-07,C0417,UPI,Delivered
O02822,2025-01-23,C0357,UPI,Delivered
O02823,2025-07-13,C0383,UPI,Delivered
O02824,2024-08-11,C0809,Credit Card,Delivered
O02825,2024-01-03,C0158,COD,Returned
O02826,2025-01-06,C0569,UPI,Delivered
O02827,2025-11-17,C0433,Credit Card,Delivered
O02828,2025-03-21,C0048,UPI,Delivered
O02829,2025-09-02,C0328,Credit Card,Delivered
O02830,2024-04-25,C0433,Debit Card,Delivered
O02831,2024-09-26,C0431,UPI,Delivered
O02832,2025-03-22,C0056,UPI,Returned
O02833,2025-01-02,C0577,Net Banking,Delivered
O02834,2024-09-09,C0268,UPI,Delivered
O02835,2024-11-12,C0069,Debit Card,Cancelled
O02836,2025-02-18,C0728,Credit Card,Delivered
O02837,2024-04-04,C0902,UPI,Returned
O02838,2026-02-23,C0601,Debit Card,Delivered
O02839,2026-06-10,C0449,Net Banking,Delivered
O02840,2024-01-24,C0793,Credit Card,Delivered
O02841,2025-09-19,C0257,UPI,Delivered
O02842,2025-10-24,C0672,Credit Card,Delivered
O02843,2026-04-29,C0490,Credit Card,Delivered
O02844,2024-02-19,C0746,Credit Card,Delivered
O02845,2025-05-16,C0643,Debit Card,Delivered
O02846,2025-12-18,C0049,UPI,Returned
O02847,2025-05-12,C0659,Credit Card,Delivered
O02848,2024-11-30,C0316,Credit Card,Delivered
O02849,2024-03-19,C0413,UPI,Delivered
O02850,2025-08-04,C0434,Debit Card,Delivered
O02851,2024-01-27,C0002,UPI,Returned
O02852,2024-09-27,C0841,UPI,Delivered
O02853,2025-07-15,C0952,COD,Delivered
O02854,2026-03-14,C0145,UPI,Delivered
O02855,2024-09-03,C0956,UPI,Delivered
O02856,2026-02-14,C0366,Credit Card,Delivered
O02857,2025-08-13,C0420,COD,Delivered
O02858,2025-01-21,C0573,COD,Delivered
O02859,2025-12-02,C0785,Credit Card,Delivered
O02860,2025-07-12,C0561,UPI,Delivered
O02861,2024-12-26,C0844,COD,Delivered
O02862,2026-05-15,C0444,Credit Card,Delivered
O02863,2025-05-02,C0916,Credit Card,Delivered
O02864,2024-12-17,C0434,Net Banking,Delivered
O02865,2025-12-01,C0643,Credit Card,Delivered
O02866,2026-07-16,C0555,UPI,Delivered
O02867,2024-09-12,C0057,Net Banking,Delivered
O02868,2024-08-09,C0562,Credit Card,Delivered
O02869,2026-06-02,C0964,UPI,Delivered
O02870,2026-01-22,C0977,UPI,Delivered
O02871,2026-02-19,C0178,Credit Card,Delivered
O02872,2024-01-01,C0293,UPI,Delivered
O02873,2025-06-29,C0046,UPI,Delivered
O02874,2025-03-21,C0170,Debit Card,Delivered
O02875,2024-03-19,C0271,COD,Delivered
O02876,2024-08-23,C0417,Credit Card,Delivered
O02877,2024-11-29,C0848,Net Banking,Delivered
O02878,2026-06-07,C0139,Net Banking,Delivered
O02879,2024-12-14,C0247,Debit Card,Cancelled
O02880,2024-04-07,C0148,UPI,Delivered
O02881,2024-03-22,C0230,COD,Delivered
O02882,2025-05-16,C0792,Credit Card,Delivered
O02883,2025-04-21,C0637,UPI,Delivered
O02884,2026-07-15,C0704,UPI,Cancelled
O02885,2025-12-04,C0374,Net Banking,Delivered
O02886,2026-02-03,C0080,UPI,Delivered
O02887,2026-07-09,C0606,UPI,Cancelled
O02888,2025-07-03,C0738,Debit Card,Delivered
O02889,2024-01-14,C0065,COD,Delivered
O02890,2025-01-26,C0088,Debit Card,Delivered
O02891,2024-12-12,C0088,UPI,Delivered
O02892,2024-11-05,C0713,UPI,Delivered
O02893,2025-01-20,C0726,Debit Card,Returned
O02894,2024-07-27,C0204,UPI,Delivered
O02895,2024-12-22,C0913,Debit Card,Delivered
O02896,2025-08-23,C0382,UPI,Delivered
O02897,2025-07-21,C0601,COD,Delivered
O02898,2024-04-03,C0476,Credit Card,Delivered
O02899,2024-04-02,C0573,UPI,Delivered
O02900,2024-12-05,C0783,COD,Delivered
O02901,2025-08-19,C0606,UPI,Cancelled
O02902,2025-03-20,C0819,UPI,Delivered
O02903,2026-01-26,C0539,Net Banking,Delivered
O02904,2024-01-22,C0214,UPI,Delivered
O02905,2024-10-17,C0074,Credit Card,Delivered
O02906,2025-04-29,C0061,UPI,Delivered
O02907,2026-02-22,C0698,UPI,Delivered
O02908,2024-11-01,C0543,UPI,Delivered
O02909,2025-09-25,C0219,Debit Card,Delivered
O02910,2024-05-07,C0012,Debit Card,Delivered
O02911,2025-09-16,C0814,UPI,Cancelled
O02912,2026-07-27,C0415,UPI,Delivered
O02913,2024-09-29,C0032,COD,Delivered
O02914,2026-04-27,C0160,COD,Delivered
O02915,2025-03-17,C0237,Credit Card,Delivered
O02916,2025-05-17,C0739,Net Banking,Delivered
O02917,2024-05-09,C0181,Debit Card,Delivered
O02918,2024-05-11,C0829,UPI,Delivered
O02919,2025-08-19,C0558,UPI,Delivered
O02920,2026-07-23,C0341,UPI,Delivered
O02921,2025-04-26,C0458,Net Banking,Delivered
O02922,2026-05-11,C0080,Debit Card,Delivered
O02923,2025-01-24,C0647,Debit Card,Delivered
O02924,2025-08-15,C0772,UPI,Delivered
O02925,2024-11-20,C0987,Debit Card,Delivered
O02926,2024-03-09,C0820,Net Banking,Returned
O02927,2025-10-21,C0759,COD,Delivered
O02928,2025-03-23,C0473,UPI,Delivered
O02929,2025-06-11,C0671,Debit Card,Delivered
O02930,2026-03-29,C0715,UPI,Returned
O02931,2025-09-08,C0112,Debit Card,Delivered
O02932,2024-06-13,C0980,Debit Card,Delivered
O02933,2025-05-02,C0292,UPI,Delivered
O02934,2025-12-13,C0950,Net Banking,Delivered
O02935,2025-12-09,C0822,UPI,Delivered
O02936,2025-03-01,C0631,Net Banking,Delivered
O02937,2025-11-27,C0383,UPI,Delivered
O02938,2026-04-13,C0017,Debit Card,Delivered
O02939,2024-09-21,C0493,COD,Cancelled
O02940,2026-05-24,C0331,UPI,Delivered
O02941,2025-09-03,C0926,Credit Card,Delivered
O02942,2024-12-07,C0739,Credit Card,Delivered
O02943,2026-04-11,C0873,UPI,Cancelled
O02944,2025-12-26,C0486,Credit Card,Delivered
O02945,2024-10-04,C0406,Debit Card,Delivered
O02946,2025-11-04,C0117,COD,Delivered
O02947,2025-03-14,C0555,COD,Delivered
O02948,2024-06-05,C0880,Credit Card,Delivered
O02949,2025-02-25,C0115,Debit Card,Delivered
O02950,2024-09-07,C0795,Net Banking,Delivered
O02951,2026-05-27,C0549,Credit Card,Returned
O02952,2025-08-31,C0814,UPI,Delivered
O02953,2025-06-13,C0625,Credit Card,Delivered
O02954,2024-11-22,C0547,Net Banking,Delivered
O02955,2026-06-13,C0644,Credit Card,Delivered
O02956,2024-04-06,C0336,Debit Card,Delivered
O02957,2025-05-27,C0336,UPI,Delivered
O02958,2024-08-03,C0981,COD,Delivered
O02959,2024-05-11,C0922,Credit Card,Cancelled
O02960,2024-09-16,C0889,Debit Card,Delivered
O02961,2024-05-04,C0740,UPI,Delivered
O02962,2024-03-22,C0147,UPI,Cancelled
O02963,2024-10-09,C0122,Net Banking,Delivered
O02964,2025-11-13,C0081,COD,Delivered
O02965,2024-02-28,C0685,UPI,Delivered
O02966,2025-06-27,C0666,UPI,Delivered
O02967,2024-06-09,C0662,Credit Card,Delivered
O02968,2024-10-10,C0375,UPI,Delivered
O02969,2024-04-15,C0570,UPI,Delivered
O02970,2024-04-14,C0063,Net Banking,Delivered
O02971,2025-03-14,C0504,COD,Cancelled
O02972,2024-08-15,C0668,UPI,Delivered
O02973,2025-11-30,C0449,Credit Card,Delivered
O02974,2025-08-04,C0428,UPI,Delivered
O02975,2024-11-13,C0868,UPI,Delivered
O02976,2025-04-08,C0427,UPI,Delivered
O02977,2026-03-12,C0421,Credit Card,Delivered
O02978,2025-08-21,C0322,UPI,Delivered
O02979,2026-05-31,C0913,Credit Card,Cancelled
O02980,2026-05-23,C0680,UPI,Delivered
O02981,2025-04-16,C0166,UPI,Delivered
O02982,2024-02-25,C0597,UPI,Delivered
O02983,2025-09-16,C0957,COD,Delivered
O02984,2024-01-13,C0649,Debit Card,Cancelled
O02985,2025-03-15,C0461,COD,Delivered
O02986,2024-01-18,C0459,Credit Card,Delivered
O02987,2025-11-24,C0189,UPI,Delivered
O02988,2024-04-22,C0464,Credit Card,Delivered
O02989,2024-08-16,C0912,UPI,Delivered
O02990,2024-06-19,C0379,Debit Card,Delivered
O02991,2024-10-21,C0002,UPI,Delivered
O02992,2024-07-07,C0618,UPI,Delivered
O02993,2025-03-01,C0364,Credit Card,Delivered
O02994,2024-03-19,C0072,Credit Card,Delivered
O02995,2025-10-19,C0427,COD,Delivered
O02996,2026-07-07,C0638,Credit Card,Delivered
O02997,2024-06-30,C0170,Debit Card,Delivered
O02998,2025-05-13,C0205,UPI,Delivered
O02999,2026-03-08,C0825,COD,Delivered
O03000,2026-01-31,C0337,Credit Card,Delivered
O03001,2026-05-15,C0999,Debit Card,Delivered
O03002,2026-04-05,C0472,UPI,Returned
O03003,2025-12-08,C0195,Debit Card,Delivered
O03004,2026-04-14,C0670,UPI,Cancelled
O03005,2024-03-11,C0653,Credit Card,Delivered
O03006,2024-09-04,C0275,COD,Delivered
O03007,2024-05-25,C0007,COD,Delivered
O03008,2025-09-09,C0905,Credit Card,Delivered
O03009,2026-02-13,C0979,Net Banking,Delivered
O03010,2024-10-22,C0566,UPI,Delivered
O03011,2025-08-04,C0616,Net Banking,Delivered
O03012,2025-04-14,C0854,Debit Card,Delivered
O03013,2025-05-20,C0850,Credit Card,Delivered
O03014,2024-07-11,C0573,COD,Delivered
O03015,2024-03-08,C0599,Net Banking,Delivered
O03016,2025-05-08,C0770,UPI,Delivered
O03017,2026-03-27,C0178,Net Banking,Delivered
O03018,2024-02-21,C0242,UPI,Delivered
O03019,2026-05-31,C0203,Net Banking,Delivered
O03020,2024-12-28,C0543,Debit Card,Delivered
O03021,2026-03-07,C0801,UPI,Delivered
O03022,2026-07-05,C0462,Debit Card,Delivered
O03023,2025-04-18,C0080,Credit Card,Returned
O03024,2026-04-25,C0523,Credit Card,Delivered
O03025,2025-06-04,C0417,UPI,Delivered
O03026,2026-02-01,C0766,UPI,Delivered
O03027,2025-03-06,C0384,Net Banking,Cancelled
O03028,2026-04-23,C0391,UPI,Delivered
O03029,2024-10-24,C0896,Credit Card,Delivered
O03030,2025-03-10,C0799,Debit Card,Delivered
O03031,2025-11-26,C0688,UPI,Cancelled
O03032,2025-11-21,C0126,Credit Card,Delivered
O03033,2024-07-16,C0494,Credit Card,Delivered
O03034,2024-05-07,C0047,Debit Card,Delivered
O03035,2025-06-15,C0718,Credit Card,Delivered
O03036,2025-02-14,C0476,Credit Card,Delivered
O03037,2026-07-22,C0949,UPI,Delivered
O03038,2026-04-19,C0619,Net Banking,Delivered
O03039,2024-03-05,C0464,UPI,Delivered
O03040,2025-11-24,C0787,COD,Delivered
O03041,2024-08-28,C0849,Debit Card,Delivered
O03042,2025-01-03,C0123,COD,Cancelled
O03043,2025-06-19,C0474,Credit Card,Delivered
O03044,2025-01-18,C0134,UPI,Cancelled
O03045,2025-03-06,C0619,COD,Delivered
O03046,2024-03-23,C0817,UPI,Delivered
O03047,2026-04-10,C0841,UPI,Delivered
O03048,2025-11-27,C0562,UPI,Delivered
O03049,2026-04-07,C0849,COD,Delivered
O03050,2025-09-02,C0607,Debit Card,Delivered
O03051,2025-07-27,C0780,Credit Card,Delivered
O03052,2024-10-12,C0023,Debit Card,Delivered
O03053,2025-06-17,C0566,Credit Card,Delivered
O03054,2025-04-03,C0886,Net Banking,Delivered
O03055,2024-07-30,C0766,Credit Card,Delivered
O03056,2024-05-05,C0965,Net Banking,Delivered
O03057,2025-02-16,C0235,UPI,Delivered
O03058,2025-05-13,C0996,UPI,Delivered
O03059,2025-02-28,C0059,Credit Card,Delivered
O03060,2025-07-07,C0164,Credit Card,Delivered
O03061,2025-09-01,C0771,Debit Card,Delivered
O03062,2025-06-26,C0826,Credit Card,Cancelled
O03063,2024-06-06,C0216,UPI,Delivered
O03064,2024-04-21,C0183,Credit Card,Delivered
O03065,2025-02-05,C0569,Credit Card,Delivered
O03066,2026-01-28,C0657,UPI,Delivered
O03067,2024-05-01,C0935,Credit Card,Delivered
O03068,2024-09-29,C0090,UPI,Delivered
O03069,2024-10-20,C0964,Credit Card,Delivered
O03070,2025-02-01,C0311,UPI,Delivered
O03071,2025-04-15,C0557,COD,Delivered
O03072,2024-07-25,C0972,Debit Card,Delivered
O03073,2024-04-19,C0257,UPI,Delivered
O03074,2025-03-15,C0533,Debit Card,Delivered
O03075,2024-10-04,C0979,Net Banking,Delivered
O03076,2025-07-21,C0533,Credit Card,Delivered
O03077,2026-06-05,C0052,Net Banking,Delivered
O03078,2026-07-03,C0338,UPI,Delivered
O03079,2025-07-22,C0171,Net Banking,Delivered
O03080,2026-07-28,C0948,Credit Card,Delivered
O03081,2025-04-26,C0067,UPI,Delivered
O03082,2026-03-13,C0625,Credit Card,Delivered
O03083,2024-04-23,C0300,COD,Delivered
O03084,2026-06-11,C0672,Net Banking,Cancelled
O03085,2026-06-15,C0778,Credit Card,Delivered
O03086,2026-03-30,C0832,UPI,Cancelled
O03087,2026-05-02,C0232,Credit Card,Delivered
O03088,2025-04-21,C0975,UPI,Delivered
O03089,2025-12-10,C0837,UPI,Delivered
O03090,2026-07-21,C0068,Credit Card,Delivered
O03091,2024-11-16,C0506,COD,Delivered
O03092,2024-06-27,C0028,Debit Card,Delivered
O03093,2026-06-15,C0949,UPI,Delivered
O03094,2024-08-06,C0628,Credit Card,Delivered
O03095,2026-02-27,C0051,COD,Delivered
O03096,2025-06-11,C0693,Debit Card,Delivered
O03097,2025-05-06,C0260,Debit Card,Delivered
O03098,2026-06-09,C0591,COD,Returned
O03099,2024-03-01,C0785,Net Banking,Delivered
O03100,2024-02-23,C0620,UPI,Delivered
O03101,2025-11-10,C0963,UPI,Returned
O03102,2025-06-21,C0586,COD,Delivered
O03103,2026-04-27,C0687,Credit Card,Delivered
O03104,2024-03-05,C0184,UPI,Delivered
O03105,2025-09-03,C0023,Credit Card,Delivered
O03106,2025-08-08,C0786,Debit Card,Delivered
O03107,2025-12-04,C0129,COD,Delivered
O03108,2024-06-19,C0291,UPI,Delivered
O03109,2024-09-29,C0832,Credit Card,Delivered
O03110,2026-06-07,C0501,COD,Delivered
O03111,2025-11-29,C0186,Credit Card,Cancelled
O03112,2025-06-18,C0479,UPI,Delivered
O03113,2025-01-25,C0571,COD,Cancelled
O03114,2026-07-28,C0492,Credit Card,Delivered
O03115,2025-11-23,C0513,Credit Card,Delivered
O03116,2024-11-22,C0643,Debit Card,Delivered
O03117,2024-04-17,C0067,UPI,Delivered
O03118,2026-04-26,C0805,COD,Delivered
O03119,2024-06-10,C0467,Credit Card,Delivered
O03120,2026-03-24,C0285,Credit Card,Delivered
O03121,2025-03-27,C0601,UPI,Delivered
O03122,2024-07-24,C0417,Credit Card,Delivered
O03123,2025-08-12,C0100,Net Banking,Delivered
O03124,2024-01-16,C0189,Net Banking,Delivered
O03125,2024-11-22,C0989,COD,Delivered
O03126,2025-08-30,C0890,Credit Card,Delivered
O03127,2025-10-20,C0858,Debit Card,Delivered
O03128,2024-01-02,C0388,Credit Card,Delivered
O03129,2024-01-10,C0241,Net Banking,Delivered
O03130,2025-03-09,C0782,Debit Card,Delivered
O03131,2024-05-04,C0731,Credit Card,Returned
O03132,2024-03-21,C0417,UPI,Delivered
O03133,2025-04-29,C0918,UPI,Delivered
O03134,2025-10-13,C0176,Credit Card,Cancelled
O03135,2026-04-17,C0387,COD,Cancelled
O03136,2024-05-29,C0471,UPI,Cancelled
O03137,2026-03-10,C0853,UPI,Delivered
O03138,2026-05-22,C0233,UPI,Delivered
O03139,2024-12-05,C0663,Net Banking,Delivered
O03140,2024-05-08,C0452,Credit Card,Delivered
O03141,2025-03-13,C0277,UPI,Delivered
O03142,2026-01-20,C0229,Credit Card,Delivered
O03143,2025-05-15,C0171,Debit Card,Returned
O03144,2024-02-27,C0735,Credit Card,Delivered
O03145,2024-07-16,C0213,Debit Card,Delivered
O03146,2024-07-29,C0282,UPI,Delivered
O03147,2026-07-02,C0041,Credit Card,Delivered
O03148,2026-06-20,C0122,UPI,Delivered
O03149,2024-02-14,C0227,UPI,Delivered
O03150,2024-04-06,C0294,Credit Card,Returned
O03151,2024-10-05,C0600,UPI,Delivered
O03152,2025-06-18,C0267,Debit Card,Delivered
O03153,2025-02-13,C0541,UPI,Delivered
O03154,2025-04-05,C0759,UPI,Delivered
O03155,2025-01-25,C0828,COD,Delivered
O03156,2026-04-26,C0451,Credit Card,Delivered
O03157,2024-02-13,C0449,Debit Card,Delivered
O03158,2024-01-27,C0756,Net Banking,Delivered
O03159,2026-03-04,C0061,Credit Card,Delivered
O03160,2024-04-06,C0502,Net Banking,Cancelled
O03161,2025-07-01,C0147,Credit Card,Delivered
O03162,2025-09-12,C0686,UPI,Delivered
O03163,2025-07-20,C0945,UPI,Delivered
O03164,2025-12-04,C0790,Credit Card,Delivered
O03165,2024-08-06,C0334,UPI,Delivered
O03166,2024-07-03,C0881,UPI,Delivered
O03167,2024-03-09,C0953,UPI,Delivered
O03168,2026-04-08,C0891,UPI,Delivered
O03169,2024-05-09,C0142,UPI,Delivered
O03170,2025-07-20,C0044,UPI,Delivered
O03171,2026-06-08,C0144,UPI,Delivered
O03172,2025-08-31,C0865,UPI,Delivered
O03173,2026-04-27,C0333,Credit Card,Cancelled
O03174,2025-08-21,C0998,UPI,Delivered
O03175,2026-03-16,C0497,COD,Delivered
O03176,2025-09-22,C0396,Net Banking,Returned
O03177,2025-12-20,C0055,Credit Card,Delivered
O03178,2024-11-29,C0307,Debit Card,Returned
O03179,2026-07-13,C0870,Credit Card,Delivered
O03180,2024-06-02,C0423,UPI,Delivered
O03181,2025-06-30,C0417,COD,Delivered
O03182,2024-03-19,C0673,UPI,Delivered
O03183,2025-08-01,C0797,COD,Delivered
O03184,2026-05-04,C0325,Credit Card,Delivered
O03185,2025-02-16,C0710,UPI,Delivered
O03186,2025-06-29,C0671,Credit Card,Delivered
O03187,2025-08-31,C0080,Credit Card,Delivered
O03188,2024-06-17,C0031,UPI,Delivered
O03189,2025-11-11,C0985,Credit Card,Delivered
O03190,2025-10-24,C0112,Debit Card,Delivered
O03191,2025-08-05,C0558,Credit Card,Delivered
O03192,2025-05-29,C0865,UPI,Delivered
O03193,2024-11-09,C0717,UPI,Delivered
O03194,2024-02-01,C0564,COD,Delivered
O03195,2024-10-13,C0650,Credit Card,Delivered
O03196,2025-08-16,C0472,Credit Card,Delivered
O03197,2024-02-12,C0074,COD,Returned
O03198,2026-06-21,C0553,UPI,Returned
O03199,2025-09-08,C0479,Credit Card,Delivered
O03200,2024-01-01,C0589,Net Banking,Delivered
O03201,2025-07-26,C0387,Net Banking,Delivered
O03202,2024-09-26,C0699,UPI,Delivered
O03203,2024-06-28,C0882,UPI,Returned
O03204,2026-01-05,C0564,Debit Card,Delivered
O03205,2025-06-01,C0930,UPI,Delivered
O03206,2024-04-12,C0433,COD,Delivered
O03207,2024-01-10,C0412,UPI,Delivered
O03208,2025-08-05,C0467,UPI,Delivered
O03209,2024-03-30,C0599,UPI,Delivered
O03210,2024-08-13,C0621,Debit Card,Delivered
O03211,2025-10-31,C0992,COD,Delivered
O03212,2026-01-09,C0909,Debit Card,Delivered
O03213,2026-07-05,C0737,COD,Delivered
O03214,2024-05-05,C0994,UPI,Delivered
O03215,2024-07-27,C0993,UPI,Delivered
O03216,2024-04-06,C0248,Net Banking,Cancelled
O03217,2024-03-14,C0581,COD,Delivered
O03218,2025-09-18,C0120,Net Banking,Delivered
O03219,2024-07-09,C0067,Net Banking,Delivered
O03220,2025-11-12,C0573,Credit Card,Delivered
O03221,2026-03-29,C0956,UPI,Delivered
O03222,2025-12-16,C0327,COD,Delivered
O03223,2024-02-25,C0920,UPI,Delivered
O03224,2025-12-20,C0703,Credit Card,Delivered
O03225,2025-07-06,C0470,Debit Card,Delivered
O03226,2024-02-01,C0493,UPI,Delivered
O03227,2025-06-10,C0701,Net Banking,Delivered
O03228,2025-07-27,C0663,UPI,Delivered
O03229,2025-10-28,C0286,Net Banking,Delivered
O03230,2024-10-10,C0956,Debit Card,Delivered
O03231,2025-12-21,C0914,Credit Card,Delivered
O03232,2026-04-11,C0608,Credit Card,Delivered
O03233,2025-05-08,C0312,UPI,Delivered
O03234,2024-07-05,C0309,Credit Card,Delivered
O03235,2025-05-12,C0775,Credit Card,Delivered
O03236,2025-03-17,C0097,Credit Card,Delivered
O03237,2024-05-09,C0965,UPI,Delivered
O03238,2025-09-30,C0113,UPI,Delivered
O03239,2024-10-18,C0988,UPI,Delivered
O03240,2024-04-23,C0637,Debit Card,Returned
O03241,2024-07-17,C0456,UPI,Delivered
O03242,2024-01-13,C0463,COD,Delivered
O03243,2024-09-27,C0948,Debit Card,Delivered
O03244,2025-08-23,C0132,Net Banking,Delivered
O03245,2024-08-02,C0930,Net Banking,Delivered
O03246,2025-03-19,C0965,UPI,Delivered
O03247,2026-02-28,C0929,Net Banking,Cancelled
O03248,2025-05-26,C0121,Credit Card,Delivered
O03249,2025-03-22,C0197,COD,Delivered
O03250,2025-12-15,C0806,COD,Delivered
O03251,2024-03-14,C0482,UPI,Delivered
O03252,2025-06-20,C0634,Credit Card,Delivered
O03253,2024-04-10,C0794,Credit Card,Delivered
O03254,2024-06-24,C0897,Debit Card,Delivered
O03255,2025-03-02,C0772,UPI,Delivered
O03256,2024-04-26,C0039,UPI,Cancelled
O03257,2024-06-14,C0566,Credit Card,Cancelled
O03258,2024-02-10,C0512,Credit Card,Delivered
O03259,2025-03-04,C0474,COD,Delivered
O03260,2024-12-09,C0161,Net Banking,Delivered
O03261,2025-02-27,C0289,Credit Card,Delivered
O03262,2024-12-31,C0200,UPI,Delivered
O03263,2024-04-29,C0788,UPI,Delivered
O03264,2025-08-31,C0528,Credit Card,Delivered
O03265,2025-10-18,C0917,Net Banking,Delivered
O03266,2025-12-28,C0685,Credit Card,Delivered
O03267,2024-08-16,C0503,Credit Card,Delivered
O03268,2026-04-04,C0248,COD,Delivered
O03269,2024-05-09,C0383,COD,Delivered
O03270,2024-12-17,C0218,UPI,Delivered
O03271,2026-06-07,C0087,UPI,Delivered
O03272,2024-11-13,C0082,UPI,Delivered
O03273,2025-10-10,C0062,Debit Card,Delivered
O03274,2026-04-15,C0799,COD,Delivered
O03275,2024-12-02,C0500,UPI,Delivered
O03276,2024-09-29,C0042,UPI,Delivered
O03277,2024-04-26,C0012,COD,Delivered
O03278,2026-03-28,C0833,Debit Card,Delivered
O03279,2025-01-02,C0746,COD,Delivered
O03280,2024-04-03,C0841,Credit Card,Delivered
O03281,2024-06-16,C0643,Credit Card,Delivered
O03282,2025-12-15,C0115,UPI,Delivered
O03283,2024-12-06,C0218,UPI,Returned
O03284,2025-10-22,C0649,Credit Card,Delivered
O03285,2026-07-02,C0106,Credit Card,Delivered
O03286,2025-11-25,C0691,UPI,Delivered
O03287,2026-07-13,C0528,COD,Delivered
O03288,2024-05-31,C0472,UPI,Returned
O03289,2025-08-08,C0754,Debit Card,Delivered
O03290,2026-05-26,C0846,UPI,Delivered
O03291,2026-07-01,C0893,Net Banking,Delivered
O03292,2024-09-30,C0387,UPI,Delivered
O03293,2025-07-07,C0226,Net Banking,Delivered
O03294,2025-05-10,C0481,UPI,Delivered
O03295,2025-12-24,C0754,Credit Card,Delivered
O03296,2024-04-10,C0408,Debit Card,Delivered
O03297,2025-07-10,C0457,UPI,Delivered
O03298,2024-03-22,C0653,UPI,Delivered
O03299,2025-06-12,C0898,COD,Delivered
O03300,2024-03-13,C0711,COD,Delivered
O03301,2024-01-14,C0624,UPI,Delivered
O03302,2025-03-08,C0639,UPI,Delivered
O03303,2024-06-05,C0021,UPI,Delivered
O03304,2026-01-04,C0659,UPI,Delivered
O03305,2024-05-11,C0601,COD,Delivered
O03306,2024-12-03,C0815,Credit Card,Delivered
O03307,2025-02-07,C0918,Credit Card,Delivered
O03308,2025-01-10,C0203,COD,Delivered
O03309,2026-06-06,C0417,Credit Card,Delivered
O03310,2025-07-12,C0416,Debit Card,Delivered
O03311,2024-04-16,C0448,UPI,Delivered
O03312,2025-09-11,C0512,Credit Card,Delivered
O03313,2024-09-21,C0085,Credit Card,Delivered
O03314,2024-07-23,C0167,UPI,Delivered
O03315,2024-03-19,C0384,UPI,Delivered
O03316,2024-06-03,C0468,UPI,Delivered
O03317,2026-02-21,C0072,UPI,Delivered
O03318,2024-09-03,C0810,Credit Card,Delivered
O03319,2025-06-14,C0997,Credit Card,Delivered
O03320,2026-05-07,C0521,Credit Card,Delivered
O03321,2025-06-21,C0793,UPI,Cancelled
O03322,2025-12-29,C0473,Debit Card,Delivered
O03323,2024-06-02,C0993,UPI,Delivered
O03324,2024-06-02,C0258,Credit Card,Delivered
O03325,2025-11-16,C0275,Net Banking,Delivered
O03326,2024-04-01,C0750,UPI,Delivered
O03327,2025-03-08,C0020,Net Banking,Delivered
O03328,2024-12-03,C0490,Net Banking,Delivered
O03329,2025-04-24,C0745,UPI,Delivered
O03330,2025-11-23,C0490,UPI,Cancelled
O03331,2024-05-10,C0733,COD,Delivered
O03332,2025-03-25,C0326,UPI,Delivered
O03333,2026-03-20,C0529,Net Banking,Delivered
O03334,2026-02-25,C0892,Credit Card,Delivered
O03335,2024-09-29,C0089,UPI,Delivered
O03336,2026-07-17,C0486,UPI,Delivered
O03337,2025-08-10,C0708,Credit Card,Delivered
O03338,2024-06-25,C0350,Credit Card,Cancelled
O03339,2025-11-26,C0084,Debit Card,Delivered
O03340,2026-04-10,C0387,COD,Delivered
O03341,2025-10-04,C0087,Net Banking,Delivered
O03342,2026-05-24,C0307,UPI,Delivered
O03343,2024-02-18,C0850,COD,Delivered
O03344,2025-07-20,C0154,Net Banking,Delivered
O03345,2025-10-27,C0440,COD,Delivered
O03346,2024-12-20,C0740,Credit Card,Delivered
O03347,2025-12-12,C0960,Net Banking,Returned
O03348,2024-11-03,C0264,Credit Card,Delivered
O03349,2026-05-17,C0977,UPI,Delivered
O03350,2026-06-03,C0735,COD,Delivered
O03351,2025-09-21,C0421,UPI,Delivered
O03352,2026-02-13,C0493,UPI,Delivered
O03353,2024-02-15,C0633,COD,Delivered
O03354,2024-10-28,C0993,UPI,Delivered
O03355,2026-05-17,C0411,COD,Delivered
O03356,2026-06-30,C0173,Debit Card,Delivered
O03357,2025-02-11,C0004,UPI,Delivered
O03358,2024-07-07,C0854,Credit Card,Delivered
O03359,2026-04-01,C0640,Net Banking,Delivered
O03360,2026-04-09,C0986,Credit Card,Delivered
O03361,2024-05-08,C0992,COD,Delivered
O03362,2025-07-14,C0472,COD,Delivered
O03363,2025-06-20,C0110,UPI,Returned
O03364,2024-09-22,C0867,UPI,Delivered
O03365,2024-04-27,C0037,COD,Delivered
O03366,2025-04-08,C0992,Credit Card,Delivered
O03367,2024-05-23,C0583,UPI,Delivered
O03368,2025-03-17,C0801,Net Banking,Delivered
O03369,2024-07-18,C0031,COD,Delivered
O03370,2024-06-05,C0951,Debit Card,Delivered
O03371,2025-05-01,C0381,Credit Card,Delivered
O03372,2026-05-09,C0268,Debit Card,Delivered
O03373,2024-05-13,C0011,Debit Card,Delivered
O03374,2026-06-30,C0344,COD,Delivered
O03375,2024-05-27,C0840,COD,Delivered
O03376,2024-12-01,C0544,Credit Card,Delivered
O03377,2024-03-11,C0569,Net Banking,Delivered
O03378,2024-08-20,C0166,COD,Delivered
O03379,2024-11-29,C0700,UPI,Delivered
O03380,2026-03-21,C0342,UPI,Returned
O03381,2025-10-27,C0482,COD,Returned
O03382,2024-03-30,C0019,UPI,Delivered
O03383,2024-11-29,C0628,UPI,Delivered
O03384,2024-07-17,C0980,UPI,Delivered
O03385,2024-06-09,C0184,Credit Card,Returned
O03386,2025-06-21,C0782,UPI,Delivered
O03387,2024-04-30,C0545,UPI,Delivered
O03388,2024-10-27,C0010,COD,Delivered
O03389,2025-12-24,C0592,Debit Card,Delivered
O03390,2025-07-28,C0192,Debit Card,Delivered
O03391,2025-03-11,C0320,UPI,Delivered
O03392,2024-03-08,C0702,Debit Card,Delivered
O03393,2026-02-03,C0580,Debit Card,Delivered
O03394,2026-07-10,C0475,Debit Card,Delivered
O03395,2025-04-03,C0860,UPI,Delivered
O03396,2025-05-28,C0637,Credit Card,Delivered
O03397,2025-02-01,C0427,Net Banking,Delivered
O03398,2025-09-11,C0848,Debit Card,Delivered
O03399,2024-10-12,C0059,Debit Card,Delivered
O03400,2025-07-14,C0436,Credit Card,Delivered
O03401,2024-05-19,C0097,Credit Card,Delivered
O03402,2025-12-30,C0496,Net Banking,Delivered
O03403,2025-07-09,C0787,UPI,Delivered
O03404,2026-07-17,C0661,Debit Card,Delivered
O03405,2026-02-19,C0278,COD,Delivered
O03406,2025-08-12,C0265,Net Banking,Delivered
O03407,2025-12-28,C0009,UPI,Delivered
O03408,2026-06-12,C0457,UPI,Delivered
O03409,2025-09-01,C0795,Debit Card,Delivered
O03410,2026-01-17,C0273,COD,Delivered
O03411,2024-10-08,C0940,Credit Card,Delivered
O03412,2025-10-22,C0813,Credit Card,Delivered
O03413,2026-07-12,C0008,UPI,Delivered
O03414,2026-03-26,C0208,Debit Card,Delivered
O03415,2026-07-24,C0914,Debit Card,Delivered
O03416,2025-07-31,C0637,COD,Cancelled
O03417,2026-01-15,C0123,UPI,Delivered
O03418,2025-04-01,C0033,Net Banking,Delivered
O03419,2024-03-27,C0513,Credit Card,Delivered
O03420,2024-03-19,C0204,Credit Card,Delivered
O03421,2024-07-23,C0518,Net Banking,Delivered
O03422,2026-03-01,C0809,UPI,Delivered
O03423,2024-12-02,C0951,UPI,Delivered
O03424,2024-09-10,C0517,Net Banking,Delivered
O03425,2024-10-30,C0443,Credit Card,Delivered
O03426,2025-01-14,C0592,UPI,Delivered
O03427,2024-05-09,C0786,Credit Card,Delivered
O03428,2025-08-18,C0689,Credit Card,Delivered
O03429,2024-10-02,C0850,COD,Delivered
O03430,2025-11-29,C0833,UPI,Returned
O03431,2025-07-11,C0339,Net Banking,Delivered
O03432,2026-06-17,C0438,UPI,Delivered
O03433,2024-07-01,C0445,UPI,Delivered
O03434,2024-09-24,C0136,UPI,Delivered
O03435,2026-03-18,C0387,COD,Delivered
O03436,2024-11-17,C0025,UPI,Cancelled
O03437,2025-05-26,C0506,Net Banking,Delivered
O03438,2025-09-03,C0325,Credit Card,Cancelled
O03439,2024-03-18,C0695,COD,Delivered
O03440,2026-02-22,C0680,Net Banking,Delivered
O03441,2024-12-04,C0979,Debit Card,Delivered
O03442,2025-11-04,C0338,COD,Delivered
O03443,2025-07-09,C0690,Debit Card,Delivered
O03444,2025-05-23,C0885,Net Banking,Delivered
O03445,2024-08-25,C0095,UPI,Delivered
O03446,2024-05-13,C0545,UPI,Delivered
O03447,2024-07-10,C0623,Debit Card,Delivered
O03448,2024-12-21,C0146,Credit Card,Cancelled
O03449,2024-10-04,C0893,Credit Card,Delivered
O03450,2024-01-18,C0953,Credit Card,Delivered
O03451,2025-06-07,C0231,Credit Card,Delivered
O03452,2024-06-28,C0784,Debit Card,Delivered
O03453,2024-05-02,C0848,UPI,Delivered
O03454,2024-09-02,C0495,COD,Cancelled
O03455,2026-01-03,C0038,COD,Delivered
O03456,2025-01-07,C0425,COD,Cancelled
O03457,2024-02-20,C0647,Credit Card,Delivered
O03458,2024-03-11,C0846,Credit Card,Delivered
O03459,2025-04-24,C0747,COD,Delivered
O03460,2025-07-13,C0437,COD,Delivered
O03461,2024-01-19,C0831,Net Banking,Delivered
O03462,2026-02-12,C0368,Credit Card,Cancelled
O03463,2024-03-24,C0345,Credit Card,Delivered
O03464,2024-06-03,C0160,Net Banking,Delivered
O03465,2025-07-18,C0550,UPI,Delivered
O03466,2025-09-10,C0662,Debit Card,Delivered
O03467,2024-12-22,C0912,Net Banking,Delivered
O03468,2026-03-26,C0820,Debit Card,Cancelled
O03469,2025-10-08,C0541,Credit Card,Returned
O03470,2025-03-18,C0144,Credit Card,Delivered
O03471,2024-03-09,C0588,COD,Cancelled
O03472,2025-06-06,C0657,Debit Card,Delivered
O03473,2024-05-22,C0741,Net Banking,Delivered
O03474,2024-07-10,C0576,Debit Card,Delivered
O03475,2025-01-21,C0859,Debit Card,Delivered
O03476,2025-01-12,C0345,Debit Card,Delivered
O03477,2025-08-03,C0269,Credit Card,Delivered
O03478,2025-06-18,C0840,Credit Card,Delivered
O03479,2025-11-23,C0696,Credit Card,Delivered
O03480,2024-10-19,C0773,UPI,Delivered
O03481,2024-01-09,C0268,UPI,Cancelled
O03482,2024-09-27,C0169,UPI,Delivered
O03483,2025-01-21,C0771,COD,Delivered
O03484,2024-04-02,C0739,UPI,Delivered
O03485,2025-06-12,C0033,UPI,Delivered
O03486,2024-06-02,C0377,UPI,Cancelled
O03487,2025-02-08,C0214,Debit Card,Returned
O03488,2026-04-19,C0562,UPI,Delivered
O03489,2024-05-28,C0440,Credit Card,Delivered
O03490,2026-06-07,C0492,UPI,Delivered
O03491,2024-09-23,C0393,Net Banking,Delivered
O03492,2025-02-25,C0489,COD,Delivered
O03493,2026-04-19,C0722,COD,Delivered
O03494,2025-09-09,C0946,Credit Card,Delivered
O03495,2025-04-16,C0029,Debit Card,Returned
O03496,2026-06-11,C0039,Credit Card,Delivered
O03497,2025-06-30,C0859,Credit Card,Delivered
O03498,2025-09-22,C0612,Credit Card,Delivered
O03499,2025-06-09,C0173,UPI,Delivered
O03500,2025-05-17,C0017,Net Banking,Delivered
O03501,2024-01-14,C0056,UPI,Delivered
O03502,2026-02-16,C0226,Credit Card,Delivered
O03503,2025-10-13,C0558,Credit Card,Delivered
O03504,2026-03-16,C0067,Credit Card,Delivered
O03505,2024-12-29,C0197,Net Banking,Delivered
O03506,2024-04-28,C0654,Debit Card,Delivered
O03507,2024-08-25,C0835,Debit Card,Delivered
O03508,2025-06-29,C0023,Credit Card,Delivered
O03509,2024-06-17,C0999,UPI,Delivered
O03510,2025-06-05,C0606,Credit Card,Returned
O03511,2025-09-25,C0754,COD,Delivered
O03512,2026-07-01,C0237,COD,Delivered
O03513,2025-10-18,C0957,Debit Card,Delivered
O03514,2026-01-04,C0919,UPI,Delivered
O03515,2026-06-01,C0923,UPI,Delivered
O03516,2026-02-07,C0566,Credit Card,Delivered
O03517,2026-02-18,C0138,COD,Delivered
O03518,2026-05-20,C0473,Debit Card,Cancelled
O03519,2025-05-30,C0845,COD,Delivered
O03520,2026-07-26,C0784,Debit Card,Delivered
O03521,2025-01-31,C0553,UPI,Delivered
O03522,2026-05-15,C0610,UPI,Delivered
O03523,2024-04-15,C0695,UPI,Cancelled
O03524,2024-03-25,C0640,Credit Card,Delivered
O03525,2024-08-01,C0229,UPI,Delivered
O03526,2024-04-30,C0317,Debit Card,Delivered
O03527,2024-05-11,C0598,Debit Card,Delivered
O03528,2026-04-29,C0768,UPI,Cancelled
O03529,2024-07-15,C0721,UPI,Delivered
O03530,2024-01-19,C0727,UPI,Cancelled
O03531,2025-10-03,C0886,Debit Card,Delivered
O03532,2024-01-12,C0612,Credit Card,Delivered
O03533,2024-03-21,C0561,UPI,Returned
O03534,2024-11-25,C0201,COD,Delivered
O03535,2026-05-15,C0948,Credit Card,Delivered
O03536,2026-02-12,C0258,Credit Card,Delivered
O03537,2025-01-26,C0480,Debit Card,Delivered
O03538,2025-09-28,C0888,Net Banking,Delivered
O03539,2024-11-02,C0178,Debit Card,Delivered
O03540,2024-09-23,C0757,Credit Card,Delivered
O03541,2025-03-22,C0123,Credit Card,Delivered
O03542,2025-03-16,C0342,Net Banking,Delivered
O03543,2026-06-13,C0171,Credit Card,Delivered
O03544,2025-10-13,C0845,Debit Card,Delivered
O03545,2026-04-20,C0648,COD,Delivered
O03546,2024-01-02,C0059,COD,Delivered
O03547,2025-06-03,C0705,UPI,Returned
O03548,2026-01-31,C0465,UPI,Delivered
O03549,2025-10-12,C0780,UPI,Cancelled
O03550,2025-09-27,C0260,Net Banking,Delivered
O03551,2024-11-04,C0373,Credit Card,Delivered
O03552,2026-01-09,C0973,UPI,Delivered
O03553,2025-06-05,C0095,UPI,Delivered
O03554,2025-04-13,C0125,UPI,Delivered
O03555,2024-07-30,C0041,UPI,Returned
O03556,2024-04-21,C0891,UPI,Delivered
O03557,2024-01-08,C0254,Debit Card,Delivered
O03558,2026-03-14,C0007,UPI,Delivered
O03559,2025-04-21,C0471,UPI,Delivered
O03560,2026-05-23,C0728,Net Banking,Delivered
O03561,2025-04-04,C0511,Net Banking,Delivered
O03562,2024-09-09,C0581,UPI,Delivered
O03563,2025-06-09,C0069,UPI,Delivered
O03564,2026-01-21,C0081,Debit Card,Delivered
O03565,2025-03-13,C0542,Credit Card,Delivered
O03566,2026-01-23,C0585,UPI,Delivered
O03567,2026-05-03,C0262,UPI,Delivered
O03568,2025-10-22,C0089,UPI,Delivered
O03569,2024-08-23,C0915,Credit Card,Delivered
O03570,2024-11-01,C0208,COD,Delivered
O03571,2025-04-22,C0213,Net Banking,Delivered
O03572,2025-11-09,C0834,Credit Card,Delivered
O03573,2024-01-20,C0266,Credit Card,Delivered
O03574,2024-08-03,C0912,Debit Card,Delivered
O03575,2026-05-04,C0293,Credit Card,Delivered
O03576,2024-05-14,C0207,UPI,Returned
O03577,2026-06-23,C0333,Debit Card,Delivered
O03578,2024-05-08,C0077,COD,Delivered
O03579,2025-02-13,C0288,Credit Card,Delivered
O03580,2025-02-25,C0047,Net Banking,Delivered
O03581,2024-10-20,C0622,Credit Card,Delivered
O03582,2024-09-02,C0200,Credit Card,Delivered
O03583,2025-12-01,C0427,UPI,Delivered
O03584,2025-07-09,C0210,Debit Card,Delivered
O03585,2024-03-26,C0888,Net Banking,Delivered
O03586,2025-07-09,C0420,Debit Card,Delivered
O03587,2026-04-21,C0154,UPI,Delivered
O03588,2025-01-09,C0522,UPI,Delivered
O03589,2025-03-21,C0415,Credit Card,Delivered
O03590,2025-01-12,C0353,Credit Card,Delivered
O03591,2025-01-24,C0157,Credit Card,Delivered
O03592,2025-10-18,C0261,COD,Delivered
O03593,2024-02-20,C0077,Debit Card,Delivered
O03594,2024-08-29,C0769,Credit Card,Delivered
O03595,2024-10-20,C0983,UPI,Delivered
O03596,2026-07-08,C0488,UPI,Delivered
O03597,2025-07-16,C0131,Debit Card,Delivered
O03598,2024-09-22,C0579,Net Banking,Delivered
O03599,2024-04-29,C0455,Debit Card,Delivered
O03600,2025-12-12,C0740,Credit Card,Delivered
O03601,2026-07-05,C0163,UPI,Delivered
O03602,2024-09-04,C0015,COD,Delivered
O03603,2024-03-10,C0232,COD,Returned
O03604,2026-05-02,C0195,Credit Card,Delivered
O03605,2024-02-26,C0861,UPI,Delivered
O03606,2025-01-16,C0542,Credit Card,Delivered
O03607,2024-02-08,C0359,COD,Delivered
O03608,2026-03-11,C0850,Debit Card,Delivered
O03609,2025-03-18,C0331,Debit Card,Delivered
O03610,2024-01-18,C0427,UPI,Delivered
O03611,2026-01-01,C0497,UPI,Delivered
O03612,2026-04-04,C0828,UPI,Delivered
O03613,2026-01-25,C0486,COD,Delivered
O03614,2024-12-17,C0808,Credit Card,Delivered
O03615,2026-03-26,C0449,Net Banking,Delivered
O03616,2024-10-24,C0413,UPI,Delivered
O03617,2024-10-09,C0330,COD,Delivered
O03618,2025-08-08,C0732,Net Banking,Delivered
O03619,2024-04-19,C0889,UPI,Returned
O03620,2024-06-28,C0991,COD,Delivered
O03621,2026-07-26,C0147,UPI,Delivered
O03622,2025-06-27,C0259,UPI,Delivered
O03623,2026-01-15,C0292,UPI,Delivered
O03624,2026-03-04,C0811,COD,Delivered
O03625,2024-01-25,C0143,COD,Delivered
O03626,2026-04-22,C0993,UPI,Delivered
O03627,2026-03-01,C0937,Debit Card,Delivered
O03628,2026-01-07,C0747,Debit Card,Delivered
O03629,2024-02-26,C0627,Net Banking,Delivered
O03630,2024-06-28,C0365,UPI,Delivered
O03631,2024-08-19,C0090,Credit Card,Delivered
O03632,2026-06-12,C0720,Debit Card,Delivered
O03633,2024-12-08,C0164,UPI,Delivered
O03634,2025-04-21,C0481,Credit Card,Delivered
O03635,2026-03-09,C0084,Debit Card,Delivered
O03636,2025-07-29,C0077,UPI,Delivered
O03637,2025-03-30,C0673,COD,Delivered
O03638,2024-08-19,C0517,UPI,Delivered
O03639,2024-10-15,C0485,COD,Delivered
O03640,2024-07-31,C0590,UPI,Delivered
O03641,2024-09-14,C0603,UPI,Delivered
O03642,2025-06-13,C0599,UPI,Delivered
O03643,2025-11-17,C0782,Net Banking,Delivered
O03644,2026-07-17,C0104,Net Banking,Delivered
O03645,2024-08-16,C0452,UPI,Cancelled
O03646,2024-08-13,C0487,UPI,Delivered
O03647,2025-08-18,C0339,Debit Card,Delivered
O03648,2026-03-13,C0687,Credit Card,Delivered
O03649,2025-03-10,C0566,Net Banking,Delivered
O03650,2026-05-31,C0900,UPI,Delivered
O03651,2026-01-27,C0478,Debit Card,Delivered
O03652,2025-02-05,C0723,Debit Card,Delivered
O03653,2025-09-13,C0607,COD,Delivered
O03654,2026-02-04,C0223,Debit Card,Delivered
O03655,2024-03-28,C0009,UPI,Delivered
O03656,2025-08-06,C0053,UPI,Delivered
O03657,2026-06-11,C0077,Debit Card,Delivered
O03658,2025-06-25,C0718,Credit Card,Cancelled
O03659,2025-11-14,C0503,COD,Delivered
O03660,2024-11-04,C0316,Debit Card,Delivered
O03661,2026-06-24,C0814,Credit Card,Delivered
O03662,2024-12-08,C0822,Credit Card,Delivered
O03663,2025-03-11,C0842,Credit Card,Delivered
O03664,2024-06-25,C0624,UPI,Returned
O03665,2024-05-18,C0863,UPI,Delivered
O03666,2024-07-12,C0165,Credit Card,Delivered
O03667,2024-07-04,C0279,UPI,Delivered
O03668,2024-08-05,C0027,UPI,Delivered
O03669,2024-06-12,C0070,UPI,Delivered
O03670,2024-06-09,C0218,UPI,Cancelled
O03671,2026-07-31,C0962,UPI,Delivered
O03672,2025-06-08,C0365,Debit Card,Delivered
O03673,2026-03-18,C0701,Credit Card,Returned
O03674,2025-08-23,C0845,Credit Card,Delivered
O03675,2026-04-15,C0947,Debit Card,Delivered
O03676,2024-02-11,C0306,COD,Delivered
O03677,2026-07-03,C0124,UPI,Delivered
O03678,2024-07-28,C0019,Credit Card,Delivered
O03679,2026-01-10,C0257,UPI,Delivered
O03680,2026-05-11,C0296,Credit Card,Delivered
O03681,2024-10-01,C0928,COD,Delivered
O03682,2024-10-05,C0022,Debit Card,Delivered
O03683,2024-09-07,C0880,Debit Card,Delivered
O03684,2024-11-05,C0989,Credit Card,Delivered
O03685,2025-12-20,C0450,Debit Card,Delivered
O03686,2026-04-12,C0552,UPI,Delivered
O03687,2024-05-19,C0550,Credit Card,Delivered
O03688,2026-03-02,C0048,Credit Card,Cancelled
O03689,2025-06-29,C0695,UPI,Delivered
O03690,2026-03-31,C0587,UPI,Delivered
O03691,2026-06-22,C0721,Net Banking,Delivered
O03692,2025-06-13,C0183,UPI,Delivered
O03693,2024-02-26,C0435,UPI,Delivered
O03694,2024-04-21,C0107,Credit Card,Delivered
O03695,2024-01-05,C0188,UPI,Delivered
O03696,2025-02-13,C0776,Debit Card,Delivered
O03697,2025-02-17,C0086,Debit Card,Returned
O03698,2024-06-30,C0836,Net Banking,Delivered
O03699,2024-01-13,C0843,UPI,Delivered
O03700,2024-12-04,C0456,Debit Card,Delivered
O03701,2026-03-07,C0137,COD,Delivered
O03702,2024-09-15,C0858,UPI,Delivered
O03703,2024-03-30,C0898,UPI,Delivered
O03704,2025-09-07,C0336,COD,Delivered
O03705,2026-06-09,C0607,UPI,Delivered
O03706,2025-11-28,C0838,Credit Card,Delivered
O03707,2024-09-06,C0757,UPI,Delivered
O03708,2024-09-11,C0469,UPI,Delivered
O03709,2025-08-10,C0602,UPI,Delivered
O03710,2026-06-16,C0571,Credit Card,Delivered
O03711,2024-04-17,C0403,Debit Card,Delivered
O03712,2025-10-29,C0540,UPI,Delivered
O03713,2025-08-16,C0072,Net Banking,Delivered
O03714,2025-08-11,C0782,Credit Card,Delivered
O03715,2025-04-29,C0024,COD,Delivered
O03716,2024-09-14,C0624,COD,Delivered
O03717,2025-09-30,C0812,Net Banking,Delivered
O03718,2026-06-21,C0485,COD,Delivered
O03719,2024-10-08,C0056,Debit Card,Delivered
O03720,2024-03-28,C0986,COD,Delivered
O03721,2024-07-22,C0223,UPI,Delivered
O03722,2024-01-16,C0632,UPI,Delivered
O03723,2024-05-30,C0179,Net Banking,Delivered
O03724,2026-07-24,C0800,Credit Card,Delivered
O03725,2024-09-10,C0434,Net Banking,Delivered
O03726,2024-07-06,C0937,COD,Delivered
O03727,2024-11-24,C0450,UPI,Delivered
O03728,2025-06-27,C0793,Net Banking,Delivered
O03729,2026-02-21,C0884,UPI,Returned
O03730,2025-01-31,C0492,UPI,Delivered
O03731,2025-05-31,C0189,Credit Card,Delivered
O03732,2025-04-03,C0578,UPI,Delivered
O03733,2024-11-25,C0810,Credit Card,Delivered
O03734,2026-03-30,C0961,Credit Card,Delivered
O03735,2026-04-24,C0420,UPI,Delivered
O03736,2024-06-17,C0249,Net Banking,Delivered
O03737,2025-11-23,C0588,Debit Card,Delivered
O03738,2024-12-31,C0649,UPI,Delivered
O03739,2024-06-26,C0164,UPI,Delivered
O03740,2025-10-16,C0745,COD,Delivered
O03741,2024-12-27,C0255,Net Banking,Cancelled
O03742,2026-01-29,C0476,UPI,Delivered
O03743,2025-09-30,C0806,UPI,Delivered
O03744,2026-02-13,C0417,Net Banking,Delivered
O03745,2024-02-09,C0170,Debit Card,Delivered
O03746,2026-07-12,C0317,UPI,Delivered
O03747,2025-02-19,C0174,Credit Card,Cancelled
O03748,2024-12-20,C0470,Credit Card,Delivered
O03749,2024-09-11,C0345,Net Banking,Delivered
O03750,2024-05-22,C0445,UPI,Cancelled
O03751,2026-01-21,C0018,Credit Card,Delivered
O03752,2026-01-09,C0070,UPI,Delivered
O03753,2026-05-02,C0338,COD,Delivered
O03754,2025-12-10,C0628,Net Banking,Delivered
O03755,2025-07-30,C0592,Debit Card,Delivered
O03756,2026-06-18,C0527,Debit Card,Returned
O03757,2024-01-11,C0688,Credit Card,Delivered
O03758,2025-09-11,C0456,COD,Delivered
O03759,2024-01-26,C0269,UPI,Delivered
O03760,2025-02-24,C0631,Net Banking,Delivered
O03761,2025-10-24,C0811,UPI,Delivered
O03762,2024-08-08,C0188,UPI,Delivered
O03763,2026-05-02,C0569,Credit Card,Delivered
O03764,2025-05-10,C0711,Net Banking,Delivered
O03765,2024-08-24,C0529,Net Banking,Delivered
O03766,2024-08-24,C0434,Credit Card,Delivered
O03767,2024-08-06,C0288,Credit Card,Delivered
O03768,2025-05-01,C0918,COD,Delivered
O03769,2026-07-24,C0567,UPI,Returned
O03770,2025-04-05,C0499,Net Banking,Delivered
O03771,2025-10-24,C0441,Debit Card,Delivered
O03772,2025-09-26,C0781,Credit Card,Delivered
O03773,2024-05-23,C0303,UPI,Delivered
O03774,2024-07-07,C0087,Credit Card,Delivered
O03775,2024-09-11,C0830,UPI,Delivered
O03776,2024-03-08,C0438,UPI,Delivered
O03777,2025-09-07,C0541,UPI,Delivered
O03778,2024-12-01,C0022,UPI,Returned
O03779,2025-11-01,C0833,Debit Card,Delivered
O03780,2026-03-31,C0797,Net Banking,Delivered
O03781,2026-05-23,C0560,UPI,Delivered
O03782,2025-02-12,C0517,Credit Card,Delivered
O03783,2024-10-26,C0762,Credit Card,Delivered
O03784,2026-06-26,C0675,Credit Card,Delivered
O03785,2025-08-24,C0503,Net Banking,Delivered
O03786,2024-12-22,C0714,Credit Card,Delivered
O03787,2024-09-12,C0467,Net Banking,Delivered
O03788,2024-12-18,C0101,Credit Card,Delivered
O03789,2026-01-01,C0583,Debit Card,Delivered
O03790,2025-06-04,C0942,Credit Card,Delivered
O03791,2025-06-07,C0675,Net Banking,Cancelled
O03792,2026-04-16,C0685,COD,Delivered
O03793,2026-01-25,C0141,Debit Card,Delivered
O03794,2025-11-24,C0138,Net Banking,Delivered
O03795,2024-10-10,C0578,UPI,Delivered
O03796,2024-11-07,C0710,COD,Delivered
O03797,2024-04-08,C0840,UPI,Delivered
O03798,2024-07-15,C0228,UPI,Delivered
O03799,2025-04-26,C0281,UPI,Delivered
O03800,2026-05-27,C0684,COD,Delivered
O03801,2024-08-13,C0828,COD,Delivered
O03802,2026-04-24,C0431,COD,Delivered
O03803,2025-09-06,C0040,Net Banking,Delivered
O03804,2025-09-09,C0519,Credit Card,Delivered
O03805,2024-12-30,C0686,COD,Cancelled
O03806,2025-01-02,C0663,COD,Cancelled
O03807,2025-07-23,C0211,Credit Card,Delivered
O03808,2025-08-12,C0302,UPI,Delivered
O03809,2024-03-15,C0086,Debit Card,Delivered
O03810,2024-02-11,C0397,COD,Delivered
O03811,2025-02-25,C0253,COD,Returned
O03812,2026-04-15,C0533,COD,Delivered
O03813,2024-06-29,C0769,COD,Delivered
O03814,2025-06-28,C0891,COD,Delivered
O03815,2024-03-11,C0915,Net Banking,Delivered
O03816,2025-07-21,C0381,Debit Card,Delivered
O03817,2024-04-14,C0444,UPI,Delivered
O03818,2024-07-18,C0033,Debit Card,Delivered
O03819,2024-04-10,C0260,Credit Card,Delivered
O03820,2026-02-06,C0234,COD,Delivered
O03821,2024-11-02,C0515,Credit Card,Delivered
O03822,2025-08-08,C0859,UPI,Delivered
O03823,2025-11-13,C0308,UPI,Delivered
O03824,2025-01-11,C0739,Debit Card,Delivered
O03825,2025-10-16,C0796,Credit Card,Delivered
O03826,2025-11-08,C0070,UPI,Delivered
O03827,2025-02-02,C0454,UPI,Delivered
O03828,2026-02-11,C0439,Credit Card,Delivered
O03829,2024-08-08,C0825,UPI,Delivered
O03830,2025-08-17,C0364,UPI,Delivered
O03831,2024-06-30,C0983,Credit Card,Delivered
O03832,2024-11-02,C0766,Credit Card,Delivered
O03833,2025-06-05,C0481,Credit Card,Cancelled
O03834,2025-01-30,C0144,UPI,Delivered
O03835,2024-01-04,C0024,COD,Cancelled
O03836,2026-05-12,C0965,Credit Card,Delivered
O03837,2026-07-02,C0425,UPI,Delivered
O03838,2026-04-27,C0746,UPI,Delivered
O03839,2026-03-14,C0845,UPI,Delivered
O03840,2024-10-07,C0175,UPI,Delivered
O03841,2024-08-02,C0844,UPI,Delivered
O03842,2025-09-01,C0325,Debit Card,Delivered
O03843,2025-02-23,C0869,Debit Card,Delivered
O03844,2024-04-10,C0671,Credit Card,Delivered
O03845,2025-06-04,C0860,Net Banking,Delivered
O03846,2025-07-26,C0348,UPI,Delivered
O03847,2024-11-04,C0798,COD,Delivered
O03848,2025-10-19,C0018,UPI,Delivered
O03849,2026-07-27,C0044,Debit Card,Delivered
O03850,2026-07-19,C0155,UPI,Delivered
O03851,2025-05-24,C0867,COD,Delivered
O03852,2024-03-03,C0922,Credit Card,Delivered
O03853,2025-09-24,C0377,UPI,Delivered
O03854,2024-08-13,C0743,Debit Card,Delivered
O03855,2024-04-14,C0883,UPI,Cancelled
O03856,2026-02-10,C0828,Net Banking,Delivered
O03857,2026-05-10,C0402,Debit Card,Delivered
O03858,2025-02-28,C0225,UPI,Delivered
O03859,2024-09-11,C0217,Credit Card,Delivered
O03860,2025-03-04,C0568,UPI,Delivered
O03861,2025-03-09,C0031,Debit Card,Delivered
O03862,2024-07-25,C0869,UPI,Delivered
O03863,2024-01-28,C0059,Credit Card,Delivered
O03864,2025-11-12,C0892,COD,Delivered
O03865,2024-12-01,C0898,UPI,Delivered
O03866,2025-08-10,C0353,COD,Delivered
O03867,2025-09-19,C0935,Debit Card,Delivered
O03868,2024-03-09,C0445,UPI,Delivered
O03869,2026-05-15,C0235,Credit Card,Delivered
O03870,2026-01-15,C0107,Debit Card,Delivered
O03871,2025-05-27,C0191,Credit Card,Delivered
O03872,2024-06-15,C0992,UPI,Delivered
O03873,2026-05-13,C0530,UPI,Delivered
O03874,2025-12-30,C0913,Net Banking,Delivered
O03875,2026-02-23,C0738,Debit Card,Returned
O03876,2025-01-02,C0679,Credit Card,Delivered
O03877,2024-09-07,C0583,UPI,Delivered
O03878,2026-05-08,C0874,Net Banking,Delivered
O03879,2026-05-05,C0566,COD,Delivered
O03880,2026-07-19,C0245,UPI,Delivered
O03881,2025-11-16,C0995,UPI,Delivered
O03882,2024-06-18,C0862,COD,Delivered
O03883,2026-01-27,C0076,Net Banking,Delivered
O03884,2026-07-23,C0547,Debit Card,Returned
O03885,2024-03-30,C0267,COD,Delivered
O03886,2025-07-14,C0317,Debit Card,Delivered
O03887,2025-03-21,C0812,UPI,Delivered
O03888,2024-10-20,C0121,Debit Card,Delivered
O03889,2026-07-07,C0836,Debit Card,Delivered
O03890,2024-05-29,C0025,COD,Delivered
O03891,2024-05-11,C0432,UPI,Delivered
O03892,2025-03-08,C0160,Credit Card,Delivered
O03893,2024-02-28,C0596,Net Banking,Delivered
O03894,2026-04-15,C0114,UPI,Delivered
O03895,2024-07-17,C0735,Credit Card,Returned
O03896,2024-08-02,C0900,COD,Delivered
O03897,2026-06-16,C0502,Credit Card,Delivered
O03898,2025-07-14,C0166,Debit Card,Delivered
O03899,2025-04-16,C0703,COD,Delivered
O03900,2026-01-13,C0175,UPI,Delivered
O03901,2024-09-03,C0001,COD,Delivered
O03902,2025-01-16,C0899,Debit Card,Delivered
O03903,2024-08-26,C0741,Credit Card,Delivered
O03904,2026-07-15,C0086,Credit Card,Delivered
O03905,2025-01-01,C0574,COD,Delivered
O03906,2024-06-16,C0320,UPI,Delivered
O03907,2025-07-13,C0401,UPI,Delivered
O03908,2024-02-20,C0382,UPI,Delivered
O03909,2026-03-21,C0718,UPI,Delivered
O03910,2025-09-01,C0617,Credit Card,Delivered
O03911,2025-12-28,C0318,COD,Delivered
O03912,2025-11-19,C0803,COD,Delivered
O03913,2025-01-14,C0250,UPI,Delivered
O03914,2025-04-18,C0525,Credit Card,Delivered
O03915,2024-03-20,C0675,Debit Card,Cancelled
O03916,2025-11-27,C0555,UPI,Delivered
O03917,2025-01-01,C0898,Net Banking,Delivered
O03918,2025-04-05,C0952,COD,Cancelled
O03919,2026-06-29,C0623,COD,Delivered
O03920,2025-06-22,C0717,Credit Card,Delivered
O03921,2025-03-27,C0896,Credit Card,Delivered
O03922,2025-04-08,C0256,UPI,Delivered
O03923,2025-04-22,C0307,Credit Card,Delivered
O03924,2026-07-14,C0950,Credit Card,Delivered
O03925,2025-02-23,C0144,COD,Delivered
O03926,2025-12-07,C0658,COD,Delivered
O03927,2024-08-01,C0391,COD,Delivered
O03928,2025-01-03,C0813,COD,Delivered
O03929,2026-05-03,C0676,UPI,Delivered
O03930,2024-04-23,C0169,Debit Card,Delivered
O03931,2026-01-23,C0990,UPI,Delivered
O03932,2025-05-17,C0298,UPI,Cancelled
O03933,2025-09-27,C0233,Credit Card,Delivered
O03934,2026-03-27,C0903,Debit Card,Delivered
O03935,2025-08-10,C0271,Debit Card,Delivered
O03936,2024-11-06,C0060,UPI,Delivered
O03937,2025-04-13,C0296,UPI,Delivered
O03938,2026-04-03,C0467,UPI,Delivered
O03939,2025-12-08,C0235,UPI,Delivered
O03940,2026-05-12,C0677,UPI,Delivered
O03941,2024-02-13,C0706,Debit Card,Delivered
O03942,2025-02-18,C0234,Net Banking,Delivered
O03943,2025-11-28,C0368,Credit Card,Delivered
O03944,2026-05-04,C0695,Debit Card,Delivered
O03945,2024-09-02,C0845,UPI,Delivered
O03946,2024-03-24,C0232,COD,Delivered
O03947,2024-07-25,C0873,UPI,Delivered
O03948,2024-05-30,C0491,Net Banking,Delivered
O03949,2025-10-29,C0619,COD,Delivered
O03950,2025-06-11,C0503,COD,Delivered
O03951,2024-06-13,C0890,UPI,Delivered
O03952,2026-07-05,C0735,Debit Card,Delivered
O03953,2024-05-24,C0592,UPI,Delivered
O03954,2024-02-06,C0746,UPI,Delivered
O03955,2024-11-28,C0381,UPI,Delivered
O03956,2025-02-06,C0696,COD,Delivered
O03957,2025-02-17,C0428,COD,Delivered
O03958,2024-02-14,C0697,UPI,Delivered
O03959,2025-02-05,C0646,Credit Card,Delivered
O03960,2024-07-24,C0732,COD,Delivered
O03961,2024-03-02,C0800,Credit Card,Delivered
O03962,2025-02-23,C0364,Credit Card,Cancelled
O03963,2026-05-17,C0202,Credit Card,Delivered
O03964,2025-04-12,C0882,Net Banking,Delivered
O03965,2026-03-30,C0146,Credit Card,Delivered
O03966,2024-01-19,C0836,Net Banking,Delivered
O03967,2024-12-30,C0639,Credit Card,Delivered
O03968,2024-10-26,C0457,UPI,Delivered
O03969,2024-01-07,C0135,UPI,Delivered
O03970,2026-01-30,C0626,UPI,Delivered
O03971,2025-03-03,C0264,Credit Card,Delivered
O03972,2024-04-26,C0064,UPI,Delivered
O03973,2025-08-02,C0491,Net Banking,Delivered
O03974,2025-05-21,C0647,Credit Card,Delivered
O03975,2025-06-29,C0041,Net Banking,Delivered
O03976,2025-12-06,C0296,COD,Delivered
O03977,2024-11-20,C0003,Net Banking,Delivered
O03978,2024-02-24,C0913,COD,Delivered
O03979,2026-02-16,C0706,Credit Card,Delivered
O03980,2024-02-11,C0975,UPI,Delivered
O03981,2024-10-23,C0110,COD,Delivered
O03982,2024-08-18,C0221,COD,Delivered
O03983,2025-03-28,C0370,COD,Delivered
O03984,2026-06-08,C0368,Debit Card,Delivered
O03985,2025-01-28,C0436,Debit Card,Delivered
O03986,2025-06-05,C0918,UPI,Delivered
O03987,2024-12-23,C0004,Debit Card,Delivered
O03988,2025-03-19,C0244,UPI,Delivered
O03989,2024-05-07,C0902,UPI,Delivered
O03990,2025-11-21,C0166,Credit Card,Delivered
O03991,2025-02-08,C0026,Credit Card,Delivered
O03992,2025-01-26,C0395,UPI,Delivered
O03993,2024-07-11,C0474,Net Banking,Delivered
O03994,2025-08-26,C0017,COD,Delivered
O03995,2026-05-30,C0728,Debit Card,Delivered
O03996,2026-01-12,C0092,Credit Card,Delivered
O03997,2024-03-18,C0483,COD,Delivered
O03998,2024-03-25,C0543,UPI,Delivered
O03999,2024-01-30,C0205,Debit Card,Delivered
O04000,2025-12-25,C0502,UPI,Delivered
O04001,2024-02-18,C0931,Credit Card,Delivered
O04002,2026-02-15,C0400,Credit Card,Delivered
O04003,2024-05-24,C0207,Debit Card,Delivered
O04004,2024-03-09,C0619,UPI,Delivered
O04005,2024-02-27,C0146,UPI,Delivered
O04006,2025-11-27,C0879,Credit Card,Delivered
O04007,2025-07-27,C0101,Credit Card,Returned
O04008,2025-04-23,C0880,Debit Card,Delivered
O04009,2026-03-30,C0830,UPI,Delivered
O04010,2025-03-20,C0880,Credit Card,Delivered
O04011,2024-10-22,C0241,UPI,Delivered
O04012,2025-11-08,C0923,UPI,Delivered
O04013,2024-06-19,C0759,Credit Card,Delivered
O04014,2025-07-28,C0163,Debit Card,Cancelled
O04015,2024-05-26,C0884,UPI,Delivered
O04016,2025-04-28,C0173,UPI,Delivered
O04017,2024-11-01,C0502,Credit Card,Delivered
O04018,2025-11-03,C0547,UPI,Delivered
O04019,2025-10-14,C0284,Credit Card,Delivered
O04020,2026-04-25,C0359,Credit Card,Delivered
O04021,2025-08-31,C0381,UPI,Delivered
O04022,2025-03-21,C0870,UPI,Delivered
O04023,2024-08-08,C0905,COD,Delivered
O04024,2025-07-08,C0972,Debit Card,Returned
O04025,2026-03-14,C0911,Debit Card,Delivered
O04026,2025-01-12,C0533,Credit Card,Delivered
O04027,2025-09-11,C0820,Debit Card,Delivered
O04028,2024-09-22,C0163,COD,Delivered
O04029,2024-04-04,C0609,Debit Card,Delivered
O04030,2024-09-18,C0307,UPI,Delivered
O04031,2026-04-04,C0339,Credit Card,Delivered
O04032,2026-06-15,C0055,Credit Card,Delivered
O04033,2024-03-11,C0983,Credit Card,Delivered
O04034,2024-08-06,C0333,Credit Card,Delivered
O04035,2025-06-16,C0127,COD,Delivered
O04036,2024-04-01,C0940,Debit Card,Delivered
O04037,2024-05-06,C0705,UPI,Delivered
O04038,2024-03-20,C0243,UPI,Delivered
O04039,2026-04-03,C0861,Credit Card,Delivered
O04040,2024-08-25,C0600,UPI,Returned
O04041,2025-01-06,C0848,UPI,Delivered
O04042,2026-07-04,C0409,Credit Card,Delivered
O04043,2025-04-30,C0503,Credit Card,Delivered
O04044,2025-11-24,C0727,COD,Delivered
O04045,2024-01-25,C0604,UPI,Returned
O04046,2024-06-04,C0303,UPI,Delivered
O04047,2025-05-31,C0464,UPI,Delivered
O04048,2025-09-23,C0235,Credit Card,Delivered
O04049,2026-02-27,C0696,UPI,Delivered
O04050,2025-06-13,C0038,Debit Card,Delivered
O04051,2026-07-31,C0139,UPI,Delivered
O04052,2025-12-10,C0195,Credit Card,Delivered
O04053,2024-02-26,C0527,Net Banking,Delivered
O04054,2025-08-27,C0769,UPI,Delivered
O04055,2024-01-19,C0647,Credit Card,Delivered
O04056,2025-01-18,C0001,Credit Card,Delivered
O04057,2026-05-14,C0561,Net Banking,Delivered
O04058,2024-07-11,C0096,Credit Card,Delivered
O04059,2024-08-24,C0713,Credit Card,Delivered
O04060,2025-01-21,C0413,Net Banking,Delivered
O04061,2025-03-01,C0538,Credit Card,Delivered
O04062,2024-10-03,C0855,Credit Card,Cancelled
O04063,2024-08-14,C0429,UPI,Delivered
O04064,2026-01-14,C0235,Debit Card,Returned
O04065,2025-07-05,C0349,COD,Delivered
O04066,2024-11-18,C0756,COD,Delivered
O04067,2024-06-01,C0870,COD,Delivered
O04068,2025-09-30,C0481,Net Banking,Delivered
O04069,2024-08-24,C0839,Debit Card,Delivered
O04070,2024-02-24,C0396,Net Banking,Delivered
O04071,2025-03-11,C0351,Credit Card,Delivered
O04072,2025-11-14,C0416,Credit Card,Delivered
O04073,2024-04-18,C0886,UPI,Returned
O04074,2026-05-15,C0916,UPI,Delivered
O04075,2024-07-02,C0887,Net Banking,Returned
O04076,2025-01-02,C0051,Credit Card,Delivered
O04077,2024-07-16,C0081,UPI,Delivered
O04078,2025-01-05,C0036,UPI,Delivered
O04079,2025-01-07,C0067,COD,Cancelled
O04080,2025-05-11,C0641,Debit Card,Delivered
O04081,2025-08-21,C0882,Credit Card,Delivered
O04082,2024-07-19,C0667,Credit Card,Delivered
O04083,2026-04-28,C0757,Credit Card,Delivered
O04084,2025-05-23,C0623,UPI,Delivered
O04085,2024-11-17,C0680,Credit Card,Delivered
O04086,2024-10-01,C0481,Net Banking,Delivered
O04087,2024-07-29,C0468,Credit Card,Delivered
O04088,2025-05-18,C0142,Credit Card,Delivered
O04089,2026-06-21,C0356,UPI,Delivered
O04090,2024-04-27,C0709,Credit Card,Delivered
O04091,2025-12-03,C0471,UPI,Returned
O04092,2025-07-07,C0621,Credit Card,Delivered
O04093,2024-02-11,C0888,Credit Card,Delivered
O04094,2024-11-10,C0591,Net Banking,Delivered
O04095,2026-02-26,C0902,Credit Card,Delivered
O04096,2024-11-24,C0673,UPI,Delivered
O04097,2024-01-17,C0439,Credit Card,Delivered
O04098,2024-10-09,C0531,Debit Card,Delivered
O04099,2026-07-31,C0127,UPI,Delivered
O04100,2024-09-14,C0205,Debit Card,Delivered
O04101,2025-07-28,C0029,COD,Delivered
O04102,2025-07-27,C0445,UPI,Delivered
O04103,2025-09-03,C0966,Debit Card,Delivered
O04104,2024-01-19,C0719,Net Banking,Delivered
O04105,2025-06-12,C0464,Credit Card,Delivered
O04106,2026-04-16,C0280,Debit Card,Delivered
O04107,2025-02-26,C0151,UPI,Cancelled
O04108,2025-04-10,C0240,UPI,Delivered
O04109,2025-01-07,C0266,Debit Card,Delivered
O04110,2026-01-27,C0694,Debit Card,Delivered
O04111,2026-02-01,C0105,COD,Delivered
O04112,2024-03-21,C0937,UPI,Delivered
O04113,2025-07-04,C0433,Credit Card,Delivered
O04114,2025-07-01,C0913,UPI,Delivered
O04115,2025-02-27,C0497,UPI,Delivered
O04116,2025-03-04,C0440,Credit Card,Delivered
O04117,2025-01-22,C0748,Credit Card,Cancelled
O04118,2026-07-09,C0685,UPI,Delivered
O04119,2025-12-09,C0158,UPI,Delivered
O04120,2025-10-31,C0172,Credit Card,Delivered
O04121,2024-07-22,C0494,COD,Delivered
O04122,2024-07-14,C0970,Net Banking,Delivered
O04123,2025-12-28,C0311,UPI,Delivered
O04124,2024-10-11,C0403,COD,Delivered
O04125,2024-07-14,C0669,Debit Card,Delivered
O04126,2024-11-02,C0770,COD,Delivered
O04127,2025-10-25,C0676,UPI,Delivered
O04128,2024-01-14,C0659,Credit Card,Delivered
O04129,2026-04-16,C0903,COD,Delivered
O04130,2024-05-25,C0666,UPI,Delivered
O04131,2026-07-26,C0463,COD,Delivered
O04132,2024-02-26,C0367,Net Banking,Delivered
O04133,2025-12-23,C0550,COD,Delivered
O04134,2026-02-18,C0643,UPI,Returned
O04135,2024-07-28,C0870,UPI,Cancelled
O04136,2025-06-12,C0255,UPI,Delivered
O04137,2026-03-08,C0208,COD,Delivered
O04138,2024-12-09,C0450,UPI,Delivered
O04139,2025-12-15,C0095,Credit Card,Delivered
O04140,2025-09-02,C0860,Credit Card,Delivered
O04141,2024-10-05,C0839,Credit Card,Delivered
O04142,2024-07-27,C0478,UPI,Delivered
O04143,2025-10-02,C0683,Credit Card,Delivered
O04144,2024-11-30,C0762,Net Banking,Returned
O04145,2024-10-14,C0190,UPI,Delivered
O04146,2024-09-08,C0711,COD,Delivered
O04147,2024-09-21,C0484,Debit Card,Delivered
O04148,2024-09-27,C0733,Debit Card,Delivered
O04149,2026-07-12,C0536,Debit Card,Delivered
O04150,2026-07-08,C0756,UPI,Delivered
O04151,2025-11-30,C0423,Credit Card,Delivered
O04152,2025-02-22,C0836,Net Banking,Delivered
O04153,2025-12-26,C0640,UPI,Delivered
O04154,2026-03-05,C0605,Credit Card,Delivered
O04155,2024-07-29,C0812,UPI,Delivered
O04156,2024-12-30,C0133,Debit Card,Delivered
O04157,2024-03-16,C0055,Credit Card,Delivered
O04158,2025-10-21,C0989,Credit Card,Delivered
O04159,2024-11-16,C0510,UPI,Delivered
O04160,2025-12-25,C0670,COD,Delivered
O04161,2025-03-08,C0541,UPI,Delivered
O04162,2024-04-18,C0410,Debit Card,Delivered
O04163,2025-10-02,C0211,Credit Card,Delivered
O04164,2025-06-05,C0666,Net Banking,Delivered
O04165,2024-02-16,C0293,UPI,Delivered
O04166,2025-01-13,C0987,Net Banking,Delivered
O04167,2026-04-06,C0734,Credit Card,Delivered
O04168,2024-04-05,C0115,Credit Card,Delivered
O04169,2024-04-12,C0949,Debit Card,Cancelled
O04170,2026-06-10,C0670,Net Banking,Delivered
O04171,2026-05-03,C0259,Debit Card,Delivered
O04172,2024-05-25,C0763,COD,Delivered
O04173,2026-05-29,C0122,UPI,Delivered
O04174,2026-07-30,C0299,COD,Delivered
O04175,2026-07-16,C0775,UPI,Delivered
O04176,2024-01-27,C0381,Debit Card,Cancelled
O04177,2026-01-01,C0561,Credit Card,Cancelled
O04178,2025-06-13,C0889,Credit Card,Delivered
O04179,2025-11-09,C0841,UPI,Delivered
O04180,2024-03-22,C0501,Credit Card,Delivered
O04181,2025-03-03,C0297,UPI,Delivered
O04182,2025-08-06,C0362,Credit Card,Delivered
O04183,2026-04-01,C0589,UPI,Delivered
O04184,2025-04-23,C0463,Credit Card,Delivered
O04185,2026-02-04,C0438,UPI,Returned
O04186,2024-06-10,C0127,UPI,Delivered
O04187,2026-04-18,C0197,UPI,Delivered
O04188,2026-07-20,C0221,Credit Card,Delivered
O04189,2025-02-05,C0995,Net Banking,Delivered
O04190,2025-05-22,C0091,COD,Delivered
O04191,2024-02-07,C0411,UPI,Delivered
O04192,2025-05-25,C0008,Debit Card,Delivered
O04193,2025-01-27,C0544,Debit Card,Delivered
O04194,2025-12-13,C0468,Credit Card,Cancelled
O04195,2025-05-08,C0320,Debit Card,Cancelled
O04196,2024-07-18,C0394,UPI,Delivered
O04197,2024-09-11,C0269,Credit Card,Delivered
O04198,2024-06-27,C0191,Credit Card,Delivered
O04199,2025-06-30,C0861,UPI,Delivered
O04200,2025-08-16,C0675,Debit Card,Delivered
O04201,2025-01-23,C0061,Credit Card,Delivered
O04202,2025-02-01,C0438,UPI,Delivered
O04203,2026-01-01,C0264,Credit Card,Delivered
O04204,2024-06-06,C0797,Net Banking,Delivered
O04205,2024-01-04,C0095,Net Banking,Delivered
O04206,2024-06-15,C0553,Debit Card,Delivered
O04207,2025-04-12,C0926,Credit Card,Delivered
O04208,2025-02-12,C0470,Credit Card,Delivered
O04209,2025-02-15,C0661,Credit Card,Delivered
O04210,2024-07-22,C0716,UPI,Delivered
O04211,2024-07-12,C0779,Credit Card,Delivered
O04212,2024-08-22,C0514,Credit Card,Delivered
O04213,2025-12-18,C0690,Credit Card,Delivered
O04214,2024-05-29,C0937,COD,Returned
O04215,2024-06-07,C0194,Net Banking,Delivered
O04216,2024-10-05,C0482,UPI,Delivered
O04217,2026-03-26,C0899,UPI,Delivered
O04218,2025-02-07,C0336,UPI,Delivered
O04219,2026-06-11,C0435,Debit Card,Delivered
O04220,2025-11-08,C0196,Debit Card,Delivered
O04221,2024-11-06,C0855,COD,Delivered
O04222,2024-03-08,C0249,Credit Card,Delivered
O04223,2025-04-07,C0498,Net Banking,Delivered
O04224,2024-03-28,C0212,Credit Card,Delivered
O04225,2024-08-04,C0665,COD,Delivered
O04226,2024-01-01,C0670,Debit Card,Delivered
O04227,2024-05-14,C0466,Debit Card,Delivered
O04228,2025-11-27,C0874,Credit Card,Cancelled
O04229,2024-12-16,C0651,Debit Card,Cancelled
O04230,2024-05-19,C0221,Credit Card,Delivered
O04231,2025-09-09,C0273,UPI,Delivered
O04232,2024-05-12,C0154,UPI,Delivered
O04233,2025-09-11,C0249,Credit Card,Returned
O04234,2024-06-26,C0279,Credit Card,Delivered
O04235,2026-03-20,C0440,UPI,Delivered
O04236,2024-12-23,C0948,UPI,Delivered
O04237,2025-01-14,C0816,UPI,Delivered
O04238,2026-06-26,C0276,Credit Card,Delivered
O04239,2026-05-20,C0514,UPI,Delivered
O04240,2025-10-19,C0088,UPI,Delivered
O04241,2025-03-25,C0799,UPI,Delivered
O04242,2025-08-08,C0923,UPI,Delivered
O04243,2025-04-07,C0642,Net Banking,Delivered
O04244,2024-04-17,C0505,UPI,Delivered
O04245,2024-05-01,C0590,Debit Card,Delivered
O04246,2024-01-17,C0772,Credit Card,Delivered
O04247,2024-07-14,C0241,COD,Delivered
O04248,2024-11-22,C0653,UPI,Delivered
O04249,2024-11-13,C0740,UPI,Delivered
O04250,2026-03-19,C0675,UPI,Delivered
O04251,2025-04-23,C0236,UPI,Delivered
O04252,2024-09-08,C0128,Debit Card,Delivered
O04253,2025-05-17,C0503,UPI,Delivered
O04254,2024-04-28,C0200,UPI,Delivered
O04255,2025-11-04,C0962,COD,Delivered
O04256,2025-12-10,C0902,Credit Card,Delivered
O04257,2025-05-12,C0543,UPI,Delivered
O04258,2025-04-30,C0502,UPI,Delivered
O04259,2024-02-14,C0650,UPI,Delivered
O04260,2024-11-09,C0492,COD,Delivered
O04261,2024-06-27,C0021,Net Banking,Delivered
O04262,2026-06-12,C0234,Net Banking,Returned
O04263,2025-02-21,C0714,COD,Delivered
O04264,2025-07-09,C0791,Credit Card,Delivered
O04265,2026-02-21,C0643,UPI,Delivered
O04266,2024-03-18,C0416,Credit Card,Delivered
O04267,2024-11-21,C0148,Debit Card,Cancelled
O04268,2025-11-20,C0970,COD,Delivered
O04269,2024-12-22,C0029,Credit Card,Delivered
O04270,2025-02-19,C0361,Credit Card,Delivered
O04271,2025-05-29,C0308,COD,Delivered
O04272,2024-08-01,C0883,UPI,Delivered
O04273,2026-05-03,C0942,COD,Delivered
O04274,2024-03-14,C0162,UPI,Delivered
O04275,2025-07-16,C0869,Credit Card,Delivered
O04276,2025-08-01,C0852,UPI,Delivered
O04277,2025-05-23,C0061,Debit Card,Delivered
O04278,2024-11-27,C0125,Credit Card,Delivered
O04279,2024-04-02,C0456,Credit Card,Delivered
O04280,2025-11-18,C0071,COD,Delivered
O04281,2025-10-18,C0838,Debit Card,Delivered
O04282,2025-06-02,C0907,Debit Card,Delivered
O04283,2024-09-25,C0876,UPI,Delivered
O04284,2025-01-10,C0466,COD,Delivered
O04285,2026-04-13,C0243,UPI,Delivered
O04286,2024-01-04,C0490,UPI,Returned
O04287,2024-05-17,C0761,UPI,Delivered
O04288,2024-08-18,C0221,Credit Card,Delivered
O04289,2025-08-22,C0473,COD,Delivered
O04290,2025-06-12,C0959,UPI,Cancelled
O04291,2024-02-21,C0533,Credit Card,Returned
O04292,2025-10-07,C0494,Net Banking,Returned
O04293,2025-12-23,C0899,Debit Card,Delivered
O04294,2024-11-20,C0082,Net Banking,Delivered
O04295,2026-06-23,C0856,UPI,Delivered
O04296,2025-12-31,C0879,Debit Card,Delivered
O04297,2025-12-17,C0998,UPI,Delivered
O04298,2025-12-23,C0522,COD,Delivered
O04299,2024-10-03,C0923,Credit Card,Delivered
O04300,2025-06-19,C0012,Debit Card,Delivered
O04301,2025-04-30,C0263,UPI,Delivered
O04302,2025-05-30,C0657,UPI,Returned
O04303,2024-05-31,C0449,UPI,Returned
O04304,2025-04-27,C0192,Credit Card,Delivered
O04305,2024-09-15,C0762,UPI,Delivered
O04306,2024-11-19,C0114,Debit Card,Delivered
O04307,2026-05-18,C0026,UPI,Delivered
O04308,2024-06-16,C0783,Net Banking,Delivered
O04309,2025-11-18,C0499,UPI,Delivered
O04310,2024-11-05,C0508,UPI,Cancelled
O04311,2026-03-13,C0545,Net Banking,Delivered
O04312,2025-04-23,C0062,Debit Card,Delivered
O04313,2024-02-25,C0229,Credit Card,Delivered
O04314,2025-09-11,C0815,UPI,Delivered
O04315,2025-04-17,C0607,Debit Card,Delivered
O04316,2024-10-22,C0035,Credit Card,Delivered
O04317,2025-04-05,C0705,UPI,Returned
O04318,2024-11-19,C0456,Debit Card,Delivered
O04319,2026-03-24,C0588,Credit Card,Delivered
O04320,2026-04-25,C0891,UPI,Delivered
O04321,2024-05-20,C0502,COD,Delivered
O04322,2025-10-28,C0761,Net Banking,Delivered
O04323,2024-09-18,C0595,UPI,Delivered
O04324,2026-02-23,C0025,Credit Card,Cancelled
O04325,2025-02-23,C0569,UPI,Delivered
O04326,2026-01-13,C0032,Net Banking,Delivered
O04327,2024-08-28,C0831,Debit Card,Delivered
O04328,2024-12-20,C0012,UPI,Delivered
O04329,2026-04-28,C0319,UPI,Delivered
O04330,2026-02-08,C0845,UPI,Delivered
O04331,2026-01-30,C0604,Credit Card,Delivered
O04332,2025-08-11,C0001,Debit Card,Delivered
O04333,2024-06-28,C0435,UPI,Delivered
O04334,2024-03-06,C0838,UPI,Delivered
O04335,2026-03-30,C0136,UPI,Delivered
O04336,2024-12-13,C0196,UPI,Delivered
O04337,2024-06-19,C0133,Credit Card,Delivered
O04338,2025-04-18,C0985,Credit Card,Delivered
O04339,2025-06-17,C0086,Debit Card,Delivered
O04340,2025-01-01,C0476,COD,Delivered
O04341,2024-04-16,C0807,COD,Delivered
O04342,2025-03-14,C0791,Credit Card,Delivered
O04343,2026-04-14,C0324,Debit Card,Delivered
O04344,2024-08-14,C0180,COD,Delivered
O04345,2025-03-19,C0516,UPI,Delivered
O04346,2025-03-17,C0638,UPI,Delivered
O04347,2025-01-30,C0175,UPI,Delivered
O04348,2025-12-28,C0763,Credit Card,Delivered
O04349,2025-08-03,C0021,Net Banking,Delivered
O04350,2024-03-24,C0997,Credit Card,Delivered
O04351,2025-09-06,C0952,Credit Card,Cancelled
O04352,2025-07-04,C0105,Credit Card,Cancelled
O04353,2024-01-13,C0578,UPI,Delivered
O04354,2026-03-19,C0443,UPI,Delivered
O04355,2026-04-04,C0775,UPI,Delivered
O04356,2025-11-23,C0049,UPI,Delivered
O04357,2025-05-07,C0528,Net Banking,Returned
O04358,2024-09-24,C0145,Net Banking,Delivered
O04359,2025-06-08,C0340,Net Banking,Delivered
O04360,2024-04-29,C0762,Debit Card,Delivered
O04361,2024-12-18,C0855,Net Banking,Delivered
O04362,2024-02-26,C0354,Debit Card,Delivered
O04363,2024-02-09,C0075,Debit Card,Delivered
O04364,2026-06-04,C0802,Debit Card,Delivered
O04365,2024-12-01,C0929,Credit Card,Delivered
O04366,2025-10-01,C0794,Credit Card,Delivered
O04367,2024-06-21,C0578,Debit Card,Delivered
O04368,2025-06-30,C0637,UPI,Delivered
O04369,2024-09-15,C0319,Credit Card,Delivered
O04370,2026-06-06,C0087,Credit Card,Delivered
O04371,2025-05-31,C0553,UPI,Delivered
O04372,2025-12-30,C0982,COD,Delivered
O04373,2025-06-06,C0698,UPI,Returned
O04374,2026-06-12,C0866,UPI,Delivered
O04375,2026-04-18,C0892,UPI,Cancelled
O04376,2024-04-26,C0847,Net Banking,Delivered
O04377,2024-07-02,C0778,Credit Card,Delivered
O04378,2026-06-24,C0783,Debit Card,Delivered
O04379,2026-05-23,C0042,Net Banking,Delivered
O04380,2024-04-25,C0093,UPI,Delivered
O04381,2024-06-10,C0697,UPI,Delivered
O04382,2025-08-01,C0727,UPI,Delivered
O04383,2025-12-12,C0507,Debit Card,Delivered
O04384,2025-06-26,C0529,Debit Card,Delivered
O04385,2025-08-09,C0956,UPI,Delivered
O04386,2024-08-24,C0265,UPI,Delivered
O04387,2026-04-18,C0626,UPI,Delivered
O04388,2024-03-06,C0292,Debit Card,Delivered
O04389,2024-03-10,C0969,UPI,Returned
O04390,2026-03-19,C0464,UPI,Delivered
O04391,2025-03-22,C0804,Credit Card,Delivered
O04392,2025-02-19,C0560,Debit Card,Delivered
O04393,2025-06-15,C0819,Debit Card,Delivered
O04394,2025-03-16,C0097,Credit Card,Delivered
O04395,2026-01-07,C0887,Debit Card,Delivered
O04396,2025-04-08,C0095,Credit Card,Delivered
O04397,2026-07-09,C0326,COD,Delivered
O04398,2025-01-30,C0074,UPI,Delivered
O04399,2025-12-11,C0336,Debit Card,Returned
O04400,2025-07-04,C0068,Credit Card,Delivered
O04401,2025-10-18,C0758,UPI,Delivered
O04402,2025-07-10,C0918,Debit Card,Delivered
O04403,2025-01-29,C0077,UPI,Delivered
O04404,2024-11-21,C0208,Credit Card,Cancelled
O04405,2026-06-11,C0884,Credit Card,Delivered
O04406,2026-07-07,C0766,UPI,Delivered
O04407,2024-03-31,C0221,Credit Card,Delivered
O04408,2026-01-19,C0262,Credit Card,Delivered
O04409,2024-03-10,C0410,Debit Card,Delivered
O04410,2024-06-14,C0331,Net Banking,Delivered
O04411,2025-10-03,C0344,UPI,Delivered
O04412,2024-08-01,C0989,Credit Card,Delivered
O04413,2026-05-01,C0771,COD,Delivered
O04414,2025-08-23,C0820,UPI,Delivered
O04415,2024-11-30,C0074,Credit Card,Delivered
O04416,2026-02-02,C0637,Net Banking,Delivered
O04417,2025-01-03,C0700,Debit Card,Cancelled
O04418,2026-05-10,C0254,UPI,Delivered
O04419,2025-08-06,C0959,Credit Card,Returned
O04420,2025-11-07,C0833,Credit Card,Delivered
O04421,2024-02-18,C0820,COD,Delivered
O04422,2024-02-21,C0747,UPI,Delivered
O04423,2024-10-15,C0986,COD,Delivered
O04424,2026-02-28,C0762,Credit Card,Delivered
O04425,2025-09-17,C0332,UPI,Delivered
O04426,2024-08-26,C0398,Credit Card,Delivered
O04427,2024-05-12,C0345,Debit Card,Delivered
O04428,2026-02-24,C0584,UPI,Delivered
O04429,2024-06-14,C0747,UPI,Delivered
O04430,2025-01-08,C0836,COD,Delivered
O04431,2025-01-07,C0668,COD,Delivered
O04432,2026-03-15,C0455,UPI,Delivered
O04433,2025-04-22,C0906,UPI,Cancelled
O04434,2026-01-24,C0115,Net Banking,Returned
O04435,2025-04-23,C0313,Debit Card,Delivered
O04436,2026-04-11,C0228,UPI,Delivered
O04437,2025-10-11,C0834,COD,Delivered
O04438,2025-08-13,C0858,UPI,Delivered
O04439,2025-11-12,C0245,Debit Card,Delivered
O04440,2025-09-26,C0818,Credit Card,Cancelled
O04441,2025-11-18,C0526,Credit Card,Delivered
O04442,2024-10-26,C0528,UPI,Delivered
O04443,2024-03-22,C0950,Debit Card,Delivered
O04444,2024-03-27,C0427,COD,Delivered
O04445,2024-08-12,C0042,Credit Card,Delivered
O04446,2024-01-16,C0465,Credit Card,Delivered
O04447,2026-04-01,C0622,UPI,Delivered
O04448,2024-12-23,C0278,COD,Delivered
O04449,2024-06-11,C0836,COD,Returned
O04450,2025-09-01,C0019,Net Banking,Delivered
O04451,2025-10-29,C0066,Credit Card,Delivered
O04452,2025-05-28,C0167,COD,Delivered
O04453,2024-12-15,C0585,UPI,Delivered
O04454,2026-06-27,C0403,Credit Card,Delivered
O04455,2025-11-11,C0912,Credit Card,Delivered
O04456,2025-04-08,C0822,Credit Card,Delivered
O04457,2026-04-06,C0409,Net Banking,Delivered
O04458,2026-04-16,C0112,Debit Card,Delivered
O04459,2025-01-09,C0274,UPI,Delivered
O04460,2024-04-01,C0407,UPI,Cancelled
O04461,2024-06-29,C0373,UPI,Delivered
O04462,2026-01-12,C0597,Credit Card,Delivered
O04463,2024-10-27,C0651,UPI,Delivered
O04464,2025-10-21,C0039,UPI,Delivered
O04465,2026-03-02,C0105,Debit Card,Delivered
O04466,2024-07-07,C0324,COD,Cancelled
O04467,2026-05-08,C0793,COD,Delivered
O04468,2026-05-11,C0959,COD,Delivered
O04469,2024-11-09,C0992,Net Banking,Returned
O04470,2025-05-07,C0414,UPI,Delivered
O04471,2026-07-11,C0429,COD,Delivered
O04472,2026-07-10,C0635,Credit Card,Cancelled
O04473,2024-05-07,C0730,Debit Card,Delivered
O04474,2025-06-02,C0889,Credit Card,Delivered
O04475,2025-03-01,C0061,Net Banking,Delivered
O04476,2025-07-12,C0612,Credit Card,Delivered
O04477,2025-07-18,C0307,UPI,Delivered
O04478,2024-07-05,C0354,Credit Card,Delivered
O04479,2025-07-03,C0393,UPI,Delivered
O04480,2025-03-28,C0204,COD,Delivered
O04481,2025-04-15,C0258,Credit Card,Delivered
O04482,2026-01-07,C0486,Credit Card,Delivered
O04483,2025-07-18,C0517,COD,Delivered
O04484,2026-06-29,C0446,Debit Card,Delivered
O04485,2024-08-11,C0709,UPI,Delivered
O04486,2024-06-02,C0180,UPI,Delivered
O04487,2025-07-13,C0342,Credit Card,Delivered
O04488,2024-12-16,C0133,COD,Delivered
O04489,2024-05-26,C0443,Net Banking,Cancelled
O04490,2026-06-23,C0836,COD,Delivered
O04491,2025-07-29,C0253,UPI,Delivered
O04492,2024-12-14,C0265,UPI,Delivered
O04493,2024-06-30,C0093,UPI,Cancelled
O04494,2025-09-28,C0662,Net Banking,Delivered
O04495,2024-06-27,C0411,UPI,Delivered
O04496,2024-02-08,C0138,UPI,Delivered
O04497,2026-02-10,C0208,Credit Card,Delivered
O04498,2026-06-12,C0637,Credit Card,Delivered
O04499,2024-01-03,C0746,Debit Card,Delivered
O04500,2024-03-04,C0573,Credit Card,Cancelled
O04501,2024-01-29,C0307,Credit Card,Delivered
O04502,2025-01-06,C0266,Credit Card,Cancelled
O04503,2025-06-06,C0646,COD,Delivered
O04504,2024-04-06,C0318,Credit Card,Delivered
O04505,2026-05-19,C0113,UPI,Cancelled
O04506,2025-03-17,C0901,UPI,Delivered
O04507,2024-07-21,C0378,UPI,Delivered
O04508,2025-02-14,C0454,COD,Delivered
O04509,2024-01-21,C0191,UPI,Cancelled
O04510,2025-07-04,C0891,COD,Delivered
O04511,2026-01-04,C0440,UPI,Delivered
O04512,2024-04-11,C0187,COD,Delivered
O04513,2024-02-15,C0831,Net Banking,Cancelled
O04514,2024-03-06,C0367,Credit Card,Returned
O04515,2025-08-25,C0089,Debit Card,Delivered
O04516,2024-06-12,C0187,UPI,Delivered
O04517,2024-04-20,C0819,Credit Card,Cancelled
O04518,2024-12-03,C0946,UPI,Delivered
O04519,2024-05-02,C0132,Credit Card,Delivered
O04520,2025-12-05,C0872,Net Banking,Delivered
O04521,2025-03-22,C0635,UPI,Delivered
O04522,2025-09-02,C0560,Net Banking,Delivered
O04523,2024-10-17,C0800,Credit Card,Delivered
O04524,2025-11-01,C0376,Credit Card,Delivered
O04525,2025-02-15,C0691,COD,Cancelled
O04526,2025-09-06,C0692,Debit Card,Delivered
O04527,2026-06-15,C0099,Debit Card,Delivered
O04528,2024-10-07,C0842,Debit Card,Delivered
O04529,2024-02-12,C0034,COD,Delivered
O04530,2025-04-30,C0932,UPI,Delivered
O04531,2025-08-18,C0582,Debit Card,Delivered
O04532,2025-12-03,C0171,Credit Card,Delivered
O04533,2024-02-20,C0366,UPI,Delivered
O04534,2026-06-16,C0784,UPI,Delivered
O04535,2024-07-28,C0059,UPI,Delivered
O04536,2024-05-05,C0181,Credit Card,Delivered
O04537,2025-05-06,C0019,COD,Delivered
O04538,2025-05-23,C0226,Net Banking,Delivered
O04539,2025-08-03,C0473,Credit Card,Delivered
O04540,2026-02-15,C0095,UPI,Delivered
O04541,2024-09-14,C0881,UPI,Delivered
O04542,2026-07-18,C0297,Credit Card,Delivered
O04543,2024-07-06,C0593,Debit Card,Delivered
O04544,2024-08-17,C0175,UPI,Delivered
O04545,2024-07-07,C0222,Credit Card,Delivered
O04546,2025-02-18,C0615,COD,Delivered
O04547,2024-01-10,C0054,Debit Card,Delivered
O04548,2024-04-23,C0695,Net Banking,Delivered
O04549,2024-03-16,C0863,Debit Card,Delivered
O04550,2025-11-06,C0403,UPI,Delivered
O04551,2025-05-16,C0318,UPI,Cancelled
O04552,2024-03-25,C0867,Net Banking,Delivered
O04553,2024-02-18,C0349,Debit Card,Delivered
O04554,2025-05-09,C0443,Credit Card,Returned
O04555,2026-04-17,C0833,UPI,Delivered
O04556,2025-11-19,C0580,Debit Card,Returned
O04557,2025-01-21,C0540,UPI,Delivered
O04558,2025-01-23,C0786,UPI,Delivered
O04559,2024-08-05,C0282,UPI,Delivered
O04560,2025-12-01,C0360,Credit Card,Delivered
O04561,2024-12-11,C0915,UPI,Delivered
O04562,2024-08-17,C0823,UPI,Delivered
O04563,2024-09-11,C0631,Debit Card,Cancelled
O04564,2024-08-23,C0892,Credit Card,Delivered
O04565,2024-01-26,C0953,Credit Card,Delivered
O04566,2025-08-06,C0646,Credit Card,Delivered
O04567,2024-09-17,C0641,COD,Delivered
O04568,2026-02-04,C0008,UPI,Delivered
O04569,2024-09-27,C0993,UPI,Delivered
O04570,2024-05-02,C0563,Debit Card,Delivered
O04571,2025-10-17,C0491,UPI,Delivered
O04572,2024-09-13,C0341,Credit Card,Delivered
O04573,2025-10-17,C0472,Credit Card,Delivered
O04574,2025-02-24,C0793,COD,Returned
O04575,2024-09-15,C0687,COD,Delivered
O04576,2024-02-16,C0695,COD,Delivered
O04577,2026-05-12,C0704,UPI,Delivered
O04578,2025-06-08,C0249,COD,Delivered
O04579,2026-06-06,C0235,UPI,Delivered
O04580,2024-07-26,C0083,Debit Card,Delivered
O04581,2024-11-06,C0093,Debit Card,Delivered
O04582,2026-01-16,C0885,UPI,Delivered
O04583,2024-05-28,C0394,Debit Card,Delivered
O04584,2026-04-13,C0824,UPI,Delivered
O04585,2025-03-13,C0268,UPI,Delivered
O04586,2024-06-03,C0417,COD,Delivered
O04587,2025-11-08,C0632,UPI,Delivered
O04588,2024-03-30,C0583,UPI,Delivered
O04589,2025-11-28,C0529,Credit Card,Delivered
O04590,2026-04-09,C0253,COD,Delivered
O04591,2024-12-23,C0957,UPI,Delivered
O04592,2024-06-22,C0122,Credit Card,Delivered
O04593,2024-08-04,C0892,COD,Delivered
O04594,2026-06-25,C0010,UPI,Delivered
O04595,2025-03-31,C0799,UPI,Delivered
O04596,2026-02-14,C0316,Net Banking,Delivered
O04597,2025-08-31,C0838,Credit Card,Delivered
O04598,2025-09-20,C0273,Net Banking,Delivered
O04599,2024-07-17,C0306,UPI,Delivered
O04600,2026-04-11,C0805,COD,Delivered
O04601,2025-04-30,C0210,COD,Delivered
O04602,2025-06-16,C0958,UPI,Cancelled
O04603,2024-07-18,C0730,UPI,Delivered
O04604,2025-01-05,C0753,COD,Delivered
O04605,2026-05-02,C0886,Credit Card,Delivered
O04606,2025-03-23,C0464,Credit Card,Delivered
O04607,2024-09-04,C0712,Debit Card,Delivered
O04608,2026-02-26,C0728,Net Banking,Delivered
O04609,2024-09-20,C0717,Net Banking,Delivered
O04610,2024-02-27,C0925,UPI,Cancelled
O04611,2024-10-28,C0416,UPI,Delivered
O04612,2024-01-31,C0216,COD,Returned
O04613,2025-05-12,C0080,Net Banking,Delivered
O04614,2024-09-05,C0779,Debit Card,Delivered
O04615,2025-08-27,C0480,COD,Delivered
O04616,2026-02-15,C0902,Debit Card,Delivered
O04617,2024-09-27,C0891,UPI,Delivered
O04618,2025-08-28,C0547,Net Banking,Delivered
O04619,2025-10-27,C0801,Credit Card,Delivered
O04620,2025-01-28,C0018,UPI,Delivered
O04621,2026-03-07,C0165,UPI,Delivered
O04622,2025-05-16,C0525,Net Banking,Delivered
O04623,2025-08-14,C0202,COD,Returned
O04624,2026-03-14,C0741,UPI,Delivered
O04625,2024-03-24,C0346,UPI,Cancelled
O04626,2024-12-30,C0366,Credit Card,Delivered
O04627,2026-06-04,C0977,Net Banking,Delivered
O04628,2025-07-02,C0448,Debit Card,Delivered
O04629,2024-12-07,C0513,Credit Card,Delivered
O04630,2026-04-18,C0319,Debit Card,Returned
O04631,2025-02-10,C0217,UPI,Delivered
O04632,2025-02-28,C0034,Credit Card,Cancelled
O04633,2026-01-13,C0871,UPI,Delivered
O04634,2024-04-02,C0266,COD,Delivered
O04635,2026-04-27,C0640,UPI,Delivered
O04636,2025-09-05,C0724,Debit Card,Delivered
O04637,2025-02-15,C0775,UPI,Delivered
O04638,2025-03-07,C0824,Credit Card,Delivered
O04639,2025-11-08,C0080,UPI,Delivered
O04640,2024-06-07,C0677,UPI,Delivered
O04641,2024-01-14,C0413,UPI,Delivered
O04642,2025-01-07,C0252,Net Banking,Delivered
O04643,2024-08-12,C0012,Credit Card,Delivered
O04644,2025-05-19,C0401,Debit Card,Delivered
O04645,2024-03-13,C0816,Credit Card,Delivered
O04646,2024-09-05,C0724,Credit Card,Delivered
O04647,2025-05-25,C0282,Credit Card,Delivered
O04648,2025-08-25,C0112,COD,Delivered
O04649,2024-08-03,C0723,Credit Card,Returned
O04650,2025-08-24,C0378,UPI,Returned
O04651,2025-06-24,C0751,COD,Cancelled
O04652,2026-03-27,C0268,UPI,Delivered
O04653,2026-07-27,C0917,Net Banking,Delivered
O04654,2024-08-07,C0298,UPI,Cancelled
O04655,2026-04-19,C0317,Debit Card,Delivered
O04656,2025-12-27,C0570,UPI,Cancelled
O04657,2024-08-08,C0509,COD,Delivered
O04658,2025-01-23,C0950,Credit Card,Delivered
O04659,2025-07-07,C0546,UPI,Delivered
O04660,2025-10-08,C0775,UPI,Delivered
O04661,2024-02-11,C0365,Credit Card,Delivered
O04662,2025-11-06,C0547,Debit Card,Delivered
O04663,2026-05-22,C0271,Credit Card,Delivered
O04664,2024-10-09,C0961,UPI,Delivered
O04665,2024-02-27,C0474,Credit Card,Delivered
O04666,2026-03-24,C0739,Credit Card,Delivered
O04667,2026-04-13,C0537,UPI,Delivered
O04668,2025-06-20,C0234,UPI,Delivered
O04669,2024-03-13,C0059,Debit Card,Delivered
O04670,2026-06-03,C0251,COD,Cancelled
O04671,2026-07-11,C0847,UPI,Delivered
O04672,2024-05-08,C0086,Net Banking,Delivered
O04673,2025-08-21,C0763,UPI,Delivered
O04674,2026-04-21,C0390,Credit Card,Delivered
O04675,2025-03-01,C0180,Credit Card,Delivered
O04676,2025-10-26,C0719,UPI,Returned
O04677,2025-11-24,C0856,Credit Card,Delivered
O04678,2024-05-04,C0149,COD,Delivered
O04679,2024-03-07,C0583,COD,Delivered
O04680,2024-01-06,C0121,UPI,Cancelled
O04681,2025-09-28,C0765,UPI,Delivered
O04682,2024-11-09,C0605,COD,Delivered
O04683,2024-11-21,C0256,UPI,Cancelled
O04684,2025-07-18,C0766,Debit Card,Cancelled
O04685,2025-07-31,C0864,UPI,Delivered
O04686,2026-04-05,C0800,Credit Card,Delivered
O04687,2025-05-20,C0309,UPI,Delivered
O04688,2024-03-22,C0059,COD,Delivered
O04689,2025-08-21,C0069,COD,Cancelled
O04690,2024-01-02,C0446,UPI,Delivered
O04691,2024-07-22,C0388,Net Banking,Delivered
O04692,2025-10-23,C0086,Credit Card,Cancelled
O04693,2026-03-15,C0786,UPI,Delivered
O04694,2025-02-07,C0227,Net Banking,Delivered
O04695,2024-04-12,C0593,Credit Card,Delivered
O04696,2025-06-19,C0626,UPI,Delivered
O04697,2025-01-02,C0184,UPI,Returned
O04698,2024-07-30,C0792,COD,Delivered
O04699,2025-07-30,C0322,COD,Delivered
O04700,2024-07-27,C0909,Net Banking,Returned
O04701,2026-02-01,C0318,UPI,Returned
O04702,2026-06-15,C0566,Net Banking,Delivered
O04703,2024-04-26,C0399,UPI,Delivered
O04704,2025-09-19,C0709,COD,Delivered
O04705,2026-01-18,C0899,UPI,Delivered
O04706,2025-04-22,C0293,Credit Card,Delivered
O04707,2024-04-14,C0293,Credit Card,Delivered
O04708,2025-05-09,C0485,Net Banking,Delivered
O04709,2026-02-09,C0899,Net Banking,Delivered
O04710,2024-02-15,C0447,Credit Card,Cancelled
O04711,2026-04-02,C0803,Credit Card,Delivered
O04712,2024-11-26,C0692,Net Banking,Delivered
O04713,2024-08-03,C0983,UPI,Delivered
O04714,2025-05-06,C0892,Net Banking,Delivered
O04715,2026-03-23,C0412,COD,Delivered
O04716,2026-07-10,C0508,UPI,Delivered
O04717,2026-04-24,C0734,UPI,Delivered
O04718,2025-03-24,C0786,UPI,Delivered
O04719,2025-06-19,C0890,UPI,Cancelled
O04720,2025-05-25,C0244,Credit Card,Cancelled
O04721,2025-04-02,C0420,Debit Card,Delivered
O04722,2025-06-30,C0929,Credit Card,Delivered
O04723,2025-06-19,C0960,UPI,Delivered
O04724,2025-06-23,C0154,Debit Card,Delivered
O04725,2025-04-28,C0816,Debit Card,Delivered
O04726,2024-01-16,C0424,COD,Delivered
O04727,2025-07-24,C0273,UPI,Delivered
O04728,2024-08-30,C0936,Debit Card,Delivered
O04729,2024-07-25,C0647,COD,Delivered
O04730,2026-06-30,C0825,Credit Card,Returned
O04731,2024-09-27,C0520,Credit Card,Delivered
O04732,2026-01-30,C0128,UPI,Delivered
O04733,2026-02-17,C0373,COD,Delivered
O04734,2025-12-05,C0568,Credit Card,Delivered
O04735,2026-04-26,C0638,COD,Delivered
O04736,2025-12-30,C0159,Net Banking,Delivered
O04737,2024-04-24,C0571,Credit Card,Delivered
O04738,2025-08-02,C0570,Credit Card,Delivered
O04739,2024-10-25,C0652,UPI,Delivered
O04740,2026-04-16,C0176,UPI,Delivered
O04741,2025-04-27,C0927,Debit Card,Delivered
O04742,2025-01-31,C0620,Debit Card,Delivered
O04743,2025-01-28,C0211,Credit Card,Delivered
O04744,2024-03-15,C0447,Net Banking,Cancelled
O04745,2025-04-26,C0586,UPI,Returned
O04746,2024-04-12,C0167,Credit Card,Delivered
O04747,2024-10-23,C0460,Credit Card,Delivered
O04748,2024-06-26,C0916,UPI,Delivered
O04749,2024-08-02,C0357,COD,Delivered
O04750,2024-11-10,C0304,Debit Card,Delivered
O04751,2024-02-08,C0233,Credit Card,Delivered
O04752,2024-09-15,C0327,Credit Card,Delivered
O04753,2025-12-16,C0884,UPI,Delivered
O04754,2024-01-07,C0182,Credit Card,Delivered
O04755,2024-02-18,C0634,Debit Card,Delivered
O04756,2025-06-21,C0334,COD,Delivered
O04757,2024-06-09,C0715,Net Banking,Delivered
O04758,2026-05-18,C0967,UPI,Cancelled
O04759,2024-06-24,C0029,Credit Card,Delivered
O04760,2025-08-13,C0714,UPI,Delivered
O04761,2024-01-02,C0093,UPI,Cancelled
O04762,2026-06-13,C0841,Credit Card,Delivered
O04763,2025-03-30,C0868,Credit Card,Delivered
O04764,2026-07-16,C0688,UPI,Delivered
O04765,2025-10-05,C0330,Debit Card,Delivered
O04766,2024-10-02,C0723,Debit Card,Delivered
O04767,2025-05-12,C0184,UPI,Delivered
O04768,2025-09-20,C0095,Net Banking,Delivered
O04769,2025-11-06,C0785,UPI,Delivered
O04770,2026-03-10,C0649,Credit Card,Delivered
O04771,2024-01-28,C0749,Net Banking,Delivered
O04772,2024-11-28,C0353,Credit Card,Returned
O04773,2024-01-01,C0930,COD,Returned
O04774,2024-07-06,C0941,UPI,Delivered
O04775,2024-02-25,C0984,Credit Card,Delivered
O04776,2025-06-30,C0265,Credit Card,Delivered
O04777,2024-04-21,C0647,Debit Card,Delivered
O04778,2026-03-08,C0656,Net Banking,Delivered
O04779,2024-11-05,C0019,Debit Card,Delivered
O04780,2024-02-05,C0743,Net Banking,Delivered
O04781,2025-03-14,C0646,UPI,Delivered
O04782,2025-12-29,C0626,Credit Card,Delivered
O04783,2025-08-14,C0499,Debit Card,Delivered
O04784,2026-04-05,C0139,Credit Card,Delivered
O04785,2025-08-17,C0637,COD,Delivered
O04786,2025-07-30,C0716,UPI,Delivered
O04787,2024-11-20,C0573,Credit Card,Cancelled
O04788,2025-10-01,C0762,Credit Card,Delivered
O04789,2024-11-02,C0810,COD,Delivered
O04790,2025-06-17,C0525,COD,Returned
O04791,2025-12-28,C0908,UPI,Delivered
O04792,2025-09-10,C0255,UPI,Delivered
O04793,2024-04-18,C0085,Credit Card,Delivered
O04794,2025-01-06,C0458,Credit Card,Delivered
O04795,2024-12-22,C0532,COD,Delivered
O04796,2024-06-29,C0562,Credit Card,Delivered
O04797,2024-12-21,C0676,UPI,Delivered
O04798,2025-11-06,C0092,Credit Card,Delivered
O04799,2024-03-08,C0600,Credit Card,Delivered
O04800,2024-10-18,C0069,Net Banking,Returned
O04801,2025-11-22,C0037,UPI,Delivered
O04802,2024-06-29,C0765,UPI,Delivered
O04803,2025-04-10,C0764,COD,Delivered
O04804,2025-03-09,C0140,UPI,Delivered
O04805,2025-04-08,C0867,Debit Card,Returned
O04806,2025-11-11,C0893,Credit Card,Delivered
O04807,2026-07-02,C0680,Credit Card,Delivered
O04808,2025-06-17,C0566,UPI,Delivered
O04809,2024-03-06,C0898,UPI,Delivered
O04810,2024-01-21,C0178,Credit Card,Delivered
O04811,2025-09-03,C0809,UPI,Delivered
O04812,2025-01-18,C0813,Credit Card,Delivered
O04813,2026-03-22,C0871,UPI,Delivered
O04814,2025-09-06,C0618,Debit Card,Delivered
O04815,2025-07-12,C0137,COD,Delivered
O04816,2024-02-08,C0190,UPI,Delivered
O04817,2024-10-11,C0640,UPI,Delivered
O04818,2026-04-01,C0342,Net Banking,Delivered
O04819,2025-08-24,C0559,Debit Card,Delivered
O04820,2025-08-19,C0005,UPI,Delivered
O04821,2026-02-23,C0972,Credit Card,Delivered
O04822,2024-12-01,C0257,UPI,Delivered
O04823,2024-07-06,C0812,UPI,Delivered
O04824,2025-11-01,C0662,COD,Delivered
O04825,2024-08-30,C0806,Net Banking,Delivered
O04826,2024-03-13,C0243,Debit Card,Delivered
O04827,2025-04-23,C0787,UPI,Delivered
O04828,2025-07-14,C0720,UPI,Delivered
O04829,2024-04-10,C0415,COD,Delivered
O04830,2025-05-28,C0627,UPI,Delivered
O04831,2026-01-25,C0707,Credit Card,Delivered
O04832,2024-06-24,C0343,UPI,Delivered
O04833,2024-08-25,C0682,Credit Card,Delivered
O04834,2026-06-28,C0379,UPI,Delivered
O04835,2024-02-28,C0594,UPI,Delivered
O04836,2026-05-14,C0666,COD,Delivered
O04837,2024-04-08,C0653,Debit Card,Delivered
O04838,2026-05-20,C0826,UPI,Returned
O04839,2025-05-09,C0146,Debit Card,Delivered
O04840,2025-05-28,C0323,UPI,Delivered
O04841,2026-01-24,C0122,Credit Card,Delivered
O04842,2024-10-23,C0252,Debit Card,Delivered
O04843,2024-07-29,C0855,UPI,Delivered
O04844,2024-05-02,C0899,Credit Card,Cancelled
O04845,2024-08-16,C0311,Debit Card,Delivered
O04846,2025-08-16,C0601,COD,Returned
O04847,2025-10-17,C0475,Credit Card,Delivered
O04848,2025-01-22,C0570,UPI,Delivered
O04849,2024-05-19,C0492,UPI,Delivered
O04850,2025-06-24,C0575,Credit Card,Cancelled
O04851,2025-01-25,C0347,UPI,Delivered
O04852,2024-09-26,C0820,Credit Card,Delivered
O04853,2026-01-28,C0487,Debit Card,Delivered
O04854,2024-01-12,C0473,UPI,Delivered
O04855,2026-05-16,C0382,UPI,Delivered
O04856,2025-01-23,C0280,Credit Card,Delivered
O04857,2024-12-02,C0072,UPI,Returned
O04858,2025-05-20,C0521,COD,Delivered
O04859,2024-04-15,C0366,Credit Card,Delivered
O04860,2024-02-01,C0933,COD,Delivered
O04861,2024-03-14,C0094,COD,Delivered
O04862,2024-06-19,C0373,Net Banking,Delivered
O04863,2026-04-28,C0339,UPI,Delivered
O04864,2024-03-09,C0437,COD,Delivered
O04865,2026-03-23,C0336,UPI,Delivered
O04866,2024-12-27,C0664,UPI,Delivered
O04867,2025-10-10,C0492,Credit Card,Returned
O04868,2025-03-08,C0917,UPI,Delivered
O04869,2026-07-17,C0868,UPI,Delivered
O04870,2024-04-09,C0040,UPI,Delivered
O04871,2025-10-19,C0359,UPI,Delivered
O04872,2024-01-09,C0574,Debit Card,Delivered
O04873,2025-07-27,C0254,UPI,Delivered
O04874,2025-11-27,C0966,Credit Card,Cancelled
O04875,2024-01-29,C0581,COD,Delivered
O04876,2026-06-11,C0398,Credit Card,Delivered
O04877,2024-04-23,C0757,Debit Card,Delivered
O04878,2025-04-06,C0877,COD,Delivered
O04879,2026-07-09,C0170,UPI,Delivered
O04880,2024-05-22,C0690,Credit Card,Delivered
O04881,2025-01-24,C0701,COD,Delivered
O04882,2025-09-23,C0511,COD,Delivered
O04883,2025-11-12,C0260,Debit Card,Delivered
O04884,2024-06-05,C0584,UPI,Delivered
O04885,2024-11-30,C0984,COD,Delivered
O04886,2026-05-10,C0459,UPI,Returned
O04887,2024-09-16,C0529,Credit Card,Delivered
O04888,2024-03-22,C0882,Credit Card,Delivered
O04889,2026-01-23,C0341,Credit Card,Delivered
O04890,2025-03-16,C0057,Net Banking,Delivered
O04891,2024-06-20,C0218,Net Banking,Delivered
O04892,2024-08-18,C0619,Debit Card,Delivered
O04893,2025-12-20,C0816,UPI,Delivered
O04894,2024-03-15,C0940,Credit Card,Delivered
O04895,2024-09-26,C0685,Debit Card,Delivered
O04896,2026-06-17,C0731,Credit Card,Delivered
O04897,2025-09-17,C0464,COD,Delivered
O04898,2024-03-02,C0247,Net Banking,Delivered
O04899,2026-05-23,C0730,Debit Card,Delivered
O04900,2024-11-15,C0373,UPI,Delivered
O04901,2024-04-11,C0417,Debit Card,Cancelled
O04902,2025-03-04,C0031,COD,Delivered
O04903,2026-05-23,C0368,Credit Card,Delivered
O04904,2025-12-22,C0559,Net Banking,Delivered
O04905,2024-09-11,C0646,UPI,Delivered
O04906,2025-06-15,C0108,Credit Card,Delivered
O04907,2025-07-23,C0584,Debit Card,Delivered
O04908,2024-04-21,C0839,Debit Card,Delivered
O04909,2024-11-08,C0418,COD,Delivered
O04910,2025-04-05,C0620,UPI,Delivered
O04911,2025-12-08,C0821,UPI,Delivered
O04912,2026-06-05,C0398,Debit Card,Delivered
O04913,2025-04-06,C0272,UPI,Cancelled
O04914,2026-05-14,C0683,Credit Card,Delivered
O04915,2024-04-01,C0116,UPI,Delivered
O04916,2024-02-21,C0841,UPI,Delivered
O04917,2026-03-15,C0586,Debit Card,Delivered
O04918,2025-06-03,C0256,Debit Card,Delivered
O04919,2026-03-22,C0081,UPI,Delivered
O04920,2024-04-07,C0780,UPI,Delivered
O04921,2024-08-23,C0128,UPI,Delivered
O04922,2026-06-19,C0838,Credit Card,Delivered
O04923,2025-01-08,C0915,UPI,Delivered
O04924,2025-08-03,C0235,Credit Card,Delivered
O04925,2026-07-15,C0553,Debit Card,Delivered
O04926,2025-07-10,C0181,Debit Card,Delivered
O04927,2025-10-10,C0157,UPI,Delivered
O04928,2024-08-21,C0454,Debit Card,Delivered
O04929,2024-02-01,C0571,COD,Delivered
O04930,2024-10-15,C0857,UPI,Delivered
O04931,2025-09-29,C0761,UPI,Delivered
O04932,2025-08-01,C0704,Credit Card,Cancelled
O04933,2025-06-25,C0024,UPI,Delivered
O04934,2024-04-23,C0473,Debit Card,Delivered
O04935,2024-07-22,C0400,Net Banking,Delivered
O04936,2024-01-29,C0948,Credit Card,Delivered
O04937,2025-10-04,C0592,Debit Card,Delivered
O04938,2025-04-18,C0134,Debit Card,Delivered
O04939,2025-11-27,C0421,UPI,Delivered
O04940,2024-09-09,C0213,UPI,Delivered
O04941,2026-03-08,C0900,COD,Returned
O04942,2026-06-23,C0482,COD,Delivered
O04943,2026-07-10,C0348,Net Banking,Returned
O04944,2025-01-20,C0166,COD,Delivered
O04945,2024-03-02,C0937,UPI,Delivered
O04946,2025-05-29,C0348,UPI,Delivered
O04947,2025-03-05,C0849,Credit Card,Delivered
O04948,2025-08-02,C0398,UPI,Delivered
O04949,2025-06-20,C0583,Net Banking,Delivered
O04950,2025-11-21,C0726,COD,Cancelled
O04951,2024-05-20,C0435,Net Banking,Delivered
O04952,2026-01-12,C0577,Credit Card,Delivered
O04953,2024-10-26,C0221,UPI,Delivered
O04954,2025-11-05,C0308,UPI,Delivered
O04955,2024-11-06,C0991,Credit Card,Delivered
O04956,2025-04-15,C0798,Debit Card,Delivered
O04957,2025-01-27,C0697,Credit Card,Delivered
O04958,2025-10-03,C0719,COD,Delivered
O04959,2025-03-20,C0466,COD,Delivered
O04960,2026-01-27,C0099,UPI,Delivered
O04961,2026-03-19,C0242,UPI,Delivered
O04962,2024-06-20,C0158,Debit Card,Delivered
O04963,2025-07-29,C0610,UPI,Cancelled
O04964,2024-01-31,C0554,Net Banking,Delivered
O04965,2024-02-16,C0651,Credit Card,Delivered
O04966,2024-05-09,C0795,UPI,Delivered
O04967,2024-12-17,C0920,Credit Card,Delivered
O04968,2026-04-24,C0227,Credit Card,Delivered
O04969,2025-09-13,C0423,COD,Cancelled
O04970,2025-08-03,C0072,UPI,Delivered
O04971,2024-02-27,C0243,COD,Delivered
O04972,2024-04-15,C0530,Debit Card,Delivered
O04973,2026-03-22,C0589,Debit Card,Delivered
O04974,2024-11-25,C0045,UPI,Delivered
O04975,2026-02-06,C0472,Debit Card,Delivered
O04976,2026-04-03,C0371,Credit Card,Delivered
O04977,2025-11-13,C0855,Credit Card,Delivered
O04978,2025-01-17,C0652,Net Banking,Delivered
O04979,2024-06-10,C0689,Credit Card,Delivered
O04980,2024-10-12,C0734,COD,Delivered
O04981,2024-03-11,C0927,UPI,Delivered
O04982,2026-02-05,C0092,Net Banking,Cancelled
O04983,2025-03-29,C0022,UPI,Delivered
O04984,2026-06-04,C0172,Net Banking,Delivered
O04985,2025-07-20,C0604,COD,Delivered
O04986,2026-04-14,C0192,UPI,Delivered
O04987,2025-01-31,C0077,Credit Card,Delivered
O04988,2025-05-29,C0281,Debit Card,Delivered
O04989,2024-01-26,C0364,UPI,Delivered
O04990,2024-11-08,C0179,Credit Card,Delivered
O04991,2024-05-05,C0238,Credit Card,Delivered
O04992,2025-02-11,C0135,COD,Delivered
O04993,2025-07-18,C0877,COD,Delivered
O04994,2024-07-16,C0902,Debit Card,Delivered
O04995,2026-03-21,C0280,Debit Card,Delivered
O04996,2024-07-06,C0019,Debit Card,Delivered
O04997,2025-11-28,C0595,Credit Card,Cancelled
O04998,2026-03-27,C0740,Credit Card,Delivered
O04999,2026-03-20,C0371,Credit Card,Delivered
O05000,2025-12-16,C0777,COD,Delivered
